Godot Engine v4.6.1.stable.official.14d19694e - https://godotengine.org

[color=green]Console Initialized. Press ~ to collapse.[/color]
[CampaignManager] Successfully loaded ship_names.json dictionary.
[MainMenu] Auto-Joining match...
Connecting to ws://127.0.0.1:7000
[NetworkManager] Starting Game RPC received.
WARNING: res://Scenes/Main.tscn:3 - ext_resource, invalid UID: uid://cvru4lxy5bnj1 - using text path instead: res://Scripts/GameManager.gd
     at: load (scene/resources/resource_format_text.cpp:500)
     GDScript backtrace (most recent call first):
         [0] start_game_rpc (res://Scripts/NetworkManager.gd:180)
[DEBUG] _build_repair_panel called
[Peer: 440931918] [Turn 1] [DEBUG] Initializing repair_panel
[Peer: 440931918] [Turn 1] Game Setup Received: Seed 3979077343
[Peer: 440931918] [Turn 1] Loading Scenario: Battle of Ken'zah
[DEBUG] Ship Ken'zah Station loaded with Orbit Dir 1
[Peer: 440931918] [Turn 1] Fighter A docked at Ken'zah Station
[Peer: 440931918] [Turn 1] Fighter B docked at Ken'zah Station
[Peer: 440931918] [Turn 1] Fighter C docked at Ken'zah Station
[Peer: 440931918] [Turn 1] Fighter D docked at Ken'zah Station
[Peer: 440931918] [Turn 1] Fighter E docked at Ken'zah Station
[Peer: 440931918] [Turn 1] Fighter F docked at Ken'zah Station
[Peer: 440931918] [Turn 1] Sathar Fighter A docked at Maelstrom
[Peer: 440931918] [Turn 1] Sathar Fighter B docked at Maelstrom
[Peer: 440931918] [Turn 1] Sathar Fighter C docked at Maelstrom
[Peer: 440931918] [Turn 1] Sathar Fighter D docked at Maelstrom
[Peer: 440931918] [Turn 1] Sathar Fighter E docked at Maelstrom
[Peer: 440931918] [Turn 1] Sathar Fighter F docked at Maelstrom
[Peer: 440931918] [Turn 1] [color=cyan]=== DEPLOYMENT Phase ===[/color]
[Peer: 440931918] [Turn 1] [color=yellow]AI Spawning for Side 2 (Sathar: true)[/color]
[DEBUG] _update_deployment_ui called - Subphase: 1, my_side_id: 2
[Peer: 440931918] [Turn 1] Side 2 is now Deploying.
[DEBUG] _update_deployment_ui called - Subphase: 2, my_side_id: 2
[Peer: 440931918] [Turn 1] AI Auto-Deploying Ships...
[Peer: 440931918] [Turn 1] Deployment Complete. Starting Turn 1.
[Peer: 440931918] [Turn 1] === Turn Start: Side UPF ===
DEBUG: Rejected Maelstrom Side:2 CurSide:1 Moved:false
DEBUG: Rejected Carrion Side:2 CurSide:1 Moved:false
DEBUG: Rejected Deathstroke Side:2 CurSide:1 Moved:false
DEBUG: Rejected Bludgeon Side:2 CurSide:1 Moved:false
DEBUG: Rejected Viper Side:2 CurSide:1 Moved:false
DEBUG: Rejected Sathar Fighter A Side:2 CurSide:1 Moved:false
DEBUG: Rejected Sathar Fighter B Side:2 CurSide:1 Moved:false
DEBUG: Rejected Sathar Fighter C Side:2 CurSide:1 Moved:false
DEBUG: Rejected Sathar Fighter D Side:2 CurSide:1 Moved:false
DEBUG: Rejected Sathar Fighter E Side:2 CurSide:1 Moved:false
DEBUG: Rejected Sathar Fighter F Side:2 CurSide:1 Moved:false
DEBUG: start_movement_phase. Side: 1 Available: 12
DEBUG: First available: Ken'zah Station ID: 1 Moved: false
DEBUG: Auto-Orbit Candidate Found: Ken'zah Station (Class: Space Station, Orbit: 1)
[Peer: 440931918] [Turn 1] Synced Orders for Ken'zah Station
[Peer: 440931918] [Turn 1] Synced Orders for Z'Rak't Zoz
[Peer: 440931918] [Turn 1] Synced Orders for Shimmer
[Peer: 440931918] [Turn 1] Synced Orders for Zz'Nakk'T
[Peer: 440931918] [Turn 1] Synced Orders for Rapier
[Peer: 440931918] [Turn 1] Synced Orders for Lancet
[Peer: 440931918] [Turn 1] Synced Orders for Fighter A
[Peer: 440931918] [Turn 1] Synced Orders for Fighter B
[Peer: 440931918] [Turn 1] Synced Orders for Fighter C
[Peer: 440931918] [Turn 1] Synced Orders for Fighter D
[Peer: 440931918] [Turn 1] Synced Orders for Fighter E
[Peer: 440931918] [Turn 1] Synced Orders for Fighter F
>>> DIAGNOSTIC: execute_all_movement running for side: 1 on peer: 440931918
[Peer: 440931918] [Turn 1] Executing Movement Phase for Side UPF
[Peer: 440931918] [Turn 1] [color=yellow]EXECUTE LOOP: Checking Ship Ken'zah Station (Class: Space Station, Mines: 0)[/color]
[Peer: 440931918] [Turn 1] [color=yellow]EXECUTE LOOP: Checking Ship Z'Rak't Zoz (Class: Minelayer, Mines: 0)[/color]
[Peer: 440931918] [Turn 1] [color=yellow]EXECUTE LOOP: Checking Ship Shimmer (Class: Frigate, Mines: 0)[/color]
[Peer: 440931918] [Turn 1] [color=yellow]EXECUTE LOOP: Checking Ship Zz'Nakk'T (Class: Frigate, Mines: 0)[/color]
[Peer: 440931918] [Turn 1] [color=yellow]EXECUTE LOOP: Checking Ship Rapier (Class: Assault Scout, Mines: 0)[/color]
[Peer: 440931918] [Turn 1] [color=red]Rapier crashed into a planet![/color]
[Peer: 440931918] [Turn 1] Ship destroyed: Rapier
[Peer: 440931918] [Turn 1] [color=yellow]EXECUTE LOOP: Checking Ship Fighter A (Class: Fighter, Mines: 0)[/color]
[Peer: 440931918] [Turn 1] Fighter A undocking from Ken'zah Station.
[Peer: 440931918] [Turn 1] [color=yellow]EXECUTE LOOP: Checking Ship Fighter B (Class: Fighter, Mines: 0)[/color]
[Peer: 440931918] [Turn 1] Fighter B undocking from Ken'zah Station.
[Peer: 440931918] [Turn 1] [color=yellow]EXECUTE LOOP: Checking Ship Fighter C (Class: Fighter, Mines: 0)[/color]
[Peer: 440931918] [Turn 1] Fighter C undocking from Ken'zah Station.
[Peer: 440931918] [Turn 1] [color=yellow]EXECUTE LOOP: Checking Ship Fighter D (Class: Fighter, Mines: 0)[/color]
[Peer: 440931918] [Turn 1] Fighter D undocking from Ken'zah Station.
[Peer: 440931918] [Turn 1] [color=yellow]EXECUTE LOOP: Checking Ship Fighter E (Class: Fighter, Mines: 0)[/color]
[Peer: 440931918] [Turn 1] Fighter E undocking from Ken'zah Station.
[Peer: 440931918] [Turn 1] [color=yellow]EXECUTE LOOP: Checking Ship Fighter F (Class: Fighter, Mines: 0)[/color]
[Peer: 440931918] [Turn 1] Fighter F undocking from Ken'zah Station.
>>> DIAGNOSTIC: Entering Mine Detonations. Active Mines: 20 on peer: 440931918
[Peer: 440931918] [Turn 1] [color=cyan]!!! DEBUG !!! Entering Mine Detonations. Active Mines: 20[/color]
[Peer: 440931918] [Turn 1] [color=cyan]  Mine at (-4.000000, 8.000000, -4.000000) (Side 1)[/color]
[Peer: 440931918] [Turn 1] [color=cyan]  Mine at (-4.000000, -4.000000, 8.000000) (Side 1)[/color]
[Peer: 440931918] [Turn 1] [color=cyan]  Mine at (-1.000000, -6.000000, 7.000000) (Side 1)[/color]
[Peer: 440931918] [Turn 1] [color=cyan]  Mine at (9.000000, -1.000000, -8.000000) (Side 1)[/color]
[Peer: 440931918] [Turn 1] [color=cyan]  Mine at (-9.000000, 0.000000, 9.000000) (Side 1)[/color]
[Peer: 440931918] [Turn 1] [color=cyan]  Mine at (-9.000000, 1.000000, 8.000000) (Side 1)[/color]
[Peer: 440931918] [Turn 1] [color=cyan]  Mine at (-8.000000, 7.000000, 1.000000) (Side 1)[/color]
[Peer: 440931918] [Turn 1] [color=cyan]  Mine at (8.000000, -9.000000, 1.000000) (Side 1)[/color]
[Peer: 440931918] [Turn 1] [color=cyan]  Mine at (6.000000, -7.000000, 1.000000) (Side 1)[/color]
[Peer: 440931918] [Turn 1] [color=cyan]  Mine at (7.000000, 0.000000, -7.000000) (Side 1)[/color]
[Peer: 440931918] [Turn 1] [color=cyan]  Mine at (-8.000000, 3.000000, 5.000000) (Side 1)[/color]
[Peer: 440931918] [Turn 1] [color=cyan]  Mine at (-7.000000, 1.000000, 6.000000) (Side 1)[/color]
[Peer: 440931918] [Turn 1] [color=cyan]  Mine at (-7.000000, 7.000000, 0.000000) (Side 1)[/color]
[Peer: 440931918] [Turn 1] [color=cyan]  Mine at (-2.000000, 9.000000, -7.000000) (Side 1)[/color]
[Peer: 440931918] [Turn 1] [color=cyan]  Mine at (0.000000, 7.000000, -7.000000) (Side 1)[/color]
[Peer: 440931918] [Turn 1] [color=cyan]  Mine at (-5.000000, 8.000000, -3.000000) (Side 1)[/color]
[Peer: 440931918] [Turn 1] [color=cyan]  Mine at (-3.000000, -6.000000, 9.000000) (Side 1)[/color]
[Peer: 440931918] [Turn 1] [color=cyan]  Mine at (-4.000000, -3.000000, 7.000000) (Side 1)[/color]
[Peer: 440931918] [Turn 1] [color=cyan]  Mine at (6.000000, -9.000000, 3.000000) (Side 1)[/color]
[Peer: 440931918] [Turn 1] [color=cyan]  Mine at (-7.000000, 4.000000, 3.000000) (Side 1)[/color]
[Peer: 440931918] [Turn 1] [color=cyan]  Checking ship Maelstrom (Side 2) at (9.000000, -20.000000, 11.000000) with path [][/color]
[Peer: 440931918] [Turn 1] [color=cyan]  Checking ship Carrion (Side 2) at (8.000000, -20.000000, 12.000000) with path [][/color]
[Peer: 440931918] [Turn 1] [color=cyan]  Checking ship Deathstroke (Side 2) at (7.000000, -20.000000, 13.000000) with path [][/color]
[Peer: 440931918] [Turn 1] [color=cyan]  Checking ship Bludgeon (Side 2) at (5.000000, -20.000000, 15.000000) with path [][/color]
[Peer: 440931918] [Turn 1] [color=cyan]  Checking ship Viper (Side 2) at (6.000000, -20.000000, 14.000000) with path [][/color]
[Peer: 440931918] [Turn 1] [color=cyan]  Checking ship Sathar Fighter A (Side 2) at (9.000000, -20.000000, 11.000000) with path [][/color]
[Peer: 440931918] [Turn 1] [color=cyan]  Checking ship Sathar Fighter B (Side 2) at (9.000000, -20.000000, 11.000000) with path [][/color]
[Peer: 440931918] [Turn 1] [color=cyan]  Checking ship Sathar Fighter C (Side 2) at (9.000000, -20.000000, 11.000000) with path [][/color]
[Peer: 440931918] [Turn 1] [color=cyan]  Checking ship Sathar Fighter D (Side 2) at (9.000000, -20.000000, 11.000000) with path [][/color]
[Peer: 440931918] [Turn 1] [color=cyan]  Checking ship Sathar Fighter E (Side 2) at (9.000000, -20.000000, 11.000000) with path [][/color]
[Peer: 440931918] [Turn 1] [color=cyan]  Checking ship Sathar Fighter F (Side 2) at (9.000000, -20.000000, 11.000000) with path [][/color]
[Peer: 440931918] [Turn 1] Mines check complete. Hit ships size: 0
[Peer: 440931918] [Turn 1] [color=cyan]  Checking ship Maelstrom (Side 2) at (9.000000, -20.000000, 11.000000) with path [][/color]
[Peer: 440931918] [Turn 1] [color=cyan]  Checking ship Carrion (Side 2) at (8.000000, -20.000000, 12.000000) with path [][/color]
[Peer: 440931918] [Turn 1] [color=cyan]  Checking ship Deathstroke (Side 2) at (7.000000, -20.000000, 13.000000) with path [][/color]
[Peer: 440931918] [Turn 1] [color=cyan]  Checking ship Bludgeon (Side 2) at (5.000000, -20.000000, 15.000000) with path [][/color]
[Peer: 440931918] [Turn 1] [color=cyan]  Checking ship Viper (Side 2) at (6.000000, -20.000000, 14.000000) with path [][/color]
[Peer: 440931918] [Turn 1] [color=cyan]  Checking ship Sathar Fighter A (Side 2) at (9.000000, -20.000000, 11.000000) with path [][/color]
[Peer: 440931918] [Turn 1] [color=cyan]  Checking ship Sathar Fighter B (Side 2) at (9.000000, -20.000000, 11.000000) with path [][/color]
[Peer: 440931918] [Turn 1] [color=cyan]  Checking ship Sathar Fighter C (Side 2) at (9.000000, -20.000000, 11.000000) with path [][/color]
[Peer: 440931918] [Turn 1] [color=cyan]  Checking ship Sathar Fighter D (Side 2) at (9.000000, -20.000000, 11.000000) with path [][/color]
[Peer: 440931918] [Turn 1] [color=cyan]  Checking ship Sathar Fighter E (Side 2) at (9.000000, -20.000000, 11.000000) with path [][/color]
[Peer: 440931918] [Turn 1] [color=cyan]  Checking ship Sathar Fighter F (Side 2) at (9.000000, -20.000000, 11.000000) with path [][/color]
[Peer: 440931918] [Turn 1] Mines check complete. Hit ships size: 0
[Peer: 440931918] [Turn 1] [color=cyan]  Checking ship Maelstrom (Side 2) at (9.000000, -20.000000, 11.000000) with path [][/color]
[Peer: 440931918] [Turn 1] [color=cyan]  Checking ship Carrion (Side 2) at (8.000000, -20.000000, 12.000000) with path [][/color]
[Peer: 440931918] [Turn 1] [color=cyan]  Checking ship Deathstroke (Side 2) at (7.000000, -20.000000, 13.000000) with path [][/color]
[Peer: 440931918] [Turn 1] [color=cyan]  Checking ship Bludgeon (Side 2) at (5.000000, -20.000000, 15.000000) with path [][/color]
[Peer: 440931918] [Turn 1] [color=cyan]  Checking ship Viper (Side 2) at (6.000000, -20.000000, 14.000000) with path [][/color]
[Peer: 440931918] [Turn 1] [color=cyan]  Checking ship Sathar Fighter A (Side 2) at (9.000000, -20.000000, 11.000000) with path [][/color]
[Peer: 440931918] [Turn 1] [color=cyan]  Checking ship Sathar Fighter B (Side 2) at (9.000000, -20.000000, 11.000000) with path [][/color]
[Peer: 440931918] [Turn 1] [color=cyan]  Checking ship Sathar Fighter C (Side 2) at (9.000000, -20.000000, 11.000000) with path [][/color]
[Peer: 440931918] [Turn 1] [color=cyan]  Checking ship Sathar Fighter D (Side 2) at (9.000000, -20.000000, 11.000000) with path [][/color]
[Peer: 440931918] [Turn 1] [color=cyan]  Checking ship Sathar Fighter E (Side 2) at (9.000000, -20.000000, 11.000000) with path [][/color]
[Peer: 440931918] [Turn 1] [color=cyan]  Checking ship Sathar Fighter F (Side 2) at (9.000000, -20.000000, 11.000000) with path [][/color]
[Peer: 440931918] [Turn 1] Mines check complete. Hit ships size: 0
[Peer: 440931918] [Turn 1] [color=cyan]  Checking ship Maelstrom (Side 2) at (9.000000, -20.000000, 11.000000) with path [][/color]
[Peer: 440931918] [Turn 1] [color=cyan]  Checking ship Carrion (Side 2) at (8.000000, -20.000000, 12.000000) with path [][/color]
[Peer: 440931918] [Turn 1] [color=cyan]  Checking ship Deathstroke (Side 2) at (7.000000, -20.000000, 13.000000) with path [][/color]
[Peer: 440931918] [Turn 1] [color=cyan]  Checking ship Bludgeon (Side 2) at (5.000000, -20.000000, 15.000000) with path [][/color]
[Peer: 440931918] [Turn 1] [color=cyan]  Checking ship Viper (Side 2) at (6.000000, -20.000000, 14.000000) with path [][/color]
[Peer: 440931918] [Turn 1] [color=cyan]  Checking ship Sathar Fighter A (Side 2) at (9.000000, -20.000000, 11.000000) with path [][/color]
[Peer: 440931918] [Turn 1] [color=cyan]  Checking ship Sathar Fighter B (Side 2) at (9.000000, -20.000000, 11.000000) with path [][/color]
[Peer: 440931918] [Turn 1] [color=cyan]  Checking ship Sathar Fighter C (Side 2) at (9.000000, -20.000000, 11.000000) with path [][/color]
[Peer: 440931918] [Turn 1] [color=cyan]  Checking ship Sathar Fighter D (Side 2) at (9.000000, -20.000000, 11.000000) with path [][/color]
[Peer: 440931918] [Turn 1] [color=cyan]  Checking ship Sathar Fighter E (Side 2) at (9.000000, -20.000000, 11.000000) with path [][/color]
[Peer: 440931918] [Turn 1] [color=cyan]  Checking ship Sathar Fighter F (Side 2) at (9.000000, -20.000000, 11.000000) with path [][/color]
[Peer: 440931918] [Turn 1] Mines check complete. Hit ships size: 0
[Peer: 440931918] [Turn 1] [color=cyan]  Checking ship Maelstrom (Side 2) at (9.000000, -20.000000, 11.000000) with path [][/color]
[Peer: 440931918] [Turn 1] [color=cyan]  Checking ship Carrion (Side 2) at (8.000000, -20.000000, 12.000000) with path [][/color]
[Peer: 440931918] [Turn 1] [color=cyan]  Checking ship Deathstroke (Side 2) at (7.000000, -20.000000, 13.000000) with path [][/color]
[Peer: 440931918] [Turn 1] [color=cyan]  Checking ship Bludgeon (Side 2) at (5.000000, -20.000000, 15.000000) with path [][/color]
[Peer: 440931918] [Turn 1] [color=cyan]  Checking ship Viper (Side 2) at (6.000000, -20.000000, 14.000000) with path [][/color]
[Peer: 440931918] [Turn 1] [color=cyan]  Checking ship Sathar Fighter A (Side 2) at (9.000000, -20.000000, 11.000000) with path [][/color]
[Peer: 440931918] [Turn 1] [color=cyan]  Checking ship Sathar Fighter B (Side 2) at (9.000000, -20.000000, 11.000000) with path [][/color]
[Peer: 440931918] [Turn 1] [color=cyan]  Checking ship Sathar Fighter C (Side 2) at (9.000000, -20.000000, 11.000000) with path [][/color]
[Peer: 440931918] [Turn 1] [color=cyan]  Checking ship Sathar Fighter D (Side 2) at (9.000000, -20.000000, 11.000000) with path [][/color]
[Peer: 440931918] [Turn 1] [color=cyan]  Checking ship Sathar Fighter E (Side 2) at (9.000000, -20.000000, 11.000000) with path [][/color]
[Peer: 440931918] [Turn 1] [color=cyan]  Checking ship Sathar Fighter F (Side 2) at (9.000000, -20.000000, 11.000000) with path [][/color]
[Peer: 440931918] [Turn 1] Mines check complete. Hit ships size: 0
[Peer: 440931918] [Turn 1] [color=cyan]  Checking ship Maelstrom (Side 2) at (9.000000, -20.000000, 11.000000) with path [][/color]
[Peer: 440931918] [Turn 1] [color=cyan]  Checking ship Carrion (Side 2) at (8.000000, -20.000000, 12.000000) with path [][/color]
[Peer: 440931918] [Turn 1] [color=cyan]  Checking ship Deathstroke (Side 2) at (7.000000, -20.000000, 13.000000) with path [][/color]
[Peer: 440931918] [Turn 1] [color=cyan]  Checking ship Bludgeon (Side 2) at (5.000000, -20.000000, 15.000000) with path [][/color]
[Peer: 440931918] [Turn 1] [color=cyan]  Checking ship Viper (Side 2) at (6.000000, -20.000000, 14.000000) with path [][/color]
[Peer: 440931918] [Turn 1] [color=cyan]  Checking ship Sathar Fighter A (Side 2) at (9.000000, -20.000000, 11.000000) with path [][/color]
[Peer: 440931918] [Turn 1] [color=cyan]  Checking ship Sathar Fighter B (Side 2) at (9.000000, -20.000000, 11.000000) with path [][/color]
[Peer: 440931918] [Turn 1] [color=cyan]  Checking ship Sathar Fighter C (Side 2) at (9.000000, -20.000000, 11.000000) with path [][/color]
[Peer: 440931918] [Turn 1] [color=cyan]  Checking ship Sathar Fighter D (Side 2) at (9.000000, -20.000000, 11.000000) with path [][/color]
[Peer: 440931918] [Turn 1] [color=cyan]  Checking ship Sathar Fighter E (Side 2) at (9.000000, -20.000000, 11.000000) with path [][/color]
[Peer: 440931918] [Turn 1] [color=cyan]  Checking ship Sathar Fighter F (Side 2) at (9.000000, -20.000000, 11.000000) with path [][/color]
[Peer: 440931918] [Turn 1] Mines check complete. Hit ships size: 0
[Peer: 440931918] [Turn 1] [color=cyan]  Checking ship Maelstrom (Side 2) at (9.000000, -20.000000, 11.000000) with path [][/color]
[Peer: 440931918] [Turn 1] [color=cyan]  Checking ship Carrion (Side 2) at (8.000000, -20.000000, 12.000000) with path [][/color]
[Peer: 440931918] [Turn 1] [color=cyan]  Checking ship Deathstroke (Side 2) at (7.000000, -20.000000, 13.000000) with path [][/color]
[Peer: 440931918] [Turn 1] [color=cyan]  Checking ship Bludgeon (Side 2) at (5.000000, -20.000000, 15.000000) with path [][/color]
[Peer: 440931918] [Turn 1] [color=cyan]  Checking ship Viper (Side 2) at (6.000000, -20.000000, 14.000000) with path [][/color]
[Peer: 440931918] [Turn 1] [color=cyan]  Checking ship Sathar Fighter A (Side 2) at (9.000000, -20.000000, 11.000000) with path [][/color]
[Peer: 440931918] [Turn 1] [color=cyan]  Checking ship Sathar Fighter B (Side 2) at (9.000000, -20.000000, 11.000000) with path [][/color]
[Peer: 440931918] [Turn 1] [color=cyan]  Checking ship Sathar Fighter C (Side 2) at (9.000000, -20.000000, 11.000000) with path [][/color]
[Peer: 440931918] [Turn 1] [color=cyan]  Checking ship Sathar Fighter D (Side 2) at (9.000000, -20.000000, 11.000000) with path [][/color]
[Peer: 440931918] [Turn 1] [color=cyan]  Checking ship Sathar Fighter E (Side 2) at (9.000000, -20.000000, 11.000000) with path [][/color]
[Peer: 440931918] [Turn 1] [color=cyan]  Checking ship Sathar Fighter F (Side 2) at (9.000000, -20.000000, 11.000000) with path [][/color]
[Peer: 440931918] [Turn 1] Mines check complete. Hit ships size: 0
[Peer: 440931918] [Turn 1] [color=cyan]  Checking ship Maelstrom (Side 2) at (9.000000, -20.000000, 11.000000) with path [][/color]
[Peer: 440931918] [Turn 1] [color=cyan]  Checking ship Carrion (Side 2) at (8.000000, -20.000000, 12.000000) with path [][/color]
[Peer: 440931918] [Turn 1] [color=cyan]  Checking ship Deathstroke (Side 2) at (7.000000, -20.000000, 13.000000) with path [][/color]
[Peer: 440931918] [Turn 1] [color=cyan]  Checking ship Bludgeon (Side 2) at (5.000000, -20.000000, 15.000000) with path [][/color]
[Peer: 440931918] [Turn 1] [color=cyan]  Checking ship Viper (Side 2) at (6.000000, -20.000000, 14.000000) with path [][/color]
[Peer: 440931918] [Turn 1] [color=cyan]  Checking ship Sathar Fighter A (Side 2) at (9.000000, -20.000000, 11.000000) with path [][/color]
[Peer: 440931918] [Turn 1] [color=cyan]  Checking ship Sathar Fighter B (Side 2) at (9.000000, -20.000000, 11.000000) with path [][/color]
[Peer: 440931918] [Turn 1] [color=cyan]  Checking ship Sathar Fighter C (Side 2) at (9.000000, -20.000000, 11.000000) with path [][/color]
[Peer: 440931918] [Turn 1] [color=cyan]  Checking ship Sathar Fighter D (Side 2) at (9.000000, -20.000000, 11.000000) with path [][/color]
[Peer: 440931918] [Turn 1] [color=cyan]  Checking ship Sathar Fighter E (Side 2) at (9.000000, -20.000000, 11.000000) with path [][/color]
[Peer: 440931918] [Turn 1] [color=cyan]  Checking ship Sathar Fighter F (Side 2) at (9.000000, -20.000000, 11.000000) with path [][/color]
[Peer: 440931918] [Turn 1] Mines check complete. Hit ships size: 0
[Peer: 440931918] [Turn 1] [color=cyan]  Checking ship Maelstrom (Side 2) at (9.000000, -20.000000, 11.000000) with path [][/color]
[Peer: 440931918] [Turn 1] [color=cyan]  Checking ship Carrion (Side 2) at (8.000000, -20.000000, 12.000000) with path [][/color]
[Peer: 440931918] [Turn 1] [color=cyan]  Checking ship Deathstroke (Side 2) at (7.000000, -20.000000, 13.000000) with path [][/color]
[Peer: 440931918] [Turn 1] [color=cyan]  Checking ship Bludgeon (Side 2) at (5.000000, -20.000000, 15.000000) with path [][/color]
[Peer: 440931918] [Turn 1] [color=cyan]  Checking ship Viper (Side 2) at (6.000000, -20.000000, 14.000000) with path [][/color]
[Peer: 440931918] [Turn 1] [color=cyan]  Checking ship Sathar Fighter A (Side 2) at (9.000000, -20.000000, 11.000000) with path [][/color]
[Peer: 440931918] [Turn 1] [color=cyan]  Checking ship Sathar Fighter B (Side 2) at (9.000000, -20.000000, 11.000000) with path [][/color]
[Peer: 440931918] [Turn 1] [color=cyan]  Checking ship Sathar Fighter C (Side 2) at (9.000000, -20.000000, 11.000000) with path [][/color]
[Peer: 440931918] [Turn 1] [color=cyan]  Checking ship Sathar Fighter D (Side 2) at (9.000000, -20.000000, 11.000000) with path [][/color]
[Peer: 440931918] [Turn 1] [color=cyan]  Checking ship Sathar Fighter E (Side 2) at (9.000000, -20.000000, 11.000000) with path [][/color]
[Peer: 440931918] [Turn 1] [color=cyan]  Checking ship Sathar Fighter F (Side 2) at (9.000000, -20.000000, 11.000000) with path [][/color]
[Peer: 440931918] [Turn 1] Mines check complete. Hit ships size: 0
[Peer: 440931918] [Turn 1] [color=cyan]  Checking ship Maelstrom (Side 2) at (9.000000, -20.000000, 11.000000) with path [][/color]
[Peer: 440931918] [Turn 1] [color=cyan]  Checking ship Carrion (Side 2) at (8.000000, -20.000000, 12.000000) with path [][/color]
[Peer: 440931918] [Turn 1] [color=cyan]  Checking ship Deathstroke (Side 2) at (7.000000, -20.000000, 13.000000) with path [][/color]
[Peer: 440931918] [Turn 1] [color=cyan]  Checking ship Bludgeon (Side 2) at (5.000000, -20.000000, 15.000000) with path [][/color]
[Peer: 440931918] [Turn 1] [color=cyan]  Checking ship Viper (Side 2) at (6.000000, -20.000000, 14.000000) with path [][/color]
[Peer: 440931918] [Turn 1] [color=cyan]  Checking ship Sathar Fighter A (Side 2) at (9.000000, -20.000000, 11.000000) with path [][/color]
[Peer: 440931918] [Turn 1] [color=cyan]  Checking ship Sathar Fighter B (Side 2) at (9.000000, -20.000000, 11.000000) with path [][/color]
[Peer: 440931918] [Turn 1] [color=cyan]  Checking ship Sathar Fighter C (Side 2) at (9.000000, -20.000000, 11.000000) with path [][/color]
[Peer: 440931918] [Turn 1] [color=cyan]  Checking ship Sathar Fighter D (Side 2) at (9.000000, -20.000000, 11.000000) with path [][/color]
[Peer: 440931918] [Turn 1] [color=cyan]  Checking ship Sathar Fighter E (Side 2) at (9.000000, -20.000000, 11.000000) with path [][/color]
[Peer: 440931918] [Turn 1] [color=cyan]  Checking ship Sathar Fighter F (Side 2) at (9.000000, -20.000000, 11.000000) with path [][/color]
[Peer: 440931918] [Turn 1] Mines check complete. Hit ships size: 0
[Peer: 440931918] [Turn 1] [color=cyan]  Checking ship Maelstrom (Side 2) at (9.000000, -20.000000, 11.000000) with path [][/color]
[Peer: 440931918] [Turn 1] [color=cyan]  Checking ship Carrion (Side 2) at (8.000000, -20.000000, 12.000000) with path [][/color]
[Peer: 440931918] [Turn 1] [color=cyan]  Checking ship Deathstroke (Side 2) at (7.000000, -20.000000, 13.000000) with path [][/color]
[Peer: 440931918] [Turn 1] [color=cyan]  Checking ship Bludgeon (Side 2) at (5.000000, -20.000000, 15.000000) with path [][/color]
[Peer: 440931918] [Turn 1] [color=cyan]  Checking ship Viper (Side 2) at (6.000000, -20.000000, 14.000000) with path [][/color]
[Peer: 440931918] [Turn 1] [color=cyan]  Checking ship Sathar Fighter A (Side 2) at (9.000000, -20.000000, 11.000000) with path [][/color]
[Peer: 440931918] [Turn 1] [color=cyan]  Checking ship Sathar Fighter B (Side 2) at (9.000000, -20.000000, 11.000000) with path [][/color]
[Peer: 440931918] [Turn 1] [color=cyan]  Checking ship Sathar Fighter C (Side 2) at (9.000000, -20.000000, 11.000000) with path [][/color]
[Peer: 440931918] [Turn 1] [color=cyan]  Checking ship Sathar Fighter D (Side 2) at (9.000000, -20.000000, 11.000000) with path [][/color]
[Peer: 440931918] [Turn 1] [color=cyan]  Checking ship Sathar Fighter E (Side 2) at (9.000000, -20.000000, 11.000000) with path [][/color]
[Peer: 440931918] [Turn 1] [color=cyan]  Checking ship Sathar Fighter F (Side 2) at (9.000000, -20.000000, 11.000000) with path [][/color]
[Peer: 440931918] [Turn 1] Mines check complete. Hit ships size: 0
[Peer: 440931918] [Turn 1] [color=cyan]  Checking ship Maelstrom (Side 2) at (9.000000, -20.000000, 11.000000) with path [][/color]
[Peer: 440931918] [Turn 1] [color=cyan]  Checking ship Carrion (Side 2) at (8.000000, -20.000000, 12.000000) with path [][/color]
[Peer: 440931918] [Turn 1] [color=cyan]  Checking ship Deathstroke (Side 2) at (7.000000, -20.000000, 13.000000) with path [][/color]
[Peer: 440931918] [Turn 1] [color=cyan]  Checking ship Bludgeon (Side 2) at (5.000000, -20.000000, 15.000000) with path [][/color]
[Peer: 440931918] [Turn 1] [color=cyan]  Checking ship Viper (Side 2) at (6.000000, -20.000000, 14.000000) with path [][/color]
[Peer: 440931918] [Turn 1] [color=cyan]  Checking ship Sathar Fighter A (Side 2) at (9.000000, -20.000000, 11.000000) with path [][/color]
[Peer: 440931918] [Turn 1] [color=cyan]  Checking ship Sathar Fighter B (Side 2) at (9.000000, -20.000000, 11.000000) with path [][/color]
[Peer: 440931918] [Turn 1] [color=cyan]  Checking ship Sathar Fighter C (Side 2) at (9.000000, -20.000000, 11.000000) with path [][/color]
[Peer: 440931918] [Turn 1] [color=cyan]  Checking ship Sathar Fighter D (Side 2) at (9.000000, -20.000000, 11.000000) with path [][/color]
[Peer: 440931918] [Turn 1] [color=cyan]  Checking ship Sathar Fighter E (Side 2) at (9.000000, -20.000000, 11.000000) with path [][/color]
[Peer: 440931918] [Turn 1] [color=cyan]  Checking ship Sathar Fighter F (Side 2) at (9.000000, -20.000000, 11.000000) with path [][/color]
[Peer: 440931918] [Turn 1] Mines check complete. Hit ships size: 0
[Peer: 440931918] [Turn 1] [color=cyan]  Checking ship Maelstrom (Side 2) at (9.000000, -20.000000, 11.000000) with path [][/color]
[Peer: 440931918] [Turn 1] [color=cyan]  Checking ship Carrion (Side 2) at (8.000000, -20.000000, 12.000000) with path [][/color]
[Peer: 440931918] [Turn 1] [color=cyan]  Checking ship Deathstroke (Side 2) at (7.000000, -20.000000, 13.000000) with path [][/color]
[Peer: 440931918] [Turn 1] [color=cyan]  Checking ship Bludgeon (Side 2) at (5.000000, -20.000000, 15.000000) with path [][/color]
[Peer: 440931918] [Turn 1] [color=cyan]  Checking ship Viper (Side 2) at (6.000000, -20.000000, 14.000000) with path [][/color]
[Peer: 440931918] [Turn 1] [color=cyan]  Checking ship Sathar Fighter A (Side 2) at (9.000000, -20.000000, 11.000000) with path [][/color]
[Peer: 440931918] [Turn 1] [color=cyan]  Checking ship Sathar Fighter B (Side 2) at (9.000000, -20.000000, 11.000000) with path [][/color]
[Peer: 440931918] [Turn 1] [color=cyan]  Checking ship Sathar Fighter C (Side 2) at (9.000000, -20.000000, 11.000000) with path [][/color]
[Peer: 440931918] [Turn 1] [color=cyan]  Checking ship Sathar Fighter D (Side 2) at (9.000000, -20.000000, 11.000000) with path [][/color]
[Peer: 440931918] [Turn 1] [color=cyan]  Checking ship Sathar Fighter E (Side 2) at (9.000000, -20.000000, 11.000000) with path [][/color]
[Peer: 440931918] [Turn 1] [color=cyan]  Checking ship Sathar Fighter F (Side 2) at (9.000000, -20.000000, 11.000000) with path [][/color]
[Peer: 440931918] [Turn 1] Mines check complete. Hit ships size: 0
[Peer: 440931918] [Turn 1] [color=cyan]  Checking ship Maelstrom (Side 2) at (9.000000, -20.000000, 11.000000) with path [][/color]
[Peer: 440931918] [Turn 1] [color=cyan]  Checking ship Carrion (Side 2) at (8.000000, -20.000000, 12.000000) with path [][/color]
[Peer: 440931918] [Turn 1] [color=cyan]  Checking ship Deathstroke (Side 2) at (7.000000, -20.000000, 13.000000) with path [][/color]
[Peer: 440931918] [Turn 1] [color=cyan]  Checking ship Bludgeon (Side 2) at (5.000000, -20.000000, 15.000000) with path [][/color]
[Peer: 440931918] [Turn 1] [color=cyan]  Checking ship Viper (Side 2) at (6.000000, -20.000000, 14.000000) with path [][/color]
[Peer: 440931918] [Turn 1] [color=cyan]  Checking ship Sathar Fighter A (Side 2) at (9.000000, -20.000000, 11.000000) with path [][/color]
[Peer: 440931918] [Turn 1] [color=cyan]  Checking ship Sathar Fighter B (Side 2) at (9.000000, -20.000000, 11.000000) with path [][/color]
[Peer: 440931918] [Turn 1] [color=cyan]  Checking ship Sathar Fighter C (Side 2) at (9.000000, -20.000000, 11.000000) with path [][/color]
[Peer: 440931918] [Turn 1] [color=cyan]  Checking ship Sathar Fighter D (Side 2) at (9.000000, -20.000000, 11.000000) with path [][/color]
[Peer: 440931918] [Turn 1] [color=cyan]  Checking ship Sathar Fighter E (Side 2) at (9.000000, -20.000000, 11.000000) with path [][/color]
[Peer: 440931918] [Turn 1] [color=cyan]  Checking ship Sathar Fighter F (Side 2) at (9.000000, -20.000000, 11.000000) with path [][/color]
[Peer: 440931918] [Turn 1] Mines check complete. Hit ships size: 0
[Peer: 440931918] [Turn 1] [color=cyan]  Checking ship Maelstrom (Side 2) at (9.000000, -20.000000, 11.000000) with path [][/color]
[Peer: 440931918] [Turn 1] [color=cyan]  Checking ship Carrion (Side 2) at (8.000000, -20.000000, 12.000000) with path [][/color]
[Peer: 440931918] [Turn 1] [color=cyan]  Checking ship Deathstroke (Side 2) at (7.000000, -20.000000, 13.000000) with path [][/color]
[Peer: 440931918] [Turn 1] [color=cyan]  Checking ship Bludgeon (Side 2) at (5.000000, -20.000000, 15.000000) with path [][/color]
[Peer: 440931918] [Turn 1] [color=cyan]  Checking ship Viper (Side 2) at (6.000000, -20.000000, 14.000000) with path [][/color]
[Peer: 440931918] [Turn 1] [color=cyan]  Checking ship Sathar Fighter A (Side 2) at (9.000000, -20.000000, 11.000000) with path [][/color]
[Peer: 440931918] [Turn 1] [color=cyan]  Checking ship Sathar Fighter B (Side 2) at (9.000000, -20.000000, 11.000000) with path [][/color]
[Peer: 440931918] [Turn 1] [color=cyan]  Checking ship Sathar Fighter C (Side 2) at (9.000000, -20.000000, 11.000000) with path [][/color]
[Peer: 440931918] [Turn 1] [color=cyan]  Checking ship Sathar Fighter D (Side 2) at (9.000000, -20.000000, 11.000000) with path [][/color]
[Peer: 440931918] [Turn 1] [color=cyan]  Checking ship Sathar Fighter E (Side 2) at (9.000000, -20.000000, 11.000000) with path [][/color]
[Peer: 440931918] [Turn 1] [color=cyan]  Checking ship Sathar Fighter F (Side 2) at (9.000000, -20.000000, 11.000000) with path [][/color]
[Peer: 440931918] [Turn 1] Mines check complete. Hit ships size: 0
[Peer: 440931918] [Turn 1] [color=cyan]  Checking ship Maelstrom (Side 2) at (9.000000, -20.000000, 11.000000) with path [][/color]
[Peer: 440931918] [Turn 1] [color=cyan]  Checking ship Carrion (Side 2) at (8.000000, -20.000000, 12.000000) with path [][/color]
[Peer: 440931918] [Turn 1] [color=cyan]  Checking ship Deathstroke (Side 2) at (7.000000, -20.000000, 13.000000) with path [][/color]
[Peer: 440931918] [Turn 1] [color=cyan]  Checking ship Bludgeon (Side 2) at (5.000000, -20.000000, 15.000000) with path [][/color]
[Peer: 440931918] [Turn 1] [color=cyan]  Checking ship Viper (Side 2) at (6.000000, -20.000000, 14.000000) with path [][/color]
[Peer: 440931918] [Turn 1] [color=cyan]  Checking ship Sathar Fighter A (Side 2) at (9.000000, -20.000000, 11.000000) with path [][/color]
[Peer: 440931918] [Turn 1] [color=cyan]  Checking ship Sathar Fighter B (Side 2) at (9.000000, -20.000000, 11.000000) with path [][/color]
[Peer: 440931918] [Turn 1] [color=cyan]  Checking ship Sathar Fighter C (Side 2) at (9.000000, -20.000000, 11.000000) with path [][/color]
[Peer: 440931918] [Turn 1] [color=cyan]  Checking ship Sathar Fighter D (Side 2) at (9.000000, -20.000000, 11.000000) with path [][/color]
[Peer: 440931918] [Turn 1] [color=cyan]  Checking ship Sathar Fighter E (Side 2) at (9.000000, -20.000000, 11.000000) with path [][/color]
[Peer: 440931918] [Turn 1] [color=cyan]  Checking ship Sathar Fighter F (Side 2) at (9.000000, -20.000000, 11.000000) with path [][/color]
[Peer: 440931918] [Turn 1] Mines check complete. Hit ships size: 0
[Peer: 440931918] [Turn 1] [color=cyan]  Checking ship Maelstrom (Side 2) at (9.000000, -20.000000, 11.000000) with path [][/color]
[Peer: 440931918] [Turn 1] [color=cyan]  Checking ship Carrion (Side 2) at (8.000000, -20.000000, 12.000000) with path [][/color]
[Peer: 440931918] [Turn 1] [color=cyan]  Checking ship Deathstroke (Side 2) at (7.000000, -20.000000, 13.000000) with path [][/color]
[Peer: 440931918] [Turn 1] [color=cyan]  Checking ship Bludgeon (Side 2) at (5.000000, -20.000000, 15.000000) with path [][/color]
[Peer: 440931918] [Turn 1] [color=cyan]  Checking ship Viper (Side 2) at (6.000000, -20.000000, 14.000000) with path [][/color]
[Peer: 440931918] [Turn 1] [color=cyan]  Checking ship Sathar Fighter A (Side 2) at (9.000000, -20.000000, 11.000000) with path [][/color]
[Peer: 440931918] [Turn 1] [color=cyan]  Checking ship Sathar Fighter B (Side 2) at (9.000000, -20.000000, 11.000000) with path [][/color]
[Peer: 440931918] [Turn 1] [color=cyan]  Checking ship Sathar Fighter C (Side 2) at (9.000000, -20.000000, 11.000000) with path [][/color]
[Peer: 440931918] [Turn 1] [color=cyan]  Checking ship Sathar Fighter D (Side 2) at (9.000000, -20.000000, 11.000000) with path [][/color]
[Peer: 440931918] [Turn 1] [color=cyan]  Checking ship Sathar Fighter E (Side 2) at (9.000000, -20.000000, 11.000000) with path [][/color]
[Peer: 440931918] [Turn 1] [color=cyan]  Checking ship Sathar Fighter F (Side 2) at (9.000000, -20.000000, 11.000000) with path [][/color]
[Peer: 440931918] [Turn 1] Mines check complete. Hit ships size: 0
[Peer: 440931918] [Turn 1] [color=cyan]  Checking ship Maelstrom (Side 2) at (9.000000, -20.000000, 11.000000) with path [][/color]
[Peer: 440931918] [Turn 1] [color=cyan]  Checking ship Carrion (Side 2) at (8.000000, -20.000000, 12.000000) with path [][/color]
[Peer: 440931918] [Turn 1] [color=cyan]  Checking ship Deathstroke (Side 2) at (7.000000, -20.000000, 13.000000) with path [][/color]
[Peer: 440931918] [Turn 1] [color=cyan]  Checking ship Bludgeon (Side 2) at (5.000000, -20.000000, 15.000000) with path [][/color]
[Peer: 440931918] [Turn 1] [color=cyan]  Checking ship Viper (Side 2) at (6.000000, -20.000000, 14.000000) with path [][/color]
[Peer: 440931918] [Turn 1] [color=cyan]  Checking ship Sathar Fighter A (Side 2) at (9.000000, -20.000000, 11.000000) with path [][/color]
[Peer: 440931918] [Turn 1] [color=cyan]  Checking ship Sathar Fighter B (Side 2) at (9.000000, -20.000000, 11.000000) with path [][/color]
[Peer: 440931918] [Turn 1] [color=cyan]  Checking ship Sathar Fighter C (Side 2) at (9.000000, -20.000000, 11.000000) with path [][/color]
[Peer: 440931918] [Turn 1] [color=cyan]  Checking ship Sathar Fighter D (Side 2) at (9.000000, -20.000000, 11.000000) with path [][/color]
[Peer: 440931918] [Turn 1] [color=cyan]  Checking ship Sathar Fighter E (Side 2) at (9.000000, -20.000000, 11.000000) with path [][/color]
[Peer: 440931918] [Turn 1] [color=cyan]  Checking ship Sathar Fighter F (Side 2) at (9.000000, -20.000000, 11.000000) with path [][/color]
[Peer: 440931918] [Turn 1] Mines check complete. Hit ships size: 0
[Peer: 440931918] [Turn 1] [color=cyan]  Checking ship Maelstrom (Side 2) at (9.000000, -20.000000, 11.000000) with path [][/color]
[Peer: 440931918] [Turn 1] [color=cyan]  Checking ship Carrion (Side 2) at (8.000000, -20.000000, 12.000000) with path [][/color]
[Peer: 440931918] [Turn 1] [color=cyan]  Checking ship Deathstroke (Side 2) at (7.000000, -20.000000, 13.000000) with path [][/color]
[Peer: 440931918] [Turn 1] [color=cyan]  Checking ship Bludgeon (Side 2) at (5.000000, -20.000000, 15.000000) with path [][/color]
[Peer: 440931918] [Turn 1] [color=cyan]  Checking ship Viper (Side 2) at (6.000000, -20.000000, 14.000000) with path [][/color]
[Peer: 440931918] [Turn 1] [color=cyan]  Checking ship Sathar Fighter A (Side 2) at (9.000000, -20.000000, 11.000000) with path [][/color]
[Peer: 440931918] [Turn 1] [color=cyan]  Checking ship Sathar Fighter B (Side 2) at (9.000000, -20.000000, 11.000000) with path [][/color]
[Peer: 440931918] [Turn 1] [color=cyan]  Checking ship Sathar Fighter C (Side 2) at (9.000000, -20.000000, 11.000000) with path [][/color]
[Peer: 440931918] [Turn 1] [color=cyan]  Checking ship Sathar Fighter D (Side 2) at (9.000000, -20.000000, 11.000000) with path [][/color]
[Peer: 440931918] [Turn 1] [color=cyan]  Checking ship Sathar Fighter E (Side 2) at (9.000000, -20.000000, 11.000000) with path [][/color]
[Peer: 440931918] [Turn 1] [color=cyan]  Checking ship Sathar Fighter F (Side 2) at (9.000000, -20.000000, 11.000000) with path [][/color]
[Peer: 440931918] [Turn 1] Mines check complete. Hit ships size: 0
[Peer: 440931918] [Turn 1] [color=cyan]  Checking ship Maelstrom (Side 2) at (9.000000, -20.000000, 11.000000) with path [][/color]
[Peer: 440931918] [Turn 1] [color=cyan]  Checking ship Carrion (Side 2) at (8.000000, -20.000000, 12.000000) with path [][/color]
[Peer: 440931918] [Turn 1] [color=cyan]  Checking ship Deathstroke (Side 2) at (7.000000, -20.000000, 13.000000) with path [][/color]
[Peer: 440931918] [Turn 1] [color=cyan]  Checking ship Bludgeon (Side 2) at (5.000000, -20.000000, 15.000000) with path [][/color]
[Peer: 440931918] [Turn 1] [color=cyan]  Checking ship Viper (Side 2) at (6.000000, -20.000000, 14.000000) with path [][/color]
[Peer: 440931918] [Turn 1] [color=cyan]  Checking ship Sathar Fighter A (Side 2) at (9.000000, -20.000000, 11.000000) with path [][/color]
[Peer: 440931918] [Turn 1] [color=cyan]  Checking ship Sathar Fighter B (Side 2) at (9.000000, -20.000000, 11.000000) with path [][/color]
[Peer: 440931918] [Turn 1] [color=cyan]  Checking ship Sathar Fighter C (Side 2) at (9.000000, -20.000000, 11.000000) with path [][/color]
[Peer: 440931918] [Turn 1] [color=cyan]  Checking ship Sathar Fighter D (Side 2) at (9.000000, -20.000000, 11.000000) with path [][/color]
[Peer: 440931918] [Turn 1] [color=cyan]  Checking ship Sathar Fighter E (Side 2) at (9.000000, -20.000000, 11.000000) with path [][/color]
[Peer: 440931918] [Turn 1] [color=cyan]  Checking ship Sathar Fighter F (Side 2) at (9.000000, -20.000000, 11.000000) with path [][/color]
[Peer: 440931918] [Turn 1] Mines check complete. Hit ships size: 0
[Peer: 440931918] [Turn 1] [color=cyan]!!! DEBUG !!! Entering Seeker Movement. Active Seekers: 4[/color]
[Peer: 440931918] [Turn 1] Movement Phase Complete for Side 1. Starting Combat.
[DEBUG] start_combat_passive: Side 2 firing (Opponent of Moving Side 1)
[Peer: 440931918] [Turn 1] Combat Planning: Side 2
[DEBUG] TARGET CHECK P2. Ships: 11
[DEBUG] Weapon Torpedoes N/A for Carrion (Phase 3, Fired false)
[DEBUG] Weapon Torpedoes N/A for Deathstroke (Phase 3, Fired false)
[DEBUG] Weapon Torpedoes N/A for Bludgeon (Phase 3, Fired false)
[DEBUG] Weapon Torpedoes N/A for Viper (Phase 3, Fired false)
[DEBUG] Weapon Assault Rockets N/A for Sathar Fighter A (Phase 3, Fired false)
[DEBUG] Weapon Assault Rockets N/A for Sathar Fighter B (Phase 3, Fired false)
[DEBUG] Weapon Assault Rockets N/A for Sathar Fighter C (Phase 3, Fired false)
[DEBUG] Weapon Assault Rockets N/A for Sathar Fighter D (Phase 3, Fired false)
[DEBUG] Weapon Assault Rockets N/A for Sathar Fighter E (Phase 3, Fired false)
[DEBUG] Weapon Assault Rockets N/A for Sathar Fighter F (Phase 3, Fired false)
[DEBUG] NO TARGETS FOUND for P2
[Peer: 440931918] [Turn 1] No valid targets for Side 2. Skipping...
[Peer: 440931918] [Turn 1] Resolving 0 attacks...
[Peer: 440931918] [Turn 1] Resolution Phase Complete.
[Peer: 440931918] [Turn 1] Turn Segment Complete.
[DEBUG] start_combat_active: Side 1 firing (Active Side)
[Peer: 440931918] [Turn 1] Combat Planning: Side 1
[DEBUG] TARGET CHECK P1. Ships: 11
[DEBUG] NO TARGETS FOUND for P1
[Peer: 440931918] [Turn 1] No valid targets for Side 1. Skipping...
[Peer: 440931918] [Turn 1] Resolving 0 attacks...
[Peer: 440931918] [Turn 1] Resolution Phase Complete.
[Peer: 440931918] [Turn 1] Turn Segment Complete.
[Peer: 440931918] [Turn 1] === Turn Start: Side Sathar ===
DEBUG: Rejected Ken'zah Station Side:1 CurSide:2 Moved:false
DEBUG: Rejected Z'Rak't Zoz Side:1 CurSide:2 Moved:false
DEBUG: Rejected Shimmer Side:1 CurSide:2 Moved:false
DEBUG: Rejected Zz'Nakk'T Side:1 CurSide:2 Moved:false
DEBUG: Rejected Lancet Side:1 CurSide:2 Moved:false
DEBUG: Rejected Fighter A Side:1 CurSide:2 Moved:false
DEBUG: Rejected Fighter B Side:1 CurSide:2 Moved:false
DEBUG: Rejected Fighter C Side:1 CurSide:2 Moved:false
DEBUG: Rejected Fighter D Side:1 CurSide:2 Moved:false
DEBUG: Rejected Fighter E Side:1 CurSide:2 Moved:false
DEBUG: Rejected Fighter F Side:1 CurSide:2 Moved:false
DEBUG: start_movement_phase. Side: 2 Available: 11
DEBUG: First available: Maelstrom ID: 2 Moved: false
DEBUG: Skip Auto-Orbit Check: Maelstrom (Class: Assault Carrier, Orbit: 0)
DEBUG: Skip Auto-Orbit Check: Carrion (Class: Heavy Cruiser, Orbit: 0)
DEBUG: Skip Auto-Orbit Check: Deathstroke (Class: Light Cruiser, Orbit: 0)
DEBUG: Skip Auto-Orbit Check: Bludgeon (Class: Destroyer, Orbit: 0)
DEBUG: Skip Auto-Orbit Check: Viper (Class: Destroyer, Orbit: 0)
DEBUG: Skip Auto-Orbit Check: Sathar Fighter A (Class: Fighter, Orbit: 0)
DEBUG: Skip Auto-Orbit Check: Sathar Fighter B (Class: Fighter, Orbit: 0)
DEBUG: Skip Auto-Orbit Check: Sathar Fighter C (Class: Fighter, Orbit: 0)
DEBUG: Skip Auto-Orbit Check: Sathar Fighter D (Class: Fighter, Orbit: 0)
DEBUG: Skip Auto-Orbit Check: Sathar Fighter E (Class: Fighter, Orbit: 0)
DEBUG: Skip Auto-Orbit Check: Sathar Fighter F (Class: Fighter, Orbit: 0)
[DEBUG] Standard move start for Maelstrom
[Peer: 440931918] [Turn 1] [color=yellow]AI Computer Opponent Planning Movement...[/color]
[Peer: 440931918] [Turn 1] [color=gray]AI Thinking: Evaluating Maelstrom (Unmoved left: 11)[/color]
[Peer: 440931918] [Turn 1] [color=gray]AI Thinking: Nearest target for Maelstrom is Lancet[/color]
[Peer: 440931918] [Turn 1] [color=gray]AI Thinking: Maelstrom constraints -> Speed [0, 4], MR 1[/color]
[Peer: 440931918] [Turn 1] [color=gray]AI Thinking: Explored 17 possible paths matching speed bounds.[/color]
[Peer: 440931918] [Turn 1] [color=gray]AI Move Eval -> Ship: AC Maelstrom | Start Speed: 2 | Final Speed: 3 (ADF: 2) | MR Used: 1/1[/color]
[Peer: 440931918] [Turn 1] AI plotted movement for AC Maelstrom (Speed 2 -> 3, 3 hexes)
[Peer: 440931918] [Turn 1] Synced Orders for Maelstrom
[Peer: 440931918] [Turn 1] [color=gray]AI Thinking: Evaluating Carrion (Unmoved left: 10)[/color]
[Peer: 440931918] [Turn 1] [color=gray]AI Thinking: Nearest target for Carrion is Lancet[/color]
[Peer: 440931918] [Turn 1] [color=gray]AI Thinking: Carrion constraints -> Speed [1, 3], MR 1[/color]
[Peer: 440931918] [Turn 1] [color=gray]AI Thinking: Explored 9 possible paths matching speed bounds.[/color]
[Peer: 440931918] [Turn 1] [color=gray]AI Move Eval -> Ship: CA Carrion | Start Speed: 2 | Final Speed: 3 (ADF: 1) | MR Used: 1/1[/color]
[Peer: 440931918] [Turn 1] AI plotted movement for CA Carrion (Speed 2 -> 3, 3 hexes)
[Peer: 440931918] [Turn 1] Synced Orders for Carrion
[Peer: 440931918] [Turn 1] [color=gray]AI Thinking: Evaluating Deathstroke (Unmoved left: 9)[/color]
[Peer: 440931918] [Turn 1] [color=gray]AI Thinking: Nearest target for Deathstroke is Lancet[/color]
[Peer: 440931918] [Turn 1] [color=gray]AI Thinking: Deathstroke constraints -> Speed [2, 8], MR 2[/color]
[Peer: 440931918] [Turn 1] [color=gray]AI Thinking: Explored 287 possible paths matching speed bounds.[/color]
[Peer: 440931918] [Turn 1] [color=gray]AI Move Eval -> Ship: CL Deathstroke | Start Speed: 5 | Final Speed: 8 (ADF: 3) | MR Used: 2/2[/color]
[Peer: 440931918] [Turn 1] AI plotted movement for CL Deathstroke (Speed 5 -> 8, 8 hexes)
[Peer: 440931918] [Turn 1] Synced Orders for Deathstroke
[Peer: 440931918] [Turn 1] [color=gray]AI Thinking: Evaluating Bludgeon (Unmoved left: 8)[/color]
[Peer: 440931918] [Turn 1] [color=gray]AI Thinking: Nearest target for Bludgeon is Lancet[/color]
[Peer: 440931918] [Turn 1] [color=gray]AI Thinking: Bludgeon constraints -> Speed [2, 8], MR 2[/color]
[Peer: 440931918] [Turn 1] [color=gray]AI Thinking: Explored 287 possible paths matching speed bounds.[/color]
[Peer: 440931918] [Turn 1] [color=gray]AI Move Eval -> Ship: DD Bludgeon | Start Speed: 5 | Final Speed: 7 (ADF: 3) | MR Used: 2/2[/color]
[Peer: 440931918] [Turn 1] AI plotted movement for DD Bludgeon (Speed 5 -> 7, 7 hexes)
[Peer: 440931918] [Turn 1] Synced Orders for Bludgeon
[Peer: 440931918] [Turn 1] [color=gray]AI Thinking: Evaluating Viper (Unmoved left: 7)[/color]
[Peer: 440931918] [Turn 1] [color=gray]AI Thinking: Nearest target for Viper is Lancet[/color]
[Peer: 440931918] [Turn 1] [color=gray]AI Thinking: Viper constraints -> Speed [2, 8], MR 2[/color]
[Peer: 440931918] [Turn 1] [color=gray]AI Thinking: Explored 287 possible paths matching speed bounds.[/color]
[Peer: 440931918] [Turn 1] [color=gray]AI Move Eval -> Ship: DD Viper | Start Speed: 5 | Final Speed: 7 (ADF: 3) | MR Used: 2/2[/color]
[Peer: 440931918] [Turn 1] AI plotted movement for DD Viper (Speed 5 -> 7, 7 hexes)
[Peer: 440931918] [Turn 1] Synced Orders for Viper
[Peer: 440931918] [Turn 1] [color=gray]AI Thinking: Evaluating Sathar Fighter A (Unmoved left: 6)[/color]
[Peer: 440931918] [Turn 1] [color=gray]AI Thinking: Nearest target for Sathar Fighter A is Lancet[/color]
[Peer: 440931918] [Turn 1] [color=gray]AI Thinking: Sathar Fighter A constraints -> Speed [0, 5], MR 5[/color]
[Peer: 440931918] [Turn 1] [color=gray]AI Thinking: Explored 364 possible paths matching speed bounds.[/color]
[Peer: 440931918] [Turn 1] [color=gray]AI Move Eval -> Ship: F Sathar Fighter A | Start Speed: 0 | Final Speed: 5 (ADF: 5) | MR Used: 3/5[/color]
[Peer: 440931918] [Turn 1] AI plotted movement for F Sathar Fighter A (Speed 0 -> 5, 5 hexes)
[Peer: 440931918] [Turn 1] Synced Orders for Sathar Fighter A
[Peer: 440931918] [Turn 1] [color=gray]AI Thinking: Evaluating Sathar Fighter B (Unmoved left: 5)[/color]
[Peer: 440931918] [Turn 1] [color=gray]AI Thinking: Nearest target for Sathar Fighter B is Lancet[/color]
[Peer: 440931918] [Turn 1] [color=gray]AI Thinking: Sathar Fighter B constraints -> Speed [0, 5], MR 5[/color]
[Peer: 440931918] [Turn 1] [color=gray]AI Thinking: Explored 364 possible paths matching speed bounds.[/color]
[Peer: 440931918] [Turn 1] [color=gray]AI Move Eval -> Ship: F Sathar Fighter B | Start Speed: 0 | Final Speed: 3 (ADF: 5) | MR Used: 1/5[/color]
[Peer: 440931918] [Turn 1] AI plotted movement for F Sathar Fighter B (Speed 0 -> 3, 3 hexes)
[Peer: 440931918] [Turn 1] Synced Orders for Sathar Fighter B
[Peer: 440931918] [Turn 1] [color=gray]AI Thinking: Evaluating Sathar Fighter C (Unmoved left: 4)[/color]
[Peer: 440931918] [Turn 1] [color=gray]AI Thinking: Nearest target for Sathar Fighter C is Lancet[/color]
[Peer: 440931918] [Turn 1] [color=gray]AI Thinking: Sathar Fighter C constraints -> Speed [0, 5], MR 5[/color]
[Peer: 440931918] [Turn 1] [color=gray]AI Thinking: Explored 364 possible paths matching speed bounds.[/color]
[Peer: 440931918] [Turn 1] [color=gray]AI Move Eval -> Ship: F Sathar Fighter C | Start Speed: 0 | Final Speed: 2 (ADF: 5) | MR Used: 2/5[/color]
[Peer: 440931918] [Turn 1] AI plotted movement for F Sathar Fighter C (Speed 0 -> 2, 2 hexes)
[Peer: 440931918] [Turn 1] Synced Orders for Sathar Fighter C
[Peer: 440931918] [Turn 1] [color=gray]AI Thinking: Evaluating Sathar Fighter D (Unmoved left: 3)[/color]
[Peer: 440931918] [Turn 1] [color=gray]AI Thinking: Nearest target for Sathar Fighter D is Lancet[/color]
[Peer: 440931918] [Turn 1] [color=gray]AI Thinking: Sathar Fighter D constraints -> Speed [0, 5], MR 5[/color]
[Peer: 440931918] [Turn 1] [color=gray]AI Thinking: Explored 364 possible paths matching speed bounds.[/color]
[Peer: 440931918] [Turn 1] [color=gray]AI Move Eval -> Ship: F Sathar Fighter D | Start Speed: 0 | Final Speed: 5 (ADF: 5) | MR Used: 2/5[/color]
[Peer: 440931918] [Turn 1] AI plotted movement for F Sathar Fighter D (Speed 0 -> 5, 5 hexes)
[Peer: 440931918] [Turn 1] Synced Orders for Sathar Fighter D
[Peer: 440931918] [Turn 1] [color=gray]AI Thinking: Evaluating Sathar Fighter E (Unmoved left: 2)[/color]
[Peer: 440931918] [Turn 1] [color=gray]AI Thinking: Nearest target for Sathar Fighter E is Lancet[/color]
[Peer: 440931918] [Turn 1] [color=gray]AI Thinking: Sathar Fighter E constraints -> Speed [0, 5], MR 5[/color]
[Peer: 440931918] [Turn 1] [color=gray]AI Thinking: Explored 364 possible paths matching speed bounds.[/color]
[Peer: 440931918] [Turn 1] [color=gray]AI Move Eval -> Ship: F Sathar Fighter E | Start Speed: 0 | Final Speed: 3 (ADF: 5) | MR Used: 1/5[/color]
[Peer: 440931918] [Turn 1] AI plotted movement for F Sathar Fighter E (Speed 0 -> 3, 3 hexes)
[Peer: 440931918] [Turn 1] Synced Orders for Sathar Fighter E
[Peer: 440931918] [Turn 1] [color=gray]AI Thinking: Evaluating Sathar Fighter F (Unmoved left: 1)[/color]
[Peer: 440931918] [Turn 1] [color=gray]AI Thinking: Nearest target for Sathar Fighter F is Lancet[/color]
[Peer: 440931918] [Turn 1] [color=gray]AI Thinking: Sathar Fighter F constraints -> Speed [0, 5], MR 5[/color]
[Peer: 440931918] [Turn 1] [color=gray]AI Thinking: Explored 364 possible paths matching speed bounds.[/color]
[Peer: 440931918] [Turn 1] [color=gray]AI Move Eval -> Ship: F Sathar Fighter F | Start Speed: 0 | Final Speed: 5 (ADF: 5) | MR Used: 4/5[/color]
[Peer: 440931918] [Turn 1] AI plotted movement for F Sathar Fighter F (Speed 0 -> 5, 5 hexes)
[Peer: 440931918] [Turn 1] Synced Orders for Sathar Fighter F
>>> DIAGNOSTIC: execute_all_movement running for side: 2 on peer: 440931918
[Peer: 440931918] [Turn 1] Executing Movement Phase for Side Sathar
[Peer: 440931918] [Turn 1] [color=yellow]EXECUTE LOOP: Checking Ship Maelstrom (Class: Assault Carrier, Mines: 0)[/color]
[Peer: 440931918] [Turn 1] [color=yellow]EXECUTE LOOP: Checking Ship Carrion (Class: Heavy Cruiser, Mines: 0)[/color]
[Peer: 440931918] [Turn 1] [color=yellow]EXECUTE LOOP: Checking Ship Deathstroke (Class: Light Cruiser, Mines: 0)[/color]
[Peer: 440931918] [Turn 1] [color=yellow]EXECUTE LOOP: Checking Ship Bludgeon (Class: Destroyer, Mines: 0)[/color]
[Peer: 440931918] [Turn 1] [color=yellow]EXECUTE LOOP: Checking Ship Viper (Class: Destroyer, Mines: 0)[/color]
[Peer: 440931918] [Turn 1] [color=yellow]EXECUTE LOOP: Checking Ship Sathar Fighter A (Class: Fighter, Mines: 0)[/color]
[Peer: 440931918] [Turn 1] Sathar Fighter A undocking from Maelstrom.
[Peer: 440931918] [Turn 1] [color=yellow]EXECUTE LOOP: Checking Ship Sathar Fighter B (Class: Fighter, Mines: 0)[/color]
[Peer: 440931918] [Turn 1] Sathar Fighter B undocking from Maelstrom.
[Peer: 440931918] [Turn 1] [color=yellow]EXECUTE LOOP: Checking Ship Sathar Fighter C (Class: Fighter, Mines: 0)[/color]
[Peer: 440931918] [Turn 1] Sathar Fighter C undocking from Maelstrom.
[Peer: 440931918] [Turn 1] [color=yellow]EXECUTE LOOP: Checking Ship Sathar Fighter D (Class: Fighter, Mines: 0)[/color]
[Peer: 440931918] [Turn 1] Sathar Fighter D undocking from Maelstrom.
[Peer: 440931918] [Turn 1] [color=yellow]EXECUTE LOOP: Checking Ship Sathar Fighter E (Class: Fighter, Mines: 0)[/color]
[Peer: 440931918] [Turn 1] Sathar Fighter E undocking from Maelstrom.
[Peer: 440931918] [Turn 1] [color=yellow]EXECUTE LOOP: Checking Ship Sathar Fighter F (Class: Fighter, Mines: 0)[/color]
[Peer: 440931918] [Turn 1] Sathar Fighter F undocking from Maelstrom.
>>> DIAGNOSTIC: Entering Mine Detonations. Active Mines: 20 on peer: 440931918
[Peer: 440931918] [Turn 1] [color=cyan]!!! DEBUG !!! Entering Mine Detonations. Active Mines: 20[/color]
[Peer: 440931918] [Turn 1] [color=cyan]  Mine at (-4.000000, 8.000000, -4.000000) (Side 1)[/color]
[Peer: 440931918] [Turn 1] [color=cyan]  Mine at (-4.000000, -4.000000, 8.000000) (Side 1)[/color]
[Peer: 440931918] [Turn 1] [color=cyan]  Mine at (-1.000000, -6.000000, 7.000000) (Side 1)[/color]
[Peer: 440931918] [Turn 1] [color=cyan]  Mine at (9.000000, -1.000000, -8.000000) (Side 1)[/color]
[Peer: 440931918] [Turn 1] [color=cyan]  Mine at (-9.000000, 0.000000, 9.000000) (Side 1)[/color]
[Peer: 440931918] [Turn 1] [color=cyan]  Mine at (-9.000000, 1.000000, 8.000000) (Side 1)[/color]
[Peer: 440931918] [Turn 1] [color=cyan]  Mine at (-8.000000, 7.000000, 1.000000) (Side 1)[/color]
[Peer: 440931918] [Turn 1] [color=cyan]  Mine at (8.000000, -9.000000, 1.000000) (Side 1)[/color]
[Peer: 440931918] [Turn 1] [color=cyan]  Mine at (6.000000, -7.000000, 1.000000) (Side 1)[/color]
[Peer: 440931918] [Turn 1] [color=cyan]  Mine at (7.000000, 0.000000, -7.000000) (Side 1)[/color]
[Peer: 440931918] [Turn 1] [color=cyan]  Mine at (-8.000000, 3.000000, 5.000000) (Side 1)[/color]
[Peer: 440931918] [Turn 1] [color=cyan]  Mine at (-7.000000, 1.000000, 6.000000) (Side 1)[/color]
[Peer: 440931918] [Turn 1] [color=cyan]  Mine at (-7.000000, 7.000000, 0.000000) (Side 1)[/color]
[Peer: 440931918] [Turn 1] [color=cyan]  Mine at (-2.000000, 9.000000, -7.000000) (Side 1)[/color]
[Peer: 440931918] [Turn 1] [color=cyan]  Mine at (0.000000, 7.000000, -7.000000) (Side 1)[/color]
[Peer: 440931918] [Turn 1] [color=cyan]  Mine at (-5.000000, 8.000000, -3.000000) (Side 1)[/color]
[Peer: 440931918] [Turn 1] [color=cyan]  Mine at (-3.000000, -6.000000, 9.000000) (Side 1)[/color]
[Peer: 440931918] [Turn 1] [color=cyan]  Mine at (-4.000000, -3.000000, 7.000000) (Side 1)[/color]
[Peer: 440931918] [Turn 1] [color=cyan]  Mine at (6.000000, -9.000000, 3.000000) (Side 1)[/color]
[Peer: 440931918] [Turn 1] [color=cyan]  Mine at (-7.000000, 4.000000, 3.000000) (Side 1)[/color]
[Peer: 440931918] [Turn 1] [color=cyan]  Checking ship Maelstrom (Side 2) at (10.000000, -18.000000, 8.000000) with path [(9, -20, 11), (9, -19, 10), (9, -18, 9), (10, -18, 8)][/color]
[Peer: 440931918] [Turn 1] [color=cyan]  Checking ship Carrion (Side 2) at (10.000000, -19.000000, 9.000000) with path [(8, -20, 12), (8, -19, 11), (9, -19, 10), (10, -19, 9)][/color]
[Peer: 440931918] [Turn 1] [color=cyan]  Checking ship Deathstroke (Side 2) at (14.000000, -22.000000, 8.000000) with path [(7, -20, 13), (7, -19, 12), (8, -19, 11), (9, -19, 10), (10, -19, 9), (11, -19, 8), (12, -20, 8), (13, -21, 8), (14, -22, 8)][/color]
[Peer: 440931918] [Turn 1] [color=cyan]  Checking ship Bludgeon (Side 2) at (1.000000, -13.000000, 12.000000) with path [(5, -20, 15), (5, -19, 14), (5, -18, 13), (4, -17, 13), (3, -16, 13), (2, -15, 13), (1, -14, 13), (1, -13, 12)][/color]
[Peer: 440931918] [Turn 1] [color=cyan]  Checking ship Viper (Side 2) at (11.000000, -19.000000, 8.000000) with path [(6, -20, 14), (6, -19, 13), (6, -18, 12), (7, -18, 11), (8, -18, 10), (9, -18, 9), (10, -18, 8), (11, -19, 8)][/color]
[Peer: 440931918] [Turn 1] [color=cyan]  Checking ship Sathar Fighter A (Side 2) at (13.000000, -20.000000, 7.000000) with path [(10, -18, 8), (10, -20, 10), (10, -19, 9), (11, -19, 8), (12, -19, 7), (13, -20, 7)][/color]
[Peer: 440931918] [Turn 1] [color=cyan]  Checking ship Sathar Fighter B (Side 2) at (12.000000, -21.000000, 9.000000) with path [(10, -18, 8), (10, -20, 10), (11, -20, 9), (12, -21, 9)][/color]
[Peer: 440931918] [Turn 1] [color=cyan]  Checking ship Sathar Fighter C (Side 2) at (10.000000, -22.000000, 12.000000) with path [(10, -18, 8), (10, -21, 11), (10, -22, 12)][/color]
[Peer: 440931918] [Turn 1] [color=cyan]  Checking ship Sathar Fighter D (Side 2) at (11.000000, -17.000000, 6.000000) with path [(10, -18, 8), (10, -20, 10), (10, -19, 9), (10, -18, 8), (10, -17, 7), (11, -17, 6)][/color]
[Peer: 440931918] [Turn 1] [color=cyan]  Checking ship Sathar Fighter E (Side 2) at (9.000000, -17.000000, 8.000000) with path [(10, -18, 8), (9, -19, 10), (9, -18, 9), (9, -17, 8)][/color]
[Peer: 440931918] [Turn 1] [color=cyan]  Checking ship Sathar Fighter F (Side 2) at (13.000000, -20.000000, 7.000000) with path [(10, -18, 8), (10, -20, 10), (10, -19, 9), (11, -19, 8), (12, -20, 8), (13, -20, 7)][/color]
[Peer: 440931918] [Turn 1] Mines check complete. Hit ships size: 0
[Peer: 440931918] [Turn 1] [color=cyan]  Checking ship Maelstrom (Side 2) at (10.000000, -18.000000, 8.000000) with path [(9, -20, 11), (9, -19, 10), (9, -18, 9), (10, -18, 8)][/color]
[Peer: 440931918] [Turn 1] [color=cyan]  Checking ship Carrion (Side 2) at (10.000000, -19.000000, 9.000000) with path [(8, -20, 12), (8, -19, 11), (9, -19, 10), (10, -19, 9)][/color]
[Peer: 440931918] [Turn 1] [color=cyan]  Checking ship Deathstroke (Side 2) at (14.000000, -22.000000, 8.000000) with path [(7, -20, 13), (7, -19, 12), (8, -19, 11), (9, -19, 10), (10, -19, 9), (11, -19, 8), (12, -20, 8), (13, -21, 8), (14, -22, 8)][/color]
[Peer: 440931918] [Turn 1] [color=cyan]  Checking ship Bludgeon (Side 2) at (1.000000, -13.000000, 12.000000) with path [(5, -20, 15), (5, -19, 14), (5, -18, 13), (4, -17, 13), (3, -16, 13), (2, -15, 13), (1, -14, 13), (1, -13, 12)][/color]
[Peer: 440931918] [Turn 1] [color=cyan]  Checking ship Viper (Side 2) at (11.000000, -19.000000, 8.000000) with path [(6, -20, 14), (6, -19, 13), (6, -18, 12), (7, -18, 11), (8, -18, 10), (9, -18, 9), (10, -18, 8), (11, -19, 8)][/color]
[Peer: 440931918] [Turn 1] [color=cyan]  Checking ship Sathar Fighter A (Side 2) at (13.000000, -20.000000, 7.000000) with path [(10, -18, 8), (10, -20, 10), (10, -19, 9), (11, -19, 8), (12, -19, 7), (13, -20, 7)][/color]
[Peer: 440931918] [Turn 1] [color=cyan]  Checking ship Sathar Fighter B (Side 2) at (12.000000, -21.000000, 9.000000) with path [(10, -18, 8), (10, -20, 10), (11, -20, 9), (12, -21, 9)][/color]
[Peer: 440931918] [Turn 1] [color=cyan]  Checking ship Sathar Fighter C (Side 2) at (10.000000, -22.000000, 12.000000) with path [(10, -18, 8), (10, -21, 11), (10, -22, 12)][/color]
[Peer: 440931918] [Turn 1] [color=cyan]  Checking ship Sathar Fighter D (Side 2) at (11.000000, -17.000000, 6.000000) with path [(10, -18, 8), (10, -20, 10), (10, -19, 9), (10, -18, 8), (10, -17, 7), (11, -17, 6)][/color]
[Peer: 440931918] [Turn 1] [color=cyan]  Checking ship Sathar Fighter E (Side 2) at (9.000000, -17.000000, 8.000000) with path [(10, -18, 8), (9, -19, 10), (9, -18, 9), (9, -17, 8)][/color]
[Peer: 440931918] [Turn 1] [color=cyan]  Checking ship Sathar Fighter F (Side 2) at (13.000000, -20.000000, 7.000000) with path [(10, -18, 8), (10, -20, 10), (10, -19, 9), (11, -19, 8), (12, -20, 8), (13, -20, 7)][/color]
[Peer: 440931918] [Turn 1] Mines check complete. Hit ships size: 0
[Peer: 440931918] [Turn 1] [color=cyan]  Checking ship Maelstrom (Side 2) at (10.000000, -18.000000, 8.000000) with path [(9, -20, 11), (9, -19, 10), (9, -18, 9), (10, -18, 8)][/color]
[Peer: 440931918] [Turn 1] [color=cyan]  Checking ship Carrion (Side 2) at (10.000000, -19.000000, 9.000000) with path [(8, -20, 12), (8, -19, 11), (9, -19, 10), (10, -19, 9)][/color]
[Peer: 440931918] [Turn 1] [color=cyan]  Checking ship Deathstroke (Side 2) at (14.000000, -22.000000, 8.000000) with path [(7, -20, 13), (7, -19, 12), (8, -19, 11), (9, -19, 10), (10, -19, 9), (11, -19, 8), (12, -20, 8), (13, -21, 8), (14, -22, 8)][/color]
[Peer: 440931918] [Turn 1] [color=cyan]  Checking ship Bludgeon (Side 2) at (1.000000, -13.000000, 12.000000) with path [(5, -20, 15), (5, -19, 14), (5, -18, 13), (4, -17, 13), (3, -16, 13), (2, -15, 13), (1, -14, 13), (1, -13, 12)][/color]
[Peer: 440931918] [Turn 1] [color=cyan]  Checking ship Viper (Side 2) at (11.000000, -19.000000, 8.000000) with path [(6, -20, 14), (6, -19, 13), (6, -18, 12), (7, -18, 11), (8, -18, 10), (9, -18, 9), (10, -18, 8), (11, -19, 8)][/color]
[Peer: 440931918] [Turn 1] [color=cyan]  Checking ship Sathar Fighter A (Side 2) at (13.000000, -20.000000, 7.000000) with path [(10, -18, 8), (10, -20, 10), (10, -19, 9), (11, -19, 8), (12, -19, 7), (13, -20, 7)][/color]
[Peer: 440931918] [Turn 1] [color=cyan]  Checking ship Sathar Fighter B (Side 2) at (12.000000, -21.000000, 9.000000) with path [(10, -18, 8), (10, -20, 10), (11, -20, 9), (12, -21, 9)][/color]
[Peer: 440931918] [Turn 1] [color=cyan]  Checking ship Sathar Fighter C (Side 2) at (10.000000, -22.000000, 12.000000) with path [(10, -18, 8), (10, -21, 11), (10, -22, 12)][/color]
[Peer: 440931918] [Turn 1] [color=cyan]  Checking ship Sathar Fighter D (Side 2) at (11.000000, -17.000000, 6.000000) with path [(10, -18, 8), (10, -20, 10), (10, -19, 9), (10, -18, 8), (10, -17, 7), (11, -17, 6)][/color]
[Peer: 440931918] [Turn 1] [color=cyan]  Checking ship Sathar Fighter E (Side 2) at (9.000000, -17.000000, 8.000000) with path [(10, -18, 8), (9, -19, 10), (9, -18, 9), (9, -17, 8)][/color]
[Peer: 440931918] [Turn 1] [color=cyan]  Checking ship Sathar Fighter F (Side 2) at (13.000000, -20.000000, 7.000000) with path [(10, -18, 8), (10, -20, 10), (10, -19, 9), (11, -19, 8), (12, -20, 8), (13, -20, 7)][/color]
[Peer: 440931918] [Turn 1] Mines check complete. Hit ships size: 0
[Peer: 440931918] [Turn 1] [color=cyan]  Checking ship Maelstrom (Side 2) at (10.000000, -18.000000, 8.000000) with path [(9, -20, 11), (9, -19, 10), (9, -18, 9), (10, -18, 8)][/color]
[Peer: 440931918] [Turn 1] [color=cyan]  Checking ship Carrion (Side 2) at (10.000000, -19.000000, 9.000000) with path [(8, -20, 12), (8, -19, 11), (9, -19, 10), (10, -19, 9)][/color]
[Peer: 440931918] [Turn 1] [color=cyan]  Checking ship Deathstroke (Side 2) at (14.000000, -22.000000, 8.000000) with path [(7, -20, 13), (7, -19, 12), (8, -19, 11), (9, -19, 10), (10, -19, 9), (11, -19, 8), (12, -20, 8), (13, -21, 8), (14, -22, 8)][/color]
[Peer: 440931918] [Turn 1] [color=cyan]  Checking ship Bludgeon (Side 2) at (1.000000, -13.000000, 12.000000) with path [(5, -20, 15), (5, -19, 14), (5, -18, 13), (4, -17, 13), (3, -16, 13), (2, -15, 13), (1, -14, 13), (1, -13, 12)][/color]
[Peer: 440931918] [Turn 1] [color=cyan]  Checking ship Viper (Side 2) at (11.000000, -19.000000, 8.000000) with path [(6, -20, 14), (6, -19, 13), (6, -18, 12), (7, -18, 11), (8, -18, 10), (9, -18, 9), (10, -18, 8), (11, -19, 8)][/color]
[Peer: 440931918] [Turn 1] [color=cyan]  Checking ship Sathar Fighter A (Side 2) at (13.000000, -20.000000, 7.000000) with path [(10, -18, 8), (10, -20, 10), (10, -19, 9), (11, -19, 8), (12, -19, 7), (13, -20, 7)][/color]
[Peer: 440931918] [Turn 1] [color=cyan]  Checking ship Sathar Fighter B (Side 2) at (12.000000, -21.000000, 9.000000) with path [(10, -18, 8), (10, -20, 10), (11, -20, 9), (12, -21, 9)][/color]
[Peer: 440931918] [Turn 1] [color=cyan]  Checking ship Sathar Fighter C (Side 2) at (10.000000, -22.000000, 12.000000) with path [(10, -18, 8), (10, -21, 11), (10, -22, 12)][/color]
[Peer: 440931918] [Turn 1] [color=cyan]  Checking ship Sathar Fighter D (Side 2) at (11.000000, -17.000000, 6.000000) with path [(10, -18, 8), (10, -20, 10), (10, -19, 9), (10, -18, 8), (10, -17, 7), (11, -17, 6)][/color]
[Peer: 440931918] [Turn 1] [color=cyan]  Checking ship Sathar Fighter E (Side 2) at (9.000000, -17.000000, 8.000000) with path [(10, -18, 8), (9, -19, 10), (9, -18, 9), (9, -17, 8)][/color]
[Peer: 440931918] [Turn 1] [color=cyan]  Checking ship Sathar Fighter F (Side 2) at (13.000000, -20.000000, 7.000000) with path [(10, -18, 8), (10, -20, 10), (10, -19, 9), (11, -19, 8), (12, -20, 8), (13, -20, 7)][/color]
[Peer: 440931918] [Turn 1] Mines check complete. Hit ships size: 0
[Peer: 440931918] [Turn 1] [color=cyan]  Checking ship Maelstrom (Side 2) at (10.000000, -18.000000, 8.000000) with path [(9, -20, 11), (9, -19, 10), (9, -18, 9), (10, -18, 8)][/color]
[Peer: 440931918] [Turn 1] [color=cyan]  Checking ship Carrion (Side 2) at (10.000000, -19.000000, 9.000000) with path [(8, -20, 12), (8, -19, 11), (9, -19, 10), (10, -19, 9)][/color]
[Peer: 440931918] [Turn 1] [color=cyan]  Checking ship Deathstroke (Side 2) at (14.000000, -22.000000, 8.000000) with path [(7, -20, 13), (7, -19, 12), (8, -19, 11), (9, -19, 10), (10, -19, 9), (11, -19, 8), (12, -20, 8), (13, -21, 8), (14, -22, 8)][/color]
[Peer: 440931918] [Turn 1] [color=cyan]  Checking ship Bludgeon (Side 2) at (1.000000, -13.000000, 12.000000) with path [(5, -20, 15), (5, -19, 14), (5, -18, 13), (4, -17, 13), (3, -16, 13), (2, -15, 13), (1, -14, 13), (1, -13, 12)][/color]
[Peer: 440931918] [Turn 1] [color=cyan]  Checking ship Viper (Side 2) at (11.000000, -19.000000, 8.000000) with path [(6, -20, 14), (6, -19, 13), (6, -18, 12), (7, -18, 11), (8, -18, 10), (9, -18, 9), (10, -18, 8), (11, -19, 8)][/color]
[Peer: 440931918] [Turn 1] [color=cyan]  Checking ship Sathar Fighter A (Side 2) at (13.000000, -20.000000, 7.000000) with path [(10, -18, 8), (10, -20, 10), (10, -19, 9), (11, -19, 8), (12, -19, 7), (13, -20, 7)][/color]
[Peer: 440931918] [Turn 1] [color=cyan]  Checking ship Sathar Fighter B (Side 2) at (12.000000, -21.000000, 9.000000) with path [(10, -18, 8), (10, -20, 10), (11, -20, 9), (12, -21, 9)][/color]
[Peer: 440931918] [Turn 1] [color=cyan]  Checking ship Sathar Fighter C (Side 2) at (10.000000, -22.000000, 12.000000) with path [(10, -18, 8), (10, -21, 11), (10, -22, 12)][/color]
[Peer: 440931918] [Turn 1] [color=cyan]  Checking ship Sathar Fighter D (Side 2) at (11.000000, -17.000000, 6.000000) with path [(10, -18, 8), (10, -20, 10), (10, -19, 9), (10, -18, 8), (10, -17, 7), (11, -17, 6)][/color]
[Peer: 440931918] [Turn 1] [color=cyan]  Checking ship Sathar Fighter E (Side 2) at (9.000000, -17.000000, 8.000000) with path [(10, -18, 8), (9, -19, 10), (9, -18, 9), (9, -17, 8)][/color]
[Peer: 440931918] [Turn 1] [color=cyan]  Checking ship Sathar Fighter F (Side 2) at (13.000000, -20.000000, 7.000000) with path [(10, -18, 8), (10, -20, 10), (10, -19, 9), (11, -19, 8), (12, -20, 8), (13, -20, 7)][/color]
[Peer: 440931918] [Turn 1] Mines check complete. Hit ships size: 0
[Peer: 440931918] [Turn 1] [color=cyan]  Checking ship Maelstrom (Side 2) at (10.000000, -18.000000, 8.000000) with path [(9, -20, 11), (9, -19, 10), (9, -18, 9), (10, -18, 8)][/color]
[Peer: 440931918] [Turn 1] [color=cyan]  Checking ship Carrion (Side 2) at (10.000000, -19.000000, 9.000000) with path [(8, -20, 12), (8, -19, 11), (9, -19, 10), (10, -19, 9)][/color]
[Peer: 440931918] [Turn 1] [color=cyan]  Checking ship Deathstroke (Side 2) at (14.000000, -22.000000, 8.000000) with path [(7, -20, 13), (7, -19, 12), (8, -19, 11), (9, -19, 10), (10, -19, 9), (11, -19, 8), (12, -20, 8), (13, -21, 8), (14, -22, 8)][/color]
[Peer: 440931918] [Turn 1] [color=cyan]  Checking ship Bludgeon (Side 2) at (1.000000, -13.000000, 12.000000) with path [(5, -20, 15), (5, -19, 14), (5, -18, 13), (4, -17, 13), (3, -16, 13), (2, -15, 13), (1, -14, 13), (1, -13, 12)][/color]
[Peer: 440931918] [Turn 1] [color=cyan]  Checking ship Viper (Side 2) at (11.000000, -19.000000, 8.000000) with path [(6, -20, 14), (6, -19, 13), (6, -18, 12), (7, -18, 11), (8, -18, 10), (9, -18, 9), (10, -18, 8), (11, -19, 8)][/color]
[Peer: 440931918] [Turn 1] [color=cyan]  Checking ship Sathar Fighter A (Side 2) at (13.000000, -20.000000, 7.000000) with path [(10, -18, 8), (10, -20, 10), (10, -19, 9), (11, -19, 8), (12, -19, 7), (13, -20, 7)][/color]
[Peer: 440931918] [Turn 1] [color=cyan]  Checking ship Sathar Fighter B (Side 2) at (12.000000, -21.000000, 9.000000) with path [(10, -18, 8), (10, -20, 10), (11, -20, 9), (12, -21, 9)][/color]
[Peer: 440931918] [Turn 1] [color=cyan]  Checking ship Sathar Fighter C (Side 2) at (10.000000, -22.000000, 12.000000) with path [(10, -18, 8), (10, -21, 11), (10, -22, 12)][/color]
[Peer: 440931918] [Turn 1] [color=cyan]  Checking ship Sathar Fighter D (Side 2) at (11.000000, -17.000000, 6.000000) with path [(10, -18, 8), (10, -20, 10), (10, -19, 9), (10, -18, 8), (10, -17, 7), (11, -17, 6)][/color]
[Peer: 440931918] [Turn 1] [color=cyan]  Checking ship Sathar Fighter E (Side 2) at (9.000000, -17.000000, 8.000000) with path [(10, -18, 8), (9, -19, 10), (9, -18, 9), (9, -17, 8)][/color]
[Peer: 440931918] [Turn 1] [color=cyan]  Checking ship Sathar Fighter F (Side 2) at (13.000000, -20.000000, 7.000000) with path [(10, -18, 8), (10, -20, 10), (10, -19, 9), (11, -19, 8), (12, -20, 8), (13, -20, 7)][/color]
[Peer: 440931918] [Turn 1] Mines check complete. Hit ships size: 0
[Peer: 440931918] [Turn 1] [color=cyan]  Checking ship Maelstrom (Side 2) at (10.000000, -18.000000, 8.000000) with path [(9, -20, 11), (9, -19, 10), (9, -18, 9), (10, -18, 8)][/color]
[Peer: 440931918] [Turn 1] [color=cyan]  Checking ship Carrion (Side 2) at (10.000000, -19.000000, 9.000000) with path [(8, -20, 12), (8, -19, 11), (9, -19, 10), (10, -19, 9)][/color]
[Peer: 440931918] [Turn 1] [color=cyan]  Checking ship Deathstroke (Side 2) at (14.000000, -22.000000, 8.000000) with path [(7, -20, 13), (7, -19, 12), (8, -19, 11), (9, -19, 10), (10, -19, 9), (11, -19, 8), (12, -20, 8), (13, -21, 8), (14, -22, 8)][/color]
[Peer: 440931918] [Turn 1] [color=cyan]  Checking ship Bludgeon (Side 2) at (1.000000, -13.000000, 12.000000) with path [(5, -20, 15), (5, -19, 14), (5, -18, 13), (4, -17, 13), (3, -16, 13), (2, -15, 13), (1, -14, 13), (1, -13, 12)][/color]
[Peer: 440931918] [Turn 1] [color=cyan]  Checking ship Viper (Side 2) at (11.000000, -19.000000, 8.000000) with path [(6, -20, 14), (6, -19, 13), (6, -18, 12), (7, -18, 11), (8, -18, 10), (9, -18, 9), (10, -18, 8), (11, -19, 8)][/color]
[Peer: 440931918] [Turn 1] [color=cyan]  Checking ship Sathar Fighter A (Side 2) at (13.000000, -20.000000, 7.000000) with path [(10, -18, 8), (10, -20, 10), (10, -19, 9), (11, -19, 8), (12, -19, 7), (13, -20, 7)][/color]
[Peer: 440931918] [Turn 1] [color=cyan]  Checking ship Sathar Fighter B (Side 2) at (12.000000, -21.000000, 9.000000) with path [(10, -18, 8), (10, -20, 10), (11, -20, 9), (12, -21, 9)][/color]
[Peer: 440931918] [Turn 1] [color=cyan]  Checking ship Sathar Fighter C (Side 2) at (10.000000, -22.000000, 12.000000) with path [(10, -18, 8), (10, -21, 11), (10, -22, 12)][/color]
[Peer: 440931918] [Turn 1] [color=cyan]  Checking ship Sathar Fighter D (Side 2) at (11.000000, -17.000000, 6.000000) with path [(10, -18, 8), (10, -20, 10), (10, -19, 9), (10, -18, 8), (10, -17, 7), (11, -17, 6)][/color]
[Peer: 440931918] [Turn 1] [color=cyan]  Checking ship Sathar Fighter E (Side 2) at (9.000000, -17.000000, 8.000000) with path [(10, -18, 8), (9, -19, 10), (9, -18, 9), (9, -17, 8)][/color]
[Peer: 440931918] [Turn 1] [color=cyan]  Checking ship Sathar Fighter F (Side 2) at (13.000000, -20.000000, 7.000000) with path [(10, -18, 8), (10, -20, 10), (10, -19, 9), (11, -19, 8), (12, -20, 8), (13, -20, 7)][/color]
[Peer: 440931918] [Turn 1] Mines check complete. Hit ships size: 0
[Peer: 440931918] [Turn 1] [color=cyan]  Checking ship Maelstrom (Side 2) at (10.000000, -18.000000, 8.000000) with path [(9, -20, 11), (9, -19, 10), (9, -18, 9), (10, -18, 8)][/color]
[Peer: 440931918] [Turn 1] [color=cyan]  Checking ship Carrion (Side 2) at (10.000000, -19.000000, 9.000000) with path [(8, -20, 12), (8, -19, 11), (9, -19, 10), (10, -19, 9)][/color]
[Peer: 440931918] [Turn 1] [color=cyan]  Checking ship Deathstroke (Side 2) at (14.000000, -22.000000, 8.000000) with path [(7, -20, 13), (7, -19, 12), (8, -19, 11), (9, -19, 10), (10, -19, 9), (11, -19, 8), (12, -20, 8), (13, -21, 8), (14, -22, 8)][/color]
[Peer: 440931918] [Turn 1] [color=cyan]  Checking ship Bludgeon (Side 2) at (1.000000, -13.000000, 12.000000) with path [(5, -20, 15), (5, -19, 14), (5, -18, 13), (4, -17, 13), (3, -16, 13), (2, -15, 13), (1, -14, 13), (1, -13, 12)][/color]
[Peer: 440931918] [Turn 1] [color=cyan]  Checking ship Viper (Side 2) at (11.000000, -19.000000, 8.000000) with path [(6, -20, 14), (6, -19, 13), (6, -18, 12), (7, -18, 11), (8, -18, 10), (9, -18, 9), (10, -18, 8), (11, -19, 8)][/color]
[Peer: 440931918] [Turn 1] [color=cyan]  Checking ship Sathar Fighter A (Side 2) at (13.000000, -20.000000, 7.000000) with path [(10, -18, 8), (10, -20, 10), (10, -19, 9), (11, -19, 8), (12, -19, 7), (13, -20, 7)][/color]
[Peer: 440931918] [Turn 1] [color=cyan]  Checking ship Sathar Fighter B (Side 2) at (12.000000, -21.000000, 9.000000) with path [(10, -18, 8), (10, -20, 10), (11, -20, 9), (12, -21, 9)][/color]
[Peer: 440931918] [Turn 1] [color=cyan]  Checking ship Sathar Fighter C (Side 2) at (10.000000, -22.000000, 12.000000) with path [(10, -18, 8), (10, -21, 11), (10, -22, 12)][/color]
[Peer: 440931918] [Turn 1] [color=cyan]  Checking ship Sathar Fighter D (Side 2) at (11.000000, -17.000000, 6.000000) with path [(10, -18, 8), (10, -20, 10), (10, -19, 9), (10, -18, 8), (10, -17, 7), (11, -17, 6)][/color]
[Peer: 440931918] [Turn 1] [color=cyan]  Checking ship Sathar Fighter E (Side 2) at (9.000000, -17.000000, 8.000000) with path [(10, -18, 8), (9, -19, 10), (9, -18, 9), (9, -17, 8)][/color]
[Peer: 440931918] [Turn 1] [color=cyan]  Checking ship Sathar Fighter F (Side 2) at (13.000000, -20.000000, 7.000000) with path [(10, -18, 8), (10, -20, 10), (10, -19, 9), (11, -19, 8), (12, -20, 8), (13, -20, 7)][/color]
[Peer: 440931918] [Turn 1] Mines check complete. Hit ships size: 0
[Peer: 440931918] [Turn 1] [color=cyan]  Checking ship Maelstrom (Side 2) at (10.000000, -18.000000, 8.000000) with path [(9, -20, 11), (9, -19, 10), (9, -18, 9), (10, -18, 8)][/color]
[Peer: 440931918] [Turn 1] [color=cyan]  Checking ship Carrion (Side 2) at (10.000000, -19.000000, 9.000000) with path [(8, -20, 12), (8, -19, 11), (9, -19, 10), (10, -19, 9)][/color]
[Peer: 440931918] [Turn 1] [color=cyan]  Checking ship Deathstroke (Side 2) at (14.000000, -22.000000, 8.000000) with path [(7, -20, 13), (7, -19, 12), (8, -19, 11), (9, -19, 10), (10, -19, 9), (11, -19, 8), (12, -20, 8), (13, -21, 8), (14, -22, 8)][/color]
[Peer: 440931918] [Turn 1] [color=cyan]  Checking ship Bludgeon (Side 2) at (1.000000, -13.000000, 12.000000) with path [(5, -20, 15), (5, -19, 14), (5, -18, 13), (4, -17, 13), (3, -16, 13), (2, -15, 13), (1, -14, 13), (1, -13, 12)][/color]
[Peer: 440931918] [Turn 1] [color=cyan]  Checking ship Viper (Side 2) at (11.000000, -19.000000, 8.000000) with path [(6, -20, 14), (6, -19, 13), (6, -18, 12), (7, -18, 11), (8, -18, 10), (9, -18, 9), (10, -18, 8), (11, -19, 8)][/color]
[Peer: 440931918] [Turn 1] [color=cyan]  Checking ship Sathar Fighter A (Side 2) at (13.000000, -20.000000, 7.000000) with path [(10, -18, 8), (10, -20, 10), (10, -19, 9), (11, -19, 8), (12, -19, 7), (13, -20, 7)][/color]
[Peer: 440931918] [Turn 1] [color=cyan]  Checking ship Sathar Fighter B (Side 2) at (12.000000, -21.000000, 9.000000) with path [(10, -18, 8), (10, -20, 10), (11, -20, 9), (12, -21, 9)][/color]
[Peer: 440931918] [Turn 1] [color=cyan]  Checking ship Sathar Fighter C (Side 2) at (10.000000, -22.000000, 12.000000) with path [(10, -18, 8), (10, -21, 11), (10, -22, 12)][/color]
[Peer: 440931918] [Turn 1] [color=cyan]  Checking ship Sathar Fighter D (Side 2) at (11.000000, -17.000000, 6.000000) with path [(10, -18, 8), (10, -20, 10), (10, -19, 9), (10, -18, 8), (10, -17, 7), (11, -17, 6)][/color]
[Peer: 440931918] [Turn 1] [color=cyan]  Checking ship Sathar Fighter E (Side 2) at (9.000000, -17.000000, 8.000000) with path [(10, -18, 8), (9, -19, 10), (9, -18, 9), (9, -17, 8)][/color]
[Peer: 440931918] [Turn 1] [color=cyan]  Checking ship Sathar Fighter F (Side 2) at (13.000000, -20.000000, 7.000000) with path [(10, -18, 8), (10, -20, 10), (10, -19, 9), (11, -19, 8), (12, -20, 8), (13, -20, 7)][/color]
[Peer: 440931918] [Turn 1] Mines check complete. Hit ships size: 0
[Peer: 440931918] [Turn 1] [color=cyan]  Checking ship Maelstrom (Side 2) at (10.000000, -18.000000, 8.000000) with path [(9, -20, 11), (9, -19, 10), (9, -18, 9), (10, -18, 8)][/color]
[Peer: 440931918] [Turn 1] [color=cyan]  Checking ship Carrion (Side 2) at (10.000000, -19.000000, 9.000000) with path [(8, -20, 12), (8, -19, 11), (9, -19, 10), (10, -19, 9)][/color]
[Peer: 440931918] [Turn 1] [color=cyan]  Checking ship Deathstroke (Side 2) at (14.000000, -22.000000, 8.000000) with path [(7, -20, 13), (7, -19, 12), (8, -19, 11), (9, -19, 10), (10, -19, 9), (11, -19, 8), (12, -20, 8), (13, -21, 8), (14, -22, 8)][/color]
[Peer: 440931918] [Turn 1] [color=cyan]  Checking ship Bludgeon (Side 2) at (1.000000, -13.000000, 12.000000) with path [(5, -20, 15), (5, -19, 14), (5, -18, 13), (4, -17, 13), (3, -16, 13), (2, -15, 13), (1, -14, 13), (1, -13, 12)][/color]
[Peer: 440931918] [Turn 1] [color=cyan]  Checking ship Viper (Side 2) at (11.000000, -19.000000, 8.000000) with path [(6, -20, 14), (6, -19, 13), (6, -18, 12), (7, -18, 11), (8, -18, 10), (9, -18, 9), (10, -18, 8), (11, -19, 8)][/color]
[Peer: 440931918] [Turn 1] [color=cyan]  Checking ship Sathar Fighter A (Side 2) at (13.000000, -20.000000, 7.000000) with path [(10, -18, 8), (10, -20, 10), (10, -19, 9), (11, -19, 8), (12, -19, 7), (13, -20, 7)][/color]
[Peer: 440931918] [Turn 1] [color=cyan]  Checking ship Sathar Fighter B (Side 2) at (12.000000, -21.000000, 9.000000) with path [(10, -18, 8), (10, -20, 10), (11, -20, 9), (12, -21, 9)][/color]
[Peer: 440931918] [Turn 1] [color=cyan]  Checking ship Sathar Fighter C (Side 2) at (10.000000, -22.000000, 12.000000) with path [(10, -18, 8), (10, -21, 11), (10, -22, 12)][/color]
[Peer: 440931918] [Turn 1] [color=cyan]  Checking ship Sathar Fighter D (Side 2) at (11.000000, -17.000000, 6.000000) with path [(10, -18, 8), (10, -20, 10), (10, -19, 9), (10, -18, 8), (10, -17, 7), (11, -17, 6)][/color]
[Peer: 440931918] [Turn 1] [color=cyan]  Checking ship Sathar Fighter E (Side 2) at (9.000000, -17.000000, 8.000000) with path [(10, -18, 8), (9, -19, 10), (9, -18, 9), (9, -17, 8)][/color]
[Peer: 440931918] [Turn 1] [color=cyan]  Checking ship Sathar Fighter F (Side 2) at (13.000000, -20.000000, 7.000000) with path [(10, -18, 8), (10, -20, 10), (10, -19, 9), (11, -19, 8), (12, -20, 8), (13, -20, 7)][/color]
[Peer: 440931918] [Turn 1] Mines check complete. Hit ships size: 0
[Peer: 440931918] [Turn 1] [color=cyan]  Checking ship Maelstrom (Side 2) at (10.000000, -18.000000, 8.000000) with path [(9, -20, 11), (9, -19, 10), (9, -18, 9), (10, -18, 8)][/color]
[Peer: 440931918] [Turn 1] [color=cyan]  Checking ship Carrion (Side 2) at (10.000000, -19.000000, 9.000000) with path [(8, -20, 12), (8, -19, 11), (9, -19, 10), (10, -19, 9)][/color]
[Peer: 440931918] [Turn 1] [color=cyan]  Checking ship Deathstroke (Side 2) at (14.000000, -22.000000, 8.000000) with path [(7, -20, 13), (7, -19, 12), (8, -19, 11), (9, -19, 10), (10, -19, 9), (11, -19, 8), (12, -20, 8), (13, -21, 8), (14, -22, 8)][/color]
[Peer: 440931918] [Turn 1] [color=cyan]  Checking ship Bludgeon (Side 2) at (1.000000, -13.000000, 12.000000) with path [(5, -20, 15), (5, -19, 14), (5, -18, 13), (4, -17, 13), (3, -16, 13), (2, -15, 13), (1, -14, 13), (1, -13, 12)][/color]
[Peer: 440931918] [Turn 1] [color=cyan]  Checking ship Viper (Side 2) at (11.000000, -19.000000, 8.000000) with path [(6, -20, 14), (6, -19, 13), (6, -18, 12), (7, -18, 11), (8, -18, 10), (9, -18, 9), (10, -18, 8), (11, -19, 8)][/color]
[Peer: 440931918] [Turn 1] [color=cyan]  Checking ship Sathar Fighter A (Side 2) at (13.000000, -20.000000, 7.000000) with path [(10, -18, 8), (10, -20, 10), (10, -19, 9), (11, -19, 8), (12, -19, 7), (13, -20, 7)][/color]
[Peer: 440931918] [Turn 1] [color=cyan]  Checking ship Sathar Fighter B (Side 2) at (12.000000, -21.000000, 9.000000) with path [(10, -18, 8), (10, -20, 10), (11, -20, 9), (12, -21, 9)][/color]
[Peer: 440931918] [Turn 1] [color=cyan]  Checking ship Sathar Fighter C (Side 2) at (10.000000, -22.000000, 12.000000) with path [(10, -18, 8), (10, -21, 11), (10, -22, 12)][/color]
[Peer: 440931918] [Turn 1] [color=cyan]  Checking ship Sathar Fighter D (Side 2) at (11.000000, -17.000000, 6.000000) with path [(10, -18, 8), (10, -20, 10), (10, -19, 9), (10, -18, 8), (10, -17, 7), (11, -17, 6)][/color]
[Peer: 440931918] [Turn 1] [color=cyan]  Checking ship Sathar Fighter E (Side 2) at (9.000000, -17.000000, 8.000000) with path [(10, -18, 8), (9, -19, 10), (9, -18, 9), (9, -17, 8)][/color]
[Peer: 440931918] [Turn 1] [color=cyan]  Checking ship Sathar Fighter F (Side 2) at (13.000000, -20.000000, 7.000000) with path [(10, -18, 8), (10, -20, 10), (10, -19, 9), (11, -19, 8), (12, -20, 8), (13, -20, 7)][/color]
[Peer: 440931918] [Turn 1] Mines check complete. Hit ships size: 0
[Peer: 440931918] [Turn 1] [color=cyan]  Checking ship Maelstrom (Side 2) at (10.000000, -18.000000, 8.000000) with path [(9, -20, 11), (9, -19, 10), (9, -18, 9), (10, -18, 8)][/color]
[Peer: 440931918] [Turn 1] [color=cyan]  Checking ship Carrion (Side 2) at (10.000000, -19.000000, 9.000000) with path [(8, -20, 12), (8, -19, 11), (9, -19, 10), (10, -19, 9)][/color]
[Peer: 440931918] [Turn 1] [color=cyan]  Checking ship Deathstroke (Side 2) at (14.000000, -22.000000, 8.000000) with path [(7, -20, 13), (7, -19, 12), (8, -19, 11), (9, -19, 10), (10, -19, 9), (11, -19, 8), (12, -20, 8), (13, -21, 8), (14, -22, 8)][/color]
[Peer: 440931918] [Turn 1] [color=cyan]  Checking ship Bludgeon (Side 2) at (1.000000, -13.000000, 12.000000) with path [(5, -20, 15), (5, -19, 14), (5, -18, 13), (4, -17, 13), (3, -16, 13), (2, -15, 13), (1, -14, 13), (1, -13, 12)][/color]
[Peer: 440931918] [Turn 1] [color=cyan]  Checking ship Viper (Side 2) at (11.000000, -19.000000, 8.000000) with path [(6, -20, 14), (6, -19, 13), (6, -18, 12), (7, -18, 11), (8, -18, 10), (9, -18, 9), (10, -18, 8), (11, -19, 8)][/color]
[Peer: 440931918] [Turn 1] [color=cyan]  Checking ship Sathar Fighter A (Side 2) at (13.000000, -20.000000, 7.000000) with path [(10, -18, 8), (10, -20, 10), (10, -19, 9), (11, -19, 8), (12, -19, 7), (13, -20, 7)][/color]
[Peer: 440931918] [Turn 1] [color=cyan]  Checking ship Sathar Fighter B (Side 2) at (12.000000, -21.000000, 9.000000) with path [(10, -18, 8), (10, -20, 10), (11, -20, 9), (12, -21, 9)][/color]
[Peer: 440931918] [Turn 1] [color=cyan]  Checking ship Sathar Fighter C (Side 2) at (10.000000, -22.000000, 12.000000) with path [(10, -18, 8), (10, -21, 11), (10, -22, 12)][/color]
[Peer: 440931918] [Turn 1] [color=cyan]  Checking ship Sathar Fighter D (Side 2) at (11.000000, -17.000000, 6.000000) with path [(10, -18, 8), (10, -20, 10), (10, -19, 9), (10, -18, 8), (10, -17, 7), (11, -17, 6)][/color]
[Peer: 440931918] [Turn 1] [color=cyan]  Checking ship Sathar Fighter E (Side 2) at (9.000000, -17.000000, 8.000000) with path [(10, -18, 8), (9, -19, 10), (9, -18, 9), (9, -17, 8)][/color]
[Peer: 440931918] [Turn 1] [color=cyan]  Checking ship Sathar Fighter F (Side 2) at (13.000000, -20.000000, 7.000000) with path [(10, -18, 8), (10, -20, 10), (10, -19, 9), (11, -19, 8), (12, -20, 8), (13, -20, 7)][/color]
[Peer: 440931918] [Turn 1] Mines check complete. Hit ships size: 0
[Peer: 440931918] [Turn 1] [color=cyan]  Checking ship Maelstrom (Side 2) at (10.000000, -18.000000, 8.000000) with path [(9, -20, 11), (9, -19, 10), (9, -18, 9), (10, -18, 8)][/color]
[Peer: 440931918] [Turn 1] [color=cyan]  Checking ship Carrion (Side 2) at (10.000000, -19.000000, 9.000000) with path [(8, -20, 12), (8, -19, 11), (9, -19, 10), (10, -19, 9)][/color]
[Peer: 440931918] [Turn 1] [color=cyan]  Checking ship Deathstroke (Side 2) at (14.000000, -22.000000, 8.000000) with path [(7, -20, 13), (7, -19, 12), (8, -19, 11), (9, -19, 10), (10, -19, 9), (11, -19, 8), (12, -20, 8), (13, -21, 8), (14, -22, 8)][/color]
[Peer: 440931918] [Turn 1] [color=cyan]  Checking ship Bludgeon (Side 2) at (1.000000, -13.000000, 12.000000) with path [(5, -20, 15), (5, -19, 14), (5, -18, 13), (4, -17, 13), (3, -16, 13), (2, -15, 13), (1, -14, 13), (1, -13, 12)][/color]
[Peer: 440931918] [Turn 1] [color=cyan]  Checking ship Viper (Side 2) at (11.000000, -19.000000, 8.000000) with path [(6, -20, 14), (6, -19, 13), (6, -18, 12), (7, -18, 11), (8, -18, 10), (9, -18, 9), (10, -18, 8), (11, -19, 8)][/color]
[Peer: 440931918] [Turn 1] [color=cyan]  Checking ship Sathar Fighter A (Side 2) at (13.000000, -20.000000, 7.000000) with path [(10, -18, 8), (10, -20, 10), (10, -19, 9), (11, -19, 8), (12, -19, 7), (13, -20, 7)][/color]
[Peer: 440931918] [Turn 1] [color=cyan]  Checking ship Sathar Fighter B (Side 2) at (12.000000, -21.000000, 9.000000) with path [(10, -18, 8), (10, -20, 10), (11, -20, 9), (12, -21, 9)][/color]
[Peer: 440931918] [Turn 1] [color=cyan]  Checking ship Sathar Fighter C (Side 2) at (10.000000, -22.000000, 12.000000) with path [(10, -18, 8), (10, -21, 11), (10, -22, 12)][/color]
[Peer: 440931918] [Turn 1] [color=cyan]  Checking ship Sathar Fighter D (Side 2) at (11.000000, -17.000000, 6.000000) with path [(10, -18, 8), (10, -20, 10), (10, -19, 9), (10, -18, 8), (10, -17, 7), (11, -17, 6)][/color]
[Peer: 440931918] [Turn 1] [color=cyan]  Checking ship Sathar Fighter E (Side 2) at (9.000000, -17.000000, 8.000000) with path [(10, -18, 8), (9, -19, 10), (9, -18, 9), (9, -17, 8)][/color]
[Peer: 440931918] [Turn 1] [color=cyan]  Checking ship Sathar Fighter F (Side 2) at (13.000000, -20.000000, 7.000000) with path [(10, -18, 8), (10, -20, 10), (10, -19, 9), (11, -19, 8), (12, -20, 8), (13, -20, 7)][/color]
[Peer: 440931918] [Turn 1] Mines check complete. Hit ships size: 0
[Peer: 440931918] [Turn 1] [color=cyan]  Checking ship Maelstrom (Side 2) at (10.000000, -18.000000, 8.000000) with path [(9, -20, 11), (9, -19, 10), (9, -18, 9), (10, -18, 8)][/color]
[Peer: 440931918] [Turn 1] [color=cyan]  Checking ship Carrion (Side 2) at (10.000000, -19.000000, 9.000000) with path [(8, -20, 12), (8, -19, 11), (9, -19, 10), (10, -19, 9)][/color]
[Peer: 440931918] [Turn 1] [color=cyan]  Checking ship Deathstroke (Side 2) at (14.000000, -22.000000, 8.000000) with path [(7, -20, 13), (7, -19, 12), (8, -19, 11), (9, -19, 10), (10, -19, 9), (11, -19, 8), (12, -20, 8), (13, -21, 8), (14, -22, 8)][/color]
[Peer: 440931918] [Turn 1] [color=cyan]  Checking ship Bludgeon (Side 2) at (1.000000, -13.000000, 12.000000) with path [(5, -20, 15), (5, -19, 14), (5, -18, 13), (4, -17, 13), (3, -16, 13), (2, -15, 13), (1, -14, 13), (1, -13, 12)][/color]
[Peer: 440931918] [Turn 1] [color=cyan]  Checking ship Viper (Side 2) at (11.000000, -19.000000, 8.000000) with path [(6, -20, 14), (6, -19, 13), (6, -18, 12), (7, -18, 11), (8, -18, 10), (9, -18, 9), (10, -18, 8), (11, -19, 8)][/color]
[Peer: 440931918] [Turn 1] [color=cyan]  Checking ship Sathar Fighter A (Side 2) at (13.000000, -20.000000, 7.000000) with path [(10, -18, 8), (10, -20, 10), (10, -19, 9), (11, -19, 8), (12, -19, 7), (13, -20, 7)][/color]
[Peer: 440931918] [Turn 1] [color=cyan]  Checking ship Sathar Fighter B (Side 2) at (12.000000, -21.000000, 9.000000) with path [(10, -18, 8), (10, -20, 10), (11, -20, 9), (12, -21, 9)][/color]
[Peer: 440931918] [Turn 1] [color=cyan]  Checking ship Sathar Fighter C (Side 2) at (10.000000, -22.000000, 12.000000) with path [(10, -18, 8), (10, -21, 11), (10, -22, 12)][/color]
[Peer: 440931918] [Turn 1] [color=cyan]  Checking ship Sathar Fighter D (Side 2) at (11.000000, -17.000000, 6.000000) with path [(10, -18, 8), (10, -20, 10), (10, -19, 9), (10, -18, 8), (10, -17, 7), (11, -17, 6)][/color]
[Peer: 440931918] [Turn 1] [color=cyan]  Checking ship Sathar Fighter E (Side 2) at (9.000000, -17.000000, 8.000000) with path [(10, -18, 8), (9, -19, 10), (9, -18, 9), (9, -17, 8)][/color]
[Peer: 440931918] [Turn 1] [color=cyan]  Checking ship Sathar Fighter F (Side 2) at (13.000000, -20.000000, 7.000000) with path [(10, -18, 8), (10, -20, 10), (10, -19, 9), (11, -19, 8), (12, -20, 8), (13, -20, 7)][/color]
[Peer: 440931918] [Turn 1] Mines check complete. Hit ships size: 0
[Peer: 440931918] [Turn 1] [color=cyan]  Checking ship Maelstrom (Side 2) at (10.000000, -18.000000, 8.000000) with path [(9, -20, 11), (9, -19, 10), (9, -18, 9), (10, -18, 8)][/color]
[Peer: 440931918] [Turn 1] [color=cyan]  Checking ship Carrion (Side 2) at (10.000000, -19.000000, 9.000000) with path [(8, -20, 12), (8, -19, 11), (9, -19, 10), (10, -19, 9)][/color]
[Peer: 440931918] [Turn 1] [color=cyan]  Checking ship Deathstroke (Side 2) at (14.000000, -22.000000, 8.000000) with path [(7, -20, 13), (7, -19, 12), (8, -19, 11), (9, -19, 10), (10, -19, 9), (11, -19, 8), (12, -20, 8), (13, -21, 8), (14, -22, 8)][/color]
[Peer: 440931918] [Turn 1] [color=cyan]  Checking ship Bludgeon (Side 2) at (1.000000, -13.000000, 12.000000) with path [(5, -20, 15), (5, -19, 14), (5, -18, 13), (4, -17, 13), (3, -16, 13), (2, -15, 13), (1, -14, 13), (1, -13, 12)][/color]
[Peer: 440931918] [Turn 1] [color=cyan]  Checking ship Viper (Side 2) at (11.000000, -19.000000, 8.000000) with path [(6, -20, 14), (6, -19, 13), (6, -18, 12), (7, -18, 11), (8, -18, 10), (9, -18, 9), (10, -18, 8), (11, -19, 8)][/color]
[Peer: 440931918] [Turn 1] [color=cyan]  Checking ship Sathar Fighter A (Side 2) at (13.000000, -20.000000, 7.000000) with path [(10, -18, 8), (10, -20, 10), (10, -19, 9), (11, -19, 8), (12, -19, 7), (13, -20, 7)][/color]
[Peer: 440931918] [Turn 1] [color=cyan]  Checking ship Sathar Fighter B (Side 2) at (12.000000, -21.000000, 9.000000) with path [(10, -18, 8), (10, -20, 10), (11, -20, 9), (12, -21, 9)][/color]
[Peer: 440931918] [Turn 1] [color=cyan]  Checking ship Sathar Fighter C (Side 2) at (10.000000, -22.000000, 12.000000) with path [(10, -18, 8), (10, -21, 11), (10, -22, 12)][/color]
[Peer: 440931918] [Turn 1] [color=cyan]  Checking ship Sathar Fighter D (Side 2) at (11.000000, -17.000000, 6.000000) with path [(10, -18, 8), (10, -20, 10), (10, -19, 9), (10, -18, 8), (10, -17, 7), (11, -17, 6)][/color]
[Peer: 440931918] [Turn 1] [color=cyan]  Checking ship Sathar Fighter E (Side 2) at (9.000000, -17.000000, 8.000000) with path [(10, -18, 8), (9, -19, 10), (9, -18, 9), (9, -17, 8)][/color]
[Peer: 440931918] [Turn 1] [color=cyan]  Checking ship Sathar Fighter F (Side 2) at (13.000000, -20.000000, 7.000000) with path [(10, -18, 8), (10, -20, 10), (10, -19, 9), (11, -19, 8), (12, -20, 8), (13, -20, 7)][/color]
[Peer: 440931918] [Turn 1] Mines check complete. Hit ships size: 0
[Peer: 440931918] [Turn 1] [color=cyan]  Checking ship Maelstrom (Side 2) at (10.000000, -18.000000, 8.000000) with path [(9, -20, 11), (9, -19, 10), (9, -18, 9), (10, -18, 8)][/color]
[Peer: 440931918] [Turn 1] [color=cyan]  Checking ship Carrion (Side 2) at (10.000000, -19.000000, 9.000000) with path [(8, -20, 12), (8, -19, 11), (9, -19, 10), (10, -19, 9)][/color]
[Peer: 440931918] [Turn 1] [color=cyan]  Checking ship Deathstroke (Side 2) at (14.000000, -22.000000, 8.000000) with path [(7, -20, 13), (7, -19, 12), (8, -19, 11), (9, -19, 10), (10, -19, 9), (11, -19, 8), (12, -20, 8), (13, -21, 8), (14, -22, 8)][/color]
[Peer: 440931918] [Turn 1] [color=cyan]  Checking ship Bludgeon (Side 2) at (1.000000, -13.000000, 12.000000) with path [(5, -20, 15), (5, -19, 14), (5, -18, 13), (4, -17, 13), (3, -16, 13), (2, -15, 13), (1, -14, 13), (1, -13, 12)][/color]
[Peer: 440931918] [Turn 1] [color=cyan]  Checking ship Viper (Side 2) at (11.000000, -19.000000, 8.000000) with path [(6, -20, 14), (6, -19, 13), (6, -18, 12), (7, -18, 11), (8, -18, 10), (9, -18, 9), (10, -18, 8), (11, -19, 8)][/color]
[Peer: 440931918] [Turn 1] [color=cyan]  Checking ship Sathar Fighter A (Side 2) at (13.000000, -20.000000, 7.000000) with path [(10, -18, 8), (10, -20, 10), (10, -19, 9), (11, -19, 8), (12, -19, 7), (13, -20, 7)][/color]
[Peer: 440931918] [Turn 1] [color=cyan]  Checking ship Sathar Fighter B (Side 2) at (12.000000, -21.000000, 9.000000) with path [(10, -18, 8), (10, -20, 10), (11, -20, 9), (12, -21, 9)][/color]
[Peer: 440931918] [Turn 1] [color=cyan]  Checking ship Sathar Fighter C (Side 2) at (10.000000, -22.000000, 12.000000) with path [(10, -18, 8), (10, -21, 11), (10, -22, 12)][/color]
[Peer: 440931918] [Turn 1] [color=cyan]  Checking ship Sathar Fighter D (Side 2) at (11.000000, -17.000000, 6.000000) with path [(10, -18, 8), (10, -20, 10), (10, -19, 9), (10, -18, 8), (10, -17, 7), (11, -17, 6)][/color]
[Peer: 440931918] [Turn 1] [color=cyan]  Checking ship Sathar Fighter E (Side 2) at (9.000000, -17.000000, 8.000000) with path [(10, -18, 8), (9, -19, 10), (9, -18, 9), (9, -17, 8)][/color]
[Peer: 440931918] [Turn 1] [color=cyan]  Checking ship Sathar Fighter F (Side 2) at (13.000000, -20.000000, 7.000000) with path [(10, -18, 8), (10, -20, 10), (10, -19, 9), (11, -19, 8), (12, -20, 8), (13, -20, 7)][/color]
[Peer: 440931918] [Turn 1] Mines check complete. Hit ships size: 0
[Peer: 440931918] [Turn 1] [color=cyan]  Checking ship Maelstrom (Side 2) at (10.000000, -18.000000, 8.000000) with path [(9, -20, 11), (9, -19, 10), (9, -18, 9), (10, -18, 8)][/color]
[Peer: 440931918] [Turn 1] [color=cyan]  Checking ship Carrion (Side 2) at (10.000000, -19.000000, 9.000000) with path [(8, -20, 12), (8, -19, 11), (9, -19, 10), (10, -19, 9)][/color]
[Peer: 440931918] [Turn 1] [color=cyan]  Checking ship Deathstroke (Side 2) at (14.000000, -22.000000, 8.000000) with path [(7, -20, 13), (7, -19, 12), (8, -19, 11), (9, -19, 10), (10, -19, 9), (11, -19, 8), (12, -20, 8), (13, -21, 8), (14, -22, 8)][/color]
[Peer: 440931918] [Turn 1] [color=cyan]  Checking ship Bludgeon (Side 2) at (1.000000, -13.000000, 12.000000) with path [(5, -20, 15), (5, -19, 14), (5, -18, 13), (4, -17, 13), (3, -16, 13), (2, -15, 13), (1, -14, 13), (1, -13, 12)][/color]
[Peer: 440931918] [Turn 1] [color=cyan]  Checking ship Viper (Side 2) at (11.000000, -19.000000, 8.000000) with path [(6, -20, 14), (6, -19, 13), (6, -18, 12), (7, -18, 11), (8, -18, 10), (9, -18, 9), (10, -18, 8), (11, -19, 8)][/color]
[Peer: 440931918] [Turn 1] [color=cyan]  Checking ship Sathar Fighter A (Side 2) at (13.000000, -20.000000, 7.000000) with path [(10, -18, 8), (10, -20, 10), (10, -19, 9), (11, -19, 8), (12, -19, 7), (13, -20, 7)][/color]
[Peer: 440931918] [Turn 1] [color=cyan]  Checking ship Sathar Fighter B (Side 2) at (12.000000, -21.000000, 9.000000) with path [(10, -18, 8), (10, -20, 10), (11, -20, 9), (12, -21, 9)][/color]
[Peer: 440931918] [Turn 1] [color=cyan]  Checking ship Sathar Fighter C (Side 2) at (10.000000, -22.000000, 12.000000) with path [(10, -18, 8), (10, -21, 11), (10, -22, 12)][/color]
[Peer: 440931918] [Turn 1] [color=cyan]  Checking ship Sathar Fighter D (Side 2) at (11.000000, -17.000000, 6.000000) with path [(10, -18, 8), (10, -20, 10), (10, -19, 9), (10, -18, 8), (10, -17, 7), (11, -17, 6)][/color]
[Peer: 440931918] [Turn 1] [color=cyan]  Checking ship Sathar Fighter E (Side 2) at (9.000000, -17.000000, 8.000000) with path [(10, -18, 8), (9, -19, 10), (9, -18, 9), (9, -17, 8)][/color]
[Peer: 440931918] [Turn 1] [color=cyan]  Checking ship Sathar Fighter F (Side 2) at (13.000000, -20.000000, 7.000000) with path [(10, -18, 8), (10, -20, 10), (10, -19, 9), (11, -19, 8), (12, -20, 8), (13, -20, 7)][/color]
[Peer: 440931918] [Turn 1] Mines check complete. Hit ships size: 0
[Peer: 440931918] [Turn 1] [color=cyan]  Checking ship Maelstrom (Side 2) at (10.000000, -18.000000, 8.000000) with path [(9, -20, 11), (9, -19, 10), (9, -18, 9), (10, -18, 8)][/color]
[Peer: 440931918] [Turn 1] [color=cyan]  Checking ship Carrion (Side 2) at (10.000000, -19.000000, 9.000000) with path [(8, -20, 12), (8, -19, 11), (9, -19, 10), (10, -19, 9)][/color]
[Peer: 440931918] [Turn 1] [color=cyan]  Checking ship Deathstroke (Side 2) at (14.000000, -22.000000, 8.000000) with path [(7, -20, 13), (7, -19, 12), (8, -19, 11), (9, -19, 10), (10, -19, 9), (11, -19, 8), (12, -20, 8), (13, -21, 8), (14, -22, 8)][/color]
[Peer: 440931918] [Turn 1] [color=cyan]  Checking ship Bludgeon (Side 2) at (1.000000, -13.000000, 12.000000) with path [(5, -20, 15), (5, -19, 14), (5, -18, 13), (4, -17, 13), (3, -16, 13), (2, -15, 13), (1, -14, 13), (1, -13, 12)][/color]
[Peer: 440931918] [Turn 1] [color=cyan]  Checking ship Viper (Side 2) at (11.000000, -19.000000, 8.000000) with path [(6, -20, 14), (6, -19, 13), (6, -18, 12), (7, -18, 11), (8, -18, 10), (9, -18, 9), (10, -18, 8), (11, -19, 8)][/color]
[Peer: 440931918] [Turn 1] [color=cyan]  Checking ship Sathar Fighter A (Side 2) at (13.000000, -20.000000, 7.000000) with path [(10, -18, 8), (10, -20, 10), (10, -19, 9), (11, -19, 8), (12, -19, 7), (13, -20, 7)][/color]
[Peer: 440931918] [Turn 1] [color=cyan]  Checking ship Sathar Fighter B (Side 2) at (12.000000, -21.000000, 9.000000) with path [(10, -18, 8), (10, -20, 10), (11, -20, 9), (12, -21, 9)][/color]
[Peer: 440931918] [Turn 1] [color=cyan]  Checking ship Sathar Fighter C (Side 2) at (10.000000, -22.000000, 12.000000) with path [(10, -18, 8), (10, -21, 11), (10, -22, 12)][/color]
[Peer: 440931918] [Turn 1] [color=cyan]  Checking ship Sathar Fighter D (Side 2) at (11.000000, -17.000000, 6.000000) with path [(10, -18, 8), (10, -20, 10), (10, -19, 9), (10, -18, 8), (10, -17, 7), (11, -17, 6)][/color]
[Peer: 440931918] [Turn 1] [color=cyan]  Checking ship Sathar Fighter E (Side 2) at (9.000000, -17.000000, 8.000000) with path [(10, -18, 8), (9, -19, 10), (9, -18, 9), (9, -17, 8)][/color]
[Peer: 440931918] [Turn 1] [color=cyan]  Checking ship Sathar Fighter F (Side 2) at (13.000000, -20.000000, 7.000000) with path [(10, -18, 8), (10, -20, 10), (10, -19, 9), (11, -19, 8), (12, -20, 8), (13, -20, 7)][/color]
[Peer: 440931918] [Turn 1] Mines check complete. Hit ships size: 0
[Peer: 440931918] [Turn 1] [color=cyan]  Checking ship Maelstrom (Side 2) at (10.000000, -18.000000, 8.000000) with path [(9, -20, 11), (9, -19, 10), (9, -18, 9), (10, -18, 8)][/color]
[Peer: 440931918] [Turn 1] [color=cyan]  Checking ship Carrion (Side 2) at (10.000000, -19.000000, 9.000000) with path [(8, -20, 12), (8, -19, 11), (9, -19, 10), (10, -19, 9)][/color]
[Peer: 440931918] [Turn 1] [color=cyan]  Checking ship Deathstroke (Side 2) at (14.000000, -22.000000, 8.000000) with path [(7, -20, 13), (7, -19, 12), (8, -19, 11), (9, -19, 10), (10, -19, 9), (11, -19, 8), (12, -20, 8), (13, -21, 8), (14, -22, 8)][/color]
[Peer: 440931918] [Turn 1] [color=cyan]  Checking ship Bludgeon (Side 2) at (1.000000, -13.000000, 12.000000) with path [(5, -20, 15), (5, -19, 14), (5, -18, 13), (4, -17, 13), (3, -16, 13), (2, -15, 13), (1, -14, 13), (1, -13, 12)][/color]
[Peer: 440931918] [Turn 1] [color=cyan]  Checking ship Viper (Side 2) at (11.000000, -19.000000, 8.000000) with path [(6, -20, 14), (6, -19, 13), (6, -18, 12), (7, -18, 11), (8, -18, 10), (9, -18, 9), (10, -18, 8), (11, -19, 8)][/color]
[Peer: 440931918] [Turn 1] [color=cyan]  Checking ship Sathar Fighter A (Side 2) at (13.000000, -20.000000, 7.000000) with path [(10, -18, 8), (10, -20, 10), (10, -19, 9), (11, -19, 8), (12, -19, 7), (13, -20, 7)][/color]
[Peer: 440931918] [Turn 1] [color=cyan]  Checking ship Sathar Fighter B (Side 2) at (12.000000, -21.000000, 9.000000) with path [(10, -18, 8), (10, -20, 10), (11, -20, 9), (12, -21, 9)][/color]
[Peer: 440931918] [Turn 1] [color=cyan]  Checking ship Sathar Fighter C (Side 2) at (10.000000, -22.000000, 12.000000) with path [(10, -18, 8), (10, -21, 11), (10, -22, 12)][/color]
[Peer: 440931918] [Turn 1] [color=cyan]  Checking ship Sathar Fighter D (Side 2) at (11.000000, -17.000000, 6.000000) with path [(10, -18, 8), (10, -20, 10), (10, -19, 9), (10, -18, 8), (10, -17, 7), (11, -17, 6)][/color]
[Peer: 440931918] [Turn 1] [color=cyan]  Checking ship Sathar Fighter E (Side 2) at (9.000000, -17.000000, 8.000000) with path [(10, -18, 8), (9, -19, 10), (9, -18, 9), (9, -17, 8)][/color]
[Peer: 440931918] [Turn 1] [color=cyan]  Checking ship Sathar Fighter F (Side 2) at (13.000000, -20.000000, 7.000000) with path [(10, -18, 8), (10, -20, 10), (10, -19, 9), (11, -19, 8), (12, -20, 8), (13, -20, 7)][/color]
[Peer: 440931918] [Turn 1] Mines check complete. Hit ships size: 0
[Peer: 440931918] [Turn 1] [color=cyan]  Checking ship Maelstrom (Side 2) at (10.000000, -18.000000, 8.000000) with path [(9, -20, 11), (9, -19, 10), (9, -18, 9), (10, -18, 8)][/color]
[Peer: 440931918] [Turn 1] [color=cyan]  Checking ship Carrion (Side 2) at (10.000000, -19.000000, 9.000000) with path [(8, -20, 12), (8, -19, 11), (9, -19, 10), (10, -19, 9)][/color]
[Peer: 440931918] [Turn 1] [color=cyan]  Checking ship Deathstroke (Side 2) at (14.000000, -22.000000, 8.000000) with path [(7, -20, 13), (7, -19, 12), (8, -19, 11), (9, -19, 10), (10, -19, 9), (11, -19, 8), (12, -20, 8), (13, -21, 8), (14, -22, 8)][/color]
[Peer: 440931918] [Turn 1] [color=cyan]  Checking ship Bludgeon (Side 2) at (1.000000, -13.000000, 12.000000) with path [(5, -20, 15), (5, -19, 14), (5, -18, 13), (4, -17, 13), (3, -16, 13), (2, -15, 13), (1, -14, 13), (1, -13, 12)][/color]
[Peer: 440931918] [Turn 1] [color=cyan]  Checking ship Viper (Side 2) at (11.000000, -19.000000, 8.000000) with path [(6, -20, 14), (6, -19, 13), (6, -18, 12), (7, -18, 11), (8, -18, 10), (9, -18, 9), (10, -18, 8), (11, -19, 8)][/color]
[Peer: 440931918] [Turn 1] [color=cyan]  Checking ship Sathar Fighter A (Side 2) at (13.000000, -20.000000, 7.000000) with path [(10, -18, 8), (10, -20, 10), (10, -19, 9), (11, -19, 8), (12, -19, 7), (13, -20, 7)][/color]
[Peer: 440931918] [Turn 1] [color=cyan]  Checking ship Sathar Fighter B (Side 2) at (12.000000, -21.000000, 9.000000) with path [(10, -18, 8), (10, -20, 10), (11, -20, 9), (12, -21, 9)][/color]
[Peer: 440931918] [Turn 1] [color=cyan]  Checking ship Sathar Fighter C (Side 2) at (10.000000, -22.000000, 12.000000) with path [(10, -18, 8), (10, -21, 11), (10, -22, 12)][/color]
[Peer: 440931918] [Turn 1] [color=cyan]  Checking ship Sathar Fighter D (Side 2) at (11.000000, -17.000000, 6.000000) with path [(10, -18, 8), (10, -20, 10), (10, -19, 9), (10, -18, 8), (10, -17, 7), (11, -17, 6)][/color]
[Peer: 440931918] [Turn 1] [color=cyan]  Checking ship Sathar Fighter E (Side 2) at (9.000000, -17.000000, 8.000000) with path [(10, -18, 8), (9, -19, 10), (9, -18, 9), (9, -17, 8)][/color]
[Peer: 440931918] [Turn 1] [color=cyan]  Checking ship Sathar Fighter F (Side 2) at (13.000000, -20.000000, 7.000000) with path [(10, -18, 8), (10, -20, 10), (10, -19, 9), (11, -19, 8), (12, -20, 8), (13, -20, 7)][/color]
[Peer: 440931918] [Turn 1] Mines check complete. Hit ships size: 0
[Peer: 440931918] [Turn 1] [color=cyan]!!! DEBUG !!! Entering Seeker Movement. Active Seekers: 4[/color]
[Peer: 440931918] [Turn 1] Movement Phase Complete for Side 2. Starting Combat.
[DEBUG] start_combat_passive: Side 1 firing (Opponent of Moving Side 2)
[Peer: 440931918] [Turn 1] Combat Planning: Side 1
[DEBUG] TARGET CHECK P1. Ships: 11
[DEBUG] Weapon Torpedoes N/A for Shimmer (Phase 3, Fired false)
[DEBUG] Weapon Torpedoes N/A for Zz'Nakk'T (Phase 3, Fired false)
[DEBUG] Weapon Assault Rockets N/A for Lancet (Phase 3, Fired false)
[DEBUG] Weapon Assault Rockets N/A for Fighter A (Phase 3, Fired false)
[DEBUG] Weapon Assault Rockets N/A for Fighter B (Phase 3, Fired false)
[DEBUG] Weapon Assault Rockets N/A for Fighter C (Phase 3, Fired false)
[DEBUG] Weapon Assault Rockets N/A for Fighter D (Phase 3, Fired false)
[DEBUG] Weapon Assault Rockets N/A for Fighter E (Phase 3, Fired false)
[DEBUG] Weapon Assault Rockets N/A for Fighter F (Phase 3, Fired false)
[DEBUG] NO TARGETS FOUND for P1
[Peer: 440931918] [Turn 1] No valid targets for Side 1. Skipping...
[Peer: 440931918] [Turn 1] Resolving 0 attacks...
[Peer: 440931918] [Turn 1] Resolution Phase Complete.
[Peer: 440931918] [Turn 1] Turn Segment Complete.
[DEBUG] start_combat_active: Side 2 firing (Active Side)
[Peer: 440931918] [Turn 1] Combat Planning: Side 2
[DEBUG] TARGET CHECK P2. Ships: 11
[DEBUG] NO TARGETS FOUND for P2
[Peer: 440931918] [Turn 1] No valid targets for Side 2. Skipping...
[Peer: 440931918] [Turn 1] Resolving 0 attacks...
[Peer: 440931918] [Turn 1] Resolution Phase Complete.
[Peer: 440931918] [Turn 1] Turn Segment Complete.
[Peer: 440931918] [Turn 2] Round Complete. Starting New Round.
[Peer: 440931918] [Turn 2] === Turn Start: Side UPF ===
DEBUG: Rejected Maelstrom Side:2 CurSide:1 Moved:false
DEBUG: Rejected Carrion Side:2 CurSide:1 Moved:false
DEBUG: Rejected Deathstroke Side:2 CurSide:1 Moved:false
DEBUG: Rejected Bludgeon Side:2 CurSide:1 Moved:false
DEBUG: Rejected Viper Side:2 CurSide:1 Moved:false
DEBUG: Rejected Sathar Fighter A Side:2 CurSide:1 Moved:false
DEBUG: Rejected Sathar Fighter B Side:2 CurSide:1 Moved:false
DEBUG: Rejected Sathar Fighter C Side:2 CurSide:1 Moved:false
DEBUG: Rejected Sathar Fighter D Side:2 CurSide:1 Moved:false
DEBUG: Rejected Sathar Fighter E Side:2 CurSide:1 Moved:false
DEBUG: Rejected Sathar Fighter F Side:2 CurSide:1 Moved:false
DEBUG: start_movement_phase. Side: 1 Available: 11
DEBUG: First available: Ken'zah Station ID: 1 Moved: false
DEBUG: Auto-Orbit Candidate Found: Ken'zah Station (Class: Space Station, Orbit: 1)
[Peer: 440931918] [Turn 2] Synced Orders for Ken'zah Station
[Peer: 440931918] [Turn 2] Synced Orders for Z'Rak't Zoz
[Peer: 440931918] [Turn 2] Synced Orders for Shimmer
[Peer: 440931918] [Turn 2] Synced Orders for Zz'Nakk'T
[Peer: 440931918] [Turn 2] Synced Orders for Lancet
[Peer: 440931918] [Turn 2] Synced Orders for Fighter A
[Peer: 440931918] [Turn 2] Synced Orders for Fighter B
[Peer: 440931918] [Turn 2] Synced Orders for Fighter C
[Peer: 440931918] [Turn 2] Synced Orders for Fighter D
[Peer: 440931918] [Turn 2] Synced Orders for Fighter E
[Peer: 440931918] [Turn 2] Synced Orders for Fighter F
>>> DIAGNOSTIC: execute_all_movement running for side: 1 on peer: 440931918
[Peer: 440931918] [Turn 2] Executing Movement Phase for Side UPF
[Peer: 440931918] [Turn 2] [color=yellow]EXECUTE LOOP: Checking Ship Ken'zah Station (Class: Space Station, Mines: 0)[/color]
[Peer: 440931918] [Turn 2] [color=yellow]EXECUTE LOOP: Checking Ship Z'Rak't Zoz (Class: Minelayer, Mines: 0)[/color]
[Peer: 440931918] [Turn 2] [color=yellow]EXECUTE LOOP: Checking Ship Shimmer (Class: Frigate, Mines: 0)[/color]
[Peer: 440931918] [Turn 2] [color=yellow]EXECUTE LOOP: Checking Ship Zz'Nakk'T (Class: Frigate, Mines: 0)[/color]
[Peer: 440931918] [Turn 2] [color=yellow]EXECUTE LOOP: Checking Ship Lancet (Class: Assault Scout, Mines: 0)[/color]
[Peer: 440931918] [Turn 2] [color=yellow]EXECUTE LOOP: Checking Ship Fighter A (Class: Fighter, Mines: 0)[/color]
[Peer: 440931918] [Turn 2] [color=yellow]EXECUTE LOOP: Checking Ship Fighter B (Class: Fighter, Mines: 0)[/color]
[Peer: 440931918] [Turn 2] [color=yellow]EXECUTE LOOP: Checking Ship Fighter C (Class: Fighter, Mines: 0)[/color]
[Peer: 440931918] [Turn 2] [color=yellow]EXECUTE LOOP: Checking Ship Fighter D (Class: Fighter, Mines: 0)[/color]
[Peer: 440931918] [Turn 2] [color=yellow]EXECUTE LOOP: Checking Ship Fighter E (Class: Fighter, Mines: 0)[/color]
[Peer: 440931918] [Turn 2] [color=yellow]EXECUTE LOOP: Checking Ship Fighter F (Class: Fighter, Mines: 0)[/color]
>>> DIAGNOSTIC: Entering Mine Detonations. Active Mines: 20 on peer: 440931918
[Peer: 440931918] [Turn 2] [color=cyan]!!! DEBUG !!! Entering Mine Detonations. Active Mines: 20[/color]
[Peer: 440931918] [Turn 2] [color=cyan]  Mine at (-4.000000, 8.000000, -4.000000) (Side 1)[/color]
[Peer: 440931918] [Turn 2] [color=cyan]  Mine at (-4.000000, -4.000000, 8.000000) (Side 1)[/color]
[Peer: 440931918] [Turn 2] [color=cyan]  Mine at (-1.000000, -6.000000, 7.000000) (Side 1)[/color]
[Peer: 440931918] [Turn 2] [color=cyan]  Mine at (9.000000, -1.000000, -8.000000) (Side 1)[/color]
[Peer: 440931918] [Turn 2] [color=cyan]  Mine at (-9.000000, 0.000000, 9.000000) (Side 1)[/color]
[Peer: 440931918] [Turn 2] [color=cyan]  Mine at (-9.000000, 1.000000, 8.000000) (Side 1)[/color]
[Peer: 440931918] [Turn 2] [color=cyan]  Mine at (-8.000000, 7.000000, 1.000000) (Side 1)[/color]
[Peer: 440931918] [Turn 2] [color=cyan]  Mine at (8.000000, -9.000000, 1.000000) (Side 1)[/color]
[Peer: 440931918] [Turn 2] [color=cyan]  Mine at (6.000000, -7.000000, 1.000000) (Side 1)[/color]
[Peer: 440931918] [Turn 2] [color=cyan]  Mine at (7.000000, 0.000000, -7.000000) (Side 1)[/color]
[Peer: 440931918] [Turn 2] [color=cyan]  Mine at (-8.000000, 3.000000, 5.000000) (Side 1)[/color]
[Peer: 440931918] [Turn 2] [color=cyan]  Mine at (-7.000000, 1.000000, 6.000000) (Side 1)[/color]
[Peer: 440931918] [Turn 2] [color=cyan]  Mine at (-7.000000, 7.000000, 0.000000) (Side 1)[/color]
[Peer: 440931918] [Turn 2] [color=cyan]  Mine at (-2.000000, 9.000000, -7.000000) (Side 1)[/color]
[Peer: 440931918] [Turn 2] [color=cyan]  Mine at (0.000000, 7.000000, -7.000000) (Side 1)[/color]
[Peer: 440931918] [Turn 2] [color=cyan]  Mine at (-5.000000, 8.000000, -3.000000) (Side 1)[/color]
[Peer: 440931918] [Turn 2] [color=cyan]  Mine at (-3.000000, -6.000000, 9.000000) (Side 1)[/color]
[Peer: 440931918] [Turn 2] [color=cyan]  Mine at (-4.000000, -3.000000, 7.000000) (Side 1)[/color]
[Peer: 440931918] [Turn 2] [color=cyan]  Mine at (6.000000, -9.000000, 3.000000) (Side 1)[/color]
[Peer: 440931918] [Turn 2] [color=cyan]  Mine at (-7.000000, 4.000000, 3.000000) (Side 1)[/color]
[Peer: 440931918] [Turn 2] [color=cyan]  Checking ship Maelstrom (Side 2) at (10.000000, -18.000000, 8.000000) with path [(9, -20, 11), (9, -19, 10), (9, -18, 9), (10, -18, 8)][/color]
[Peer: 440931918] [Turn 2] [color=cyan]  Checking ship Carrion (Side 2) at (10.000000, -19.000000, 9.000000) with path [(8, -20, 12), (8, -19, 11), (9, -19, 10), (10, -19, 9)][/color]
[Peer: 440931918] [Turn 2] [color=cyan]  Checking ship Deathstroke (Side 2) at (14.000000, -22.000000, 8.000000) with path [(7, -20, 13), (7, -19, 12), (8, -19, 11), (9, -19, 10), (10, -19, 9), (11, -19, 8), (12, -20, 8), (13, -21, 8), (14, -22, 8)][/color]
[Peer: 440931918] [Turn 2] [color=cyan]  Checking ship Bludgeon (Side 2) at (1.000000, -13.000000, 12.000000) with path [(5, -20, 15), (5, -19, 14), (5, -18, 13), (4, -17, 13), (3, -16, 13), (2, -15, 13), (1, -14, 13), (1, -13, 12)][/color]
[Peer: 440931918] [Turn 2] [color=cyan]  Checking ship Viper (Side 2) at (11.000000, -19.000000, 8.000000) with path [(6, -20, 14), (6, -19, 13), (6, -18, 12), (7, -18, 11), (8, -18, 10), (9, -18, 9), (10, -18, 8), (11, -19, 8)][/color]
[Peer: 440931918] [Turn 2] [color=cyan]  Checking ship Sathar Fighter A (Side 2) at (13.000000, -20.000000, 7.000000) with path [(10, -18, 8), (10, -20, 10), (10, -19, 9), (11, -19, 8), (12, -19, 7), (13, -20, 7)][/color]
[Peer: 440931918] [Turn 2] [color=cyan]  Checking ship Sathar Fighter B (Side 2) at (12.000000, -21.000000, 9.000000) with path [(10, -18, 8), (10, -20, 10), (11, -20, 9), (12, -21, 9)][/color]
[Peer: 440931918] [Turn 2] [color=cyan]  Checking ship Sathar Fighter C (Side 2) at (10.000000, -22.000000, 12.000000) with path [(10, -18, 8), (10, -21, 11), (10, -22, 12)][/color]
[Peer: 440931918] [Turn 2] [color=cyan]  Checking ship Sathar Fighter D (Side 2) at (11.000000, -17.000000, 6.000000) with path [(10, -18, 8), (10, -20, 10), (10, -19, 9), (10, -18, 8), (10, -17, 7), (11, -17, 6)][/color]
[Peer: 440931918] [Turn 2] [color=cyan]  Checking ship Sathar Fighter E (Side 2) at (9.000000, -17.000000, 8.000000) with path [(10, -18, 8), (9, -19, 10), (9, -18, 9), (9, -17, 8)][/color]
[Peer: 440931918] [Turn 2] [color=cyan]  Checking ship Sathar Fighter F (Side 2) at (13.000000, -20.000000, 7.000000) with path [(10, -18, 8), (10, -20, 10), (10, -19, 9), (11, -19, 8), (12, -20, 8), (13, -20, 7)][/color]
[Peer: 440931918] [Turn 2] Mines check complete. Hit ships size: 0
[Peer: 440931918] [Turn 2] [color=cyan]  Checking ship Maelstrom (Side 2) at (10.000000, -18.000000, 8.000000) with path [(9, -20, 11), (9, -19, 10), (9, -18, 9), (10, -18, 8)][/color]
[Peer: 440931918] [Turn 2] [color=cyan]  Checking ship Carrion (Side 2) at (10.000000, -19.000000, 9.000000) with path [(8, -20, 12), (8, -19, 11), (9, -19, 10), (10, -19, 9)][/color]
[Peer: 440931918] [Turn 2] [color=cyan]  Checking ship Deathstroke (Side 2) at (14.000000, -22.000000, 8.000000) with path [(7, -20, 13), (7, -19, 12), (8, -19, 11), (9, -19, 10), (10, -19, 9), (11, -19, 8), (12, -20, 8), (13, -21, 8), (14, -22, 8)][/color]
[Peer: 440931918] [Turn 2] [color=cyan]  Checking ship Bludgeon (Side 2) at (1.000000, -13.000000, 12.000000) with path [(5, -20, 15), (5, -19, 14), (5, -18, 13), (4, -17, 13), (3, -16, 13), (2, -15, 13), (1, -14, 13), (1, -13, 12)][/color]
[Peer: 440931918] [Turn 2] [color=cyan]  Checking ship Viper (Side 2) at (11.000000, -19.000000, 8.000000) with path [(6, -20, 14), (6, -19, 13), (6, -18, 12), (7, -18, 11), (8, -18, 10), (9, -18, 9), (10, -18, 8), (11, -19, 8)][/color]
[Peer: 440931918] [Turn 2] [color=cyan]  Checking ship Sathar Fighter A (Side 2) at (13.000000, -20.000000, 7.000000) with path [(10, -18, 8), (10, -20, 10), (10, -19, 9), (11, -19, 8), (12, -19, 7), (13, -20, 7)][/color]
[Peer: 440931918] [Turn 2] [color=cyan]  Checking ship Sathar Fighter B (Side 2) at (12.000000, -21.000000, 9.000000) with path [(10, -18, 8), (10, -20, 10), (11, -20, 9), (12, -21, 9)][/color]
[Peer: 440931918] [Turn 2] [color=cyan]  Checking ship Sathar Fighter C (Side 2) at (10.000000, -22.000000, 12.000000) with path [(10, -18, 8), (10, -21, 11), (10, -22, 12)][/color]
[Peer: 440931918] [Turn 2] [color=cyan]  Checking ship Sathar Fighter D (Side 2) at (11.000000, -17.000000, 6.000000) with path [(10, -18, 8), (10, -20, 10), (10, -19, 9), (10, -18, 8), (10, -17, 7), (11, -17, 6)][/color]
[Peer: 440931918] [Turn 2] [color=cyan]  Checking ship Sathar Fighter E (Side 2) at (9.000000, -17.000000, 8.000000) with path [(10, -18, 8), (9, -19, 10), (9, -18, 9), (9, -17, 8)][/color]
[Peer: 440931918] [Turn 2] [color=cyan]  Checking ship Sathar Fighter F (Side 2) at (13.000000, -20.000000, 7.000000) with path [(10, -18, 8), (10, -20, 10), (10, -19, 9), (11, -19, 8), (12, -20, 8), (13, -20, 7)][/color]
[Peer: 440931918] [Turn 2] Mines check complete. Hit ships size: 0
[Peer: 440931918] [Turn 2] [color=cyan]  Checking ship Maelstrom (Side 2) at (10.000000, -18.000000, 8.000000) with path [(9, -20, 11), (9, -19, 10), (9, -18, 9), (10, -18, 8)][/color]
[Peer: 440931918] [Turn 2] [color=cyan]  Checking ship Carrion (Side 2) at (10.000000, -19.000000, 9.000000) with path [(8, -20, 12), (8, -19, 11), (9, -19, 10), (10, -19, 9)][/color]
[Peer: 440931918] [Turn 2] [color=cyan]  Checking ship Deathstroke (Side 2) at (14.000000, -22.000000, 8.000000) with path [(7, -20, 13), (7, -19, 12), (8, -19, 11), (9, -19, 10), (10, -19, 9), (11, -19, 8), (12, -20, 8), (13, -21, 8), (14, -22, 8)][/color]
[Peer: 440931918] [Turn 2] [color=cyan]  Checking ship Bludgeon (Side 2) at (1.000000, -13.000000, 12.000000) with path [(5, -20, 15), (5, -19, 14), (5, -18, 13), (4, -17, 13), (3, -16, 13), (2, -15, 13), (1, -14, 13), (1, -13, 12)][/color]
[Peer: 440931918] [Turn 2] [color=cyan]  Checking ship Viper (Side 2) at (11.000000, -19.000000, 8.000000) with path [(6, -20, 14), (6, -19, 13), (6, -18, 12), (7, -18, 11), (8, -18, 10), (9, -18, 9), (10, -18, 8), (11, -19, 8)][/color]
[Peer: 440931918] [Turn 2] [color=cyan]  Checking ship Sathar Fighter A (Side 2) at (13.000000, -20.000000, 7.000000) with path [(10, -18, 8), (10, -20, 10), (10, -19, 9), (11, -19, 8), (12, -19, 7), (13, -20, 7)][/color]
[Peer: 440931918] [Turn 2] [color=cyan]  Checking ship Sathar Fighter B (Side 2) at (12.000000, -21.000000, 9.000000) with path [(10, -18, 8), (10, -20, 10), (11, -20, 9), (12, -21, 9)][/color]
[Peer: 440931918] [Turn 2] [color=cyan]  Checking ship Sathar Fighter C (Side 2) at (10.000000, -22.000000, 12.000000) with path [(10, -18, 8), (10, -21, 11), (10, -22, 12)][/color]
[Peer: 440931918] [Turn 2] [color=cyan]  Checking ship Sathar Fighter D (Side 2) at (11.000000, -17.000000, 6.000000) with path [(10, -18, 8), (10, -20, 10), (10, -19, 9), (10, -18, 8), (10, -17, 7), (11, -17, 6)][/color]
[Peer: 440931918] [Turn 2] [color=cyan]  Checking ship Sathar Fighter E (Side 2) at (9.000000, -17.000000, 8.000000) with path [(10, -18, 8), (9, -19, 10), (9, -18, 9), (9, -17, 8)][/color]
[Peer: 440931918] [Turn 2] [color=cyan]  Checking ship Sathar Fighter F (Side 2) at (13.000000, -20.000000, 7.000000) with path [(10, -18, 8), (10, -20, 10), (10, -19, 9), (11, -19, 8), (12, -20, 8), (13, -20, 7)][/color]
[Peer: 440931918] [Turn 2] Mines check complete. Hit ships size: 0
[Peer: 440931918] [Turn 2] [color=cyan]  Checking ship Maelstrom (Side 2) at (10.000000, -18.000000, 8.000000) with path [(9, -20, 11), (9, -19, 10), (9, -18, 9), (10, -18, 8)][/color]
[Peer: 440931918] [Turn 2] [color=cyan]  Checking ship Carrion (Side 2) at (10.000000, -19.000000, 9.000000) with path [(8, -20, 12), (8, -19, 11), (9, -19, 10), (10, -19, 9)][/color]
[Peer: 440931918] [Turn 2] [color=cyan]  Checking ship Deathstroke (Side 2) at (14.000000, -22.000000, 8.000000) with path [(7, -20, 13), (7, -19, 12), (8, -19, 11), (9, -19, 10), (10, -19, 9), (11, -19, 8), (12, -20, 8), (13, -21, 8), (14, -22, 8)][/color]
[Peer: 440931918] [Turn 2] [color=cyan]  Checking ship Bludgeon (Side 2) at (1.000000, -13.000000, 12.000000) with path [(5, -20, 15), (5, -19, 14), (5, -18, 13), (4, -17, 13), (3, -16, 13), (2, -15, 13), (1, -14, 13), (1, -13, 12)][/color]
[Peer: 440931918] [Turn 2] [color=cyan]  Checking ship Viper (Side 2) at (11.000000, -19.000000, 8.000000) with path [(6, -20, 14), (6, -19, 13), (6, -18, 12), (7, -18, 11), (8, -18, 10), (9, -18, 9), (10, -18, 8), (11, -19, 8)][/color]
[Peer: 440931918] [Turn 2] [color=cyan]  Checking ship Sathar Fighter A (Side 2) at (13.000000, -20.000000, 7.000000) with path [(10, -18, 8), (10, -20, 10), (10, -19, 9), (11, -19, 8), (12, -19, 7), (13, -20, 7)][/color]
[Peer: 440931918] [Turn 2] [color=cyan]  Checking ship Sathar Fighter B (Side 2) at (12.000000, -21.000000, 9.000000) with path [(10, -18, 8), (10, -20, 10), (11, -20, 9), (12, -21, 9)][/color]
[Peer: 440931918] [Turn 2] [color=cyan]  Checking ship Sathar Fighter C (Side 2) at (10.000000, -22.000000, 12.000000) with path [(10, -18, 8), (10, -21, 11), (10, -22, 12)][/color]
[Peer: 440931918] [Turn 2] [color=cyan]  Checking ship Sathar Fighter D (Side 2) at (11.000000, -17.000000, 6.000000) with path [(10, -18, 8), (10, -20, 10), (10, -19, 9), (10, -18, 8), (10, -17, 7), (11, -17, 6)][/color]
[Peer: 440931918] [Turn 2] [color=cyan]  Checking ship Sathar Fighter E (Side 2) at (9.000000, -17.000000, 8.000000) with path [(10, -18, 8), (9, -19, 10), (9, -18, 9), (9, -17, 8)][/color]
[Peer: 440931918] [Turn 2] [color=cyan]  Checking ship Sathar Fighter F (Side 2) at (13.000000, -20.000000, 7.000000) with path [(10, -18, 8), (10, -20, 10), (10, -19, 9), (11, -19, 8), (12, -20, 8), (13, -20, 7)][/color]
[Peer: 440931918] [Turn 2] Mines check complete. Hit ships size: 0
[Peer: 440931918] [Turn 2] [color=cyan]  Checking ship Maelstrom (Side 2) at (10.000000, -18.000000, 8.000000) with path [(9, -20, 11), (9, -19, 10), (9, -18, 9), (10, -18, 8)][/color]
[Peer: 440931918] [Turn 2] [color=cyan]  Checking ship Carrion (Side 2) at (10.000000, -19.000000, 9.000000) with path [(8, -20, 12), (8, -19, 11), (9, -19, 10), (10, -19, 9)][/color]
[Peer: 440931918] [Turn 2] [color=cyan]  Checking ship Deathstroke (Side 2) at (14.000000, -22.000000, 8.000000) with path [(7, -20, 13), (7, -19, 12), (8, -19, 11), (9, -19, 10), (10, -19, 9), (11, -19, 8), (12, -20, 8), (13, -21, 8), (14, -22, 8)][/color]
[Peer: 440931918] [Turn 2] [color=cyan]  Checking ship Bludgeon (Side 2) at (1.000000, -13.000000, 12.000000) with path [(5, -20, 15), (5, -19, 14), (5, -18, 13), (4, -17, 13), (3, -16, 13), (2, -15, 13), (1, -14, 13), (1, -13, 12)][/color]
[Peer: 440931918] [Turn 2] [color=cyan]  Checking ship Viper (Side 2) at (11.000000, -19.000000, 8.000000) with path [(6, -20, 14), (6, -19, 13), (6, -18, 12), (7, -18, 11), (8, -18, 10), (9, -18, 9), (10, -18, 8), (11, -19, 8)][/color]
[Peer: 440931918] [Turn 2] [color=cyan]  Checking ship Sathar Fighter A (Side 2) at (13.000000, -20.000000, 7.000000) with path [(10, -18, 8), (10, -20, 10), (10, -19, 9), (11, -19, 8), (12, -19, 7), (13, -20, 7)][/color]
[Peer: 440931918] [Turn 2] [color=cyan]  Checking ship Sathar Fighter B (Side 2) at (12.000000, -21.000000, 9.000000) with path [(10, -18, 8), (10, -20, 10), (11, -20, 9), (12, -21, 9)][/color]
[Peer: 440931918] [Turn 2] [color=cyan]  Checking ship Sathar Fighter C (Side 2) at (10.000000, -22.000000, 12.000000) with path [(10, -18, 8), (10, -21, 11), (10, -22, 12)][/color]
[Peer: 440931918] [Turn 2] [color=cyan]  Checking ship Sathar Fighter D (Side 2) at (11.000000, -17.000000, 6.000000) with path [(10, -18, 8), (10, -20, 10), (10, -19, 9), (10, -18, 8), (10, -17, 7), (11, -17, 6)][/color]
[Peer: 440931918] [Turn 2] [color=cyan]  Checking ship Sathar Fighter E (Side 2) at (9.000000, -17.000000, 8.000000) with path [(10, -18, 8), (9, -19, 10), (9, -18, 9), (9, -17, 8)][/color]
[Peer: 440931918] [Turn 2] [color=cyan]  Checking ship Sathar Fighter F (Side 2) at (13.000000, -20.000000, 7.000000) with path [(10, -18, 8), (10, -20, 10), (10, -19, 9), (11, -19, 8), (12, -20, 8), (13, -20, 7)][/color]
[Peer: 440931918] [Turn 2] Mines check complete. Hit ships size: 0
[Peer: 440931918] [Turn 2] [color=cyan]  Checking ship Maelstrom (Side 2) at (10.000000, -18.000000, 8.000000) with path [(9, -20, 11), (9, -19, 10), (9, -18, 9), (10, -18, 8)][/color]
[Peer: 440931918] [Turn 2] [color=cyan]  Checking ship Carrion (Side 2) at (10.000000, -19.000000, 9.000000) with path [(8, -20, 12), (8, -19, 11), (9, -19, 10), (10, -19, 9)][/color]
[Peer: 440931918] [Turn 2] [color=cyan]  Checking ship Deathstroke (Side 2) at (14.000000, -22.000000, 8.000000) with path [(7, -20, 13), (7, -19, 12), (8, -19, 11), (9, -19, 10), (10, -19, 9), (11, -19, 8), (12, -20, 8), (13, -21, 8), (14, -22, 8)][/color]
[Peer: 440931918] [Turn 2] [color=cyan]  Checking ship Bludgeon (Side 2) at (1.000000, -13.000000, 12.000000) with path [(5, -20, 15), (5, -19, 14), (5, -18, 13), (4, -17, 13), (3, -16, 13), (2, -15, 13), (1, -14, 13), (1, -13, 12)][/color]
[Peer: 440931918] [Turn 2] [color=cyan]  Checking ship Viper (Side 2) at (11.000000, -19.000000, 8.000000) with path [(6, -20, 14), (6, -19, 13), (6, -18, 12), (7, -18, 11), (8, -18, 10), (9, -18, 9), (10, -18, 8), (11, -19, 8)][/color]
[Peer: 440931918] [Turn 2] [color=cyan]  Checking ship Sathar Fighter A (Side 2) at (13.000000, -20.000000, 7.000000) with path [(10, -18, 8), (10, -20, 10), (10, -19, 9), (11, -19, 8), (12, -19, 7), (13, -20, 7)][/color]
[Peer: 440931918] [Turn 2] [color=cyan]  Checking ship Sathar Fighter B (Side 2) at (12.000000, -21.000000, 9.000000) with path [(10, -18, 8), (10, -20, 10), (11, -20, 9), (12, -21, 9)][/color]
[Peer: 440931918] [Turn 2] [color=cyan]  Checking ship Sathar Fighter C (Side 2) at (10.000000, -22.000000, 12.000000) with path [(10, -18, 8), (10, -21, 11), (10, -22, 12)][/color]
[Peer: 440931918] [Turn 2] [color=cyan]  Checking ship Sathar Fighter D (Side 2) at (11.000000, -17.000000, 6.000000) with path [(10, -18, 8), (10, -20, 10), (10, -19, 9), (10, -18, 8), (10, -17, 7), (11, -17, 6)][/color]
[Peer: 440931918] [Turn 2] [color=cyan]  Checking ship Sathar Fighter E (Side 2) at (9.000000, -17.000000, 8.000000) with path [(10, -18, 8), (9, -19, 10), (9, -18, 9), (9, -17, 8)][/color]
[Peer: 440931918] [Turn 2] [color=cyan]  Checking ship Sathar Fighter F (Side 2) at (13.000000, -20.000000, 7.000000) with path [(10, -18, 8), (10, -20, 10), (10, -19, 9), (11, -19, 8), (12, -20, 8), (13, -20, 7)][/color]
[Peer: 440931918] [Turn 2] Mines check complete. Hit ships size: 0
[Peer: 440931918] [Turn 2] [color=cyan]  Checking ship Maelstrom (Side 2) at (10.000000, -18.000000, 8.000000) with path [(9, -20, 11), (9, -19, 10), (9, -18, 9), (10, -18, 8)][/color]
[Peer: 440931918] [Turn 2] [color=cyan]  Checking ship Carrion (Side 2) at (10.000000, -19.000000, 9.000000) with path [(8, -20, 12), (8, -19, 11), (9, -19, 10), (10, -19, 9)][/color]
[Peer: 440931918] [Turn 2] [color=cyan]  Checking ship Deathstroke (Side 2) at (14.000000, -22.000000, 8.000000) with path [(7, -20, 13), (7, -19, 12), (8, -19, 11), (9, -19, 10), (10, -19, 9), (11, -19, 8), (12, -20, 8), (13, -21, 8), (14, -22, 8)][/color]
[Peer: 440931918] [Turn 2] [color=cyan]  Checking ship Bludgeon (Side 2) at (1.000000, -13.000000, 12.000000) with path [(5, -20, 15), (5, -19, 14), (5, -18, 13), (4, -17, 13), (3, -16, 13), (2, -15, 13), (1, -14, 13), (1, -13, 12)][/color]
[Peer: 440931918] [Turn 2] [color=cyan]  Checking ship Viper (Side 2) at (11.000000, -19.000000, 8.000000) with path [(6, -20, 14), (6, -19, 13), (6, -18, 12), (7, -18, 11), (8, -18, 10), (9, -18, 9), (10, -18, 8), (11, -19, 8)][/color]
[Peer: 440931918] [Turn 2] [color=cyan]  Checking ship Sathar Fighter A (Side 2) at (13.000000, -20.000000, 7.000000) with path [(10, -18, 8), (10, -20, 10), (10, -19, 9), (11, -19, 8), (12, -19, 7), (13, -20, 7)][/color]
[Peer: 440931918] [Turn 2] [color=cyan]  Checking ship Sathar Fighter B (Side 2) at (12.000000, -21.000000, 9.000000) with path [(10, -18, 8), (10, -20, 10), (11, -20, 9), (12, -21, 9)][/color]
[Peer: 440931918] [Turn 2] [color=cyan]  Checking ship Sathar Fighter C (Side 2) at (10.000000, -22.000000, 12.000000) with path [(10, -18, 8), (10, -21, 11), (10, -22, 12)][/color]
[Peer: 440931918] [Turn 2] [color=cyan]  Checking ship Sathar Fighter D (Side 2) at (11.000000, -17.000000, 6.000000) with path [(10, -18, 8), (10, -20, 10), (10, -19, 9), (10, -18, 8), (10, -17, 7), (11, -17, 6)][/color]
[Peer: 440931918] [Turn 2] [color=cyan]  Checking ship Sathar Fighter E (Side 2) at (9.000000, -17.000000, 8.000000) with path [(10, -18, 8), (9, -19, 10), (9, -18, 9), (9, -17, 8)][/color]
[Peer: 440931918] [Turn 2] [color=cyan]  Checking ship Sathar Fighter F (Side 2) at (13.000000, -20.000000, 7.000000) with path [(10, -18, 8), (10, -20, 10), (10, -19, 9), (11, -19, 8), (12, -20, 8), (13, -20, 7)][/color]
[Peer: 440931918] [Turn 2] Mines check complete. Hit ships size: 0
[Peer: 440931918] [Turn 2] [color=cyan]  Checking ship Maelstrom (Side 2) at (10.000000, -18.000000, 8.000000) with path [(9, -20, 11), (9, -19, 10), (9, -18, 9), (10, -18, 8)][/color]
[Peer: 440931918] [Turn 2] [color=cyan]  Checking ship Carrion (Side 2) at (10.000000, -19.000000, 9.000000) with path [(8, -20, 12), (8, -19, 11), (9, -19, 10), (10, -19, 9)][/color]
[Peer: 440931918] [Turn 2] [color=cyan]  Checking ship Deathstroke (Side 2) at (14.000000, -22.000000, 8.000000) with path [(7, -20, 13), (7, -19, 12), (8, -19, 11), (9, -19, 10), (10, -19, 9), (11, -19, 8), (12, -20, 8), (13, -21, 8), (14, -22, 8)][/color]
[Peer: 440931918] [Turn 2] [color=cyan]  Checking ship Bludgeon (Side 2) at (1.000000, -13.000000, 12.000000) with path [(5, -20, 15), (5, -19, 14), (5, -18, 13), (4, -17, 13), (3, -16, 13), (2, -15, 13), (1, -14, 13), (1, -13, 12)][/color]
[Peer: 440931918] [Turn 2] [color=cyan]  Checking ship Viper (Side 2) at (11.000000, -19.000000, 8.000000) with path [(6, -20, 14), (6, -19, 13), (6, -18, 12), (7, -18, 11), (8, -18, 10), (9, -18, 9), (10, -18, 8), (11, -19, 8)][/color]
[Peer: 440931918] [Turn 2] [color=cyan]  Checking ship Sathar Fighter A (Side 2) at (13.000000, -20.000000, 7.000000) with path [(10, -18, 8), (10, -20, 10), (10, -19, 9), (11, -19, 8), (12, -19, 7), (13, -20, 7)][/color]
[Peer: 440931918] [Turn 2] [color=cyan]  Checking ship Sathar Fighter B (Side 2) at (12.000000, -21.000000, 9.000000) with path [(10, -18, 8), (10, -20, 10), (11, -20, 9), (12, -21, 9)][/color]
[Peer: 440931918] [Turn 2] [color=cyan]  Checking ship Sathar Fighter C (Side 2) at (10.000000, -22.000000, 12.000000) with path [(10, -18, 8), (10, -21, 11), (10, -22, 12)][/color]
[Peer: 440931918] [Turn 2] [color=cyan]  Checking ship Sathar Fighter D (Side 2) at (11.000000, -17.000000, 6.000000) with path [(10, -18, 8), (10, -20, 10), (10, -19, 9), (10, -18, 8), (10, -17, 7), (11, -17, 6)][/color]
[Peer: 440931918] [Turn 2] [color=cyan]  Checking ship Sathar Fighter E (Side 2) at (9.000000, -17.000000, 8.000000) with path [(10, -18, 8), (9, -19, 10), (9, -18, 9), (9, -17, 8)][/color]
[Peer: 440931918] [Turn 2] [color=cyan]  Checking ship Sathar Fighter F (Side 2) at (13.000000, -20.000000, 7.000000) with path [(10, -18, 8), (10, -20, 10), (10, -19, 9), (11, -19, 8), (12, -20, 8), (13, -20, 7)][/color]
[Peer: 440931918] [Turn 2] Mines check complete. Hit ships size: 0
[Peer: 440931918] [Turn 2] [color=cyan]  Checking ship Maelstrom (Side 2) at (10.000000, -18.000000, 8.000000) with path [(9, -20, 11), (9, -19, 10), (9, -18, 9), (10, -18, 8)][/color]
[Peer: 440931918] [Turn 2] [color=cyan]  Checking ship Carrion (Side 2) at (10.000000, -19.000000, 9.000000) with path [(8, -20, 12), (8, -19, 11), (9, -19, 10), (10, -19, 9)][/color]
[Peer: 440931918] [Turn 2] [color=cyan]  Checking ship Deathstroke (Side 2) at (14.000000, -22.000000, 8.000000) with path [(7, -20, 13), (7, -19, 12), (8, -19, 11), (9, -19, 10), (10, -19, 9), (11, -19, 8), (12, -20, 8), (13, -21, 8), (14, -22, 8)][/color]
[Peer: 440931918] [Turn 2] [color=cyan]  Checking ship Bludgeon (Side 2) at (1.000000, -13.000000, 12.000000) with path [(5, -20, 15), (5, -19, 14), (5, -18, 13), (4, -17, 13), (3, -16, 13), (2, -15, 13), (1, -14, 13), (1, -13, 12)][/color]
[Peer: 440931918] [Turn 2] [color=cyan]  Checking ship Viper (Side 2) at (11.000000, -19.000000, 8.000000) with path [(6, -20, 14), (6, -19, 13), (6, -18, 12), (7, -18, 11), (8, -18, 10), (9, -18, 9), (10, -18, 8), (11, -19, 8)][/color]
[Peer: 440931918] [Turn 2] [color=cyan]  Checking ship Sathar Fighter A (Side 2) at (13.000000, -20.000000, 7.000000) with path [(10, -18, 8), (10, -20, 10), (10, -19, 9), (11, -19, 8), (12, -19, 7), (13, -20, 7)][/color]
[Peer: 440931918] [Turn 2] [color=cyan]  Checking ship Sathar Fighter B (Side 2) at (12.000000, -21.000000, 9.000000) with path [(10, -18, 8), (10, -20, 10), (11, -20, 9), (12, -21, 9)][/color]
[Peer: 440931918] [Turn 2] [color=cyan]  Checking ship Sathar Fighter C (Side 2) at (10.000000, -22.000000, 12.000000) with path [(10, -18, 8), (10, -21, 11), (10, -22, 12)][/color]
[Peer: 440931918] [Turn 2] [color=cyan]  Checking ship Sathar Fighter D (Side 2) at (11.000000, -17.000000, 6.000000) with path [(10, -18, 8), (10, -20, 10), (10, -19, 9), (10, -18, 8), (10, -17, 7), (11, -17, 6)][/color]
[Peer: 440931918] [Turn 2] [color=cyan]  Checking ship Sathar Fighter E (Side 2) at (9.000000, -17.000000, 8.000000) with path [(10, -18, 8), (9, -19, 10), (9, -18, 9), (9, -17, 8)][/color]
[Peer: 440931918] [Turn 2] [color=cyan]  Checking ship Sathar Fighter F (Side 2) at (13.000000, -20.000000, 7.000000) with path [(10, -18, 8), (10, -20, 10), (10, -19, 9), (11, -19, 8), (12, -20, 8), (13, -20, 7)][/color]
[Peer: 440931918] [Turn 2] Mines check complete. Hit ships size: 0
[Peer: 440931918] [Turn 2] [color=cyan]  Checking ship Maelstrom (Side 2) at (10.000000, -18.000000, 8.000000) with path [(9, -20, 11), (9, -19, 10), (9, -18, 9), (10, -18, 8)][/color]
[Peer: 440931918] [Turn 2] [color=cyan]  Checking ship Carrion (Side 2) at (10.000000, -19.000000, 9.000000) with path [(8, -20, 12), (8, -19, 11), (9, -19, 10), (10, -19, 9)][/color]
[Peer: 440931918] [Turn 2] [color=cyan]  Checking ship Deathstroke (Side 2) at (14.000000, -22.000000, 8.000000) with path [(7, -20, 13), (7, -19, 12), (8, -19, 11), (9, -19, 10), (10, -19, 9), (11, -19, 8), (12, -20, 8), (13, -21, 8), (14, -22, 8)][/color]
[Peer: 440931918] [Turn 2] [color=cyan]  Checking ship Bludgeon (Side 2) at (1.000000, -13.000000, 12.000000) with path [(5, -20, 15), (5, -19, 14), (5, -18, 13), (4, -17, 13), (3, -16, 13), (2, -15, 13), (1, -14, 13), (1, -13, 12)][/color]
[Peer: 440931918] [Turn 2] [color=cyan]  Checking ship Viper (Side 2) at (11.000000, -19.000000, 8.000000) with path [(6, -20, 14), (6, -19, 13), (6, -18, 12), (7, -18, 11), (8, -18, 10), (9, -18, 9), (10, -18, 8), (11, -19, 8)][/color]
[Peer: 440931918] [Turn 2] [color=cyan]  Checking ship Sathar Fighter A (Side 2) at (13.000000, -20.000000, 7.000000) with path [(10, -18, 8), (10, -20, 10), (10, -19, 9), (11, -19, 8), (12, -19, 7), (13, -20, 7)][/color]
[Peer: 440931918] [Turn 2] [color=cyan]  Checking ship Sathar Fighter B (Side 2) at (12.000000, -21.000000, 9.000000) with path [(10, -18, 8), (10, -20, 10), (11, -20, 9), (12, -21, 9)][/color]
[Peer: 440931918] [Turn 2] [color=cyan]  Checking ship Sathar Fighter C (Side 2) at (10.000000, -22.000000, 12.000000) with path [(10, -18, 8), (10, -21, 11), (10, -22, 12)][/color]
[Peer: 440931918] [Turn 2] [color=cyan]  Checking ship Sathar Fighter D (Side 2) at (11.000000, -17.000000, 6.000000) with path [(10, -18, 8), (10, -20, 10), (10, -19, 9), (10, -18, 8), (10, -17, 7), (11, -17, 6)][/color]
[Peer: 440931918] [Turn 2] [color=cyan]  Checking ship Sathar Fighter E (Side 2) at (9.000000, -17.000000, 8.000000) with path [(10, -18, 8), (9, -19, 10), (9, -18, 9), (9, -17, 8)][/color]
[Peer: 440931918] [Turn 2] [color=cyan]  Checking ship Sathar Fighter F (Side 2) at (13.000000, -20.000000, 7.000000) with path [(10, -18, 8), (10, -20, 10), (10, -19, 9), (11, -19, 8), (12, -20, 8), (13, -20, 7)][/color]
[Peer: 440931918] [Turn 2] Mines check complete. Hit ships size: 0
[Peer: 440931918] [Turn 2] [color=cyan]  Checking ship Maelstrom (Side 2) at (10.000000, -18.000000, 8.000000) with path [(9, -20, 11), (9, -19, 10), (9, -18, 9), (10, -18, 8)][/color]
[Peer: 440931918] [Turn 2] [color=cyan]  Checking ship Carrion (Side 2) at (10.000000, -19.000000, 9.000000) with path [(8, -20, 12), (8, -19, 11), (9, -19, 10), (10, -19, 9)][/color]
[Peer: 440931918] [Turn 2] [color=cyan]  Checking ship Deathstroke (Side 2) at (14.000000, -22.000000, 8.000000) with path [(7, -20, 13), (7, -19, 12), (8, -19, 11), (9, -19, 10), (10, -19, 9), (11, -19, 8), (12, -20, 8), (13, -21, 8), (14, -22, 8)][/color]
[Peer: 440931918] [Turn 2] [color=cyan]  Checking ship Bludgeon (Side 2) at (1.000000, -13.000000, 12.000000) with path [(5, -20, 15), (5, -19, 14), (5, -18, 13), (4, -17, 13), (3, -16, 13), (2, -15, 13), (1, -14, 13), (1, -13, 12)][/color]
[Peer: 440931918] [Turn 2] [color=cyan]  Checking ship Viper (Side 2) at (11.000000, -19.000000, 8.000000) with path [(6, -20, 14), (6, -19, 13), (6, -18, 12), (7, -18, 11), (8, -18, 10), (9, -18, 9), (10, -18, 8), (11, -19, 8)][/color]
[Peer: 440931918] [Turn 2] [color=cyan]  Checking ship Sathar Fighter A (Side 2) at (13.000000, -20.000000, 7.000000) with path [(10, -18, 8), (10, -20, 10), (10, -19, 9), (11, -19, 8), (12, -19, 7), (13, -20, 7)][/color]
[Peer: 440931918] [Turn 2] [color=cyan]  Checking ship Sathar Fighter B (Side 2) at (12.000000, -21.000000, 9.000000) with path [(10, -18, 8), (10, -20, 10), (11, -20, 9), (12, -21, 9)][/color]
[Peer: 440931918] [Turn 2] [color=cyan]  Checking ship Sathar Fighter C (Side 2) at (10.000000, -22.000000, 12.000000) with path [(10, -18, 8), (10, -21, 11), (10, -22, 12)][/color]
[Peer: 440931918] [Turn 2] [color=cyan]  Checking ship Sathar Fighter D (Side 2) at (11.000000, -17.000000, 6.000000) with path [(10, -18, 8), (10, -20, 10), (10, -19, 9), (10, -18, 8), (10, -17, 7), (11, -17, 6)][/color]
[Peer: 440931918] [Turn 2] [color=cyan]  Checking ship Sathar Fighter E (Side 2) at (9.000000, -17.000000, 8.000000) with path [(10, -18, 8), (9, -19, 10), (9, -18, 9), (9, -17, 8)][/color]
[Peer: 440931918] [Turn 2] [color=cyan]  Checking ship Sathar Fighter F (Side 2) at (13.000000, -20.000000, 7.000000) with path [(10, -18, 8), (10, -20, 10), (10, -19, 9), (11, -19, 8), (12, -20, 8), (13, -20, 7)][/color]
[Peer: 440931918] [Turn 2] Mines check complete. Hit ships size: 0
[Peer: 440931918] [Turn 2] [color=cyan]  Checking ship Maelstrom (Side 2) at (10.000000, -18.000000, 8.000000) with path [(9, -20, 11), (9, -19, 10), (9, -18, 9), (10, -18, 8)][/color]
[Peer: 440931918] [Turn 2] [color=cyan]  Checking ship Carrion (Side 2) at (10.000000, -19.000000, 9.000000) with path [(8, -20, 12), (8, -19, 11), (9, -19, 10), (10, -19, 9)][/color]
[Peer: 440931918] [Turn 2] [color=cyan]  Checking ship Deathstroke (Side 2) at (14.000000, -22.000000, 8.000000) with path [(7, -20, 13), (7, -19, 12), (8, -19, 11), (9, -19, 10), (10, -19, 9), (11, -19, 8), (12, -20, 8), (13, -21, 8), (14, -22, 8)][/color]
[Peer: 440931918] [Turn 2] [color=cyan]  Checking ship Bludgeon (Side 2) at (1.000000, -13.000000, 12.000000) with path [(5, -20, 15), (5, -19, 14), (5, -18, 13), (4, -17, 13), (3, -16, 13), (2, -15, 13), (1, -14, 13), (1, -13, 12)][/color]
[Peer: 440931918] [Turn 2] [color=cyan]  Checking ship Viper (Side 2) at (11.000000, -19.000000, 8.000000) with path [(6, -20, 14), (6, -19, 13), (6, -18, 12), (7, -18, 11), (8, -18, 10), (9, -18, 9), (10, -18, 8), (11, -19, 8)][/color]
[Peer: 440931918] [Turn 2] [color=cyan]  Checking ship Sathar Fighter A (Side 2) at (13.000000, -20.000000, 7.000000) with path [(10, -18, 8), (10, -20, 10), (10, -19, 9), (11, -19, 8), (12, -19, 7), (13, -20, 7)][/color]
[Peer: 440931918] [Turn 2] [color=cyan]  Checking ship Sathar Fighter B (Side 2) at (12.000000, -21.000000, 9.000000) with path [(10, -18, 8), (10, -20, 10), (11, -20, 9), (12, -21, 9)][/color]
[Peer: 440931918] [Turn 2] [color=cyan]  Checking ship Sathar Fighter C (Side 2) at (10.000000, -22.000000, 12.000000) with path [(10, -18, 8), (10, -21, 11), (10, -22, 12)][/color]
[Peer: 440931918] [Turn 2] [color=cyan]  Checking ship Sathar Fighter D (Side 2) at (11.000000, -17.000000, 6.000000) with path [(10, -18, 8), (10, -20, 10), (10, -19, 9), (10, -18, 8), (10, -17, 7), (11, -17, 6)][/color]
[Peer: 440931918] [Turn 2] [color=cyan]  Checking ship Sathar Fighter E (Side 2) at (9.000000, -17.000000, 8.000000) with path [(10, -18, 8), (9, -19, 10), (9, -18, 9), (9, -17, 8)][/color]
[Peer: 440931918] [Turn 2] [color=cyan]  Checking ship Sathar Fighter F (Side 2) at (13.000000, -20.000000, 7.000000) with path [(10, -18, 8), (10, -20, 10), (10, -19, 9), (11, -19, 8), (12, -20, 8), (13, -20, 7)][/color]
[Peer: 440931918] [Turn 2] Mines check complete. Hit ships size: 0
[Peer: 440931918] [Turn 2] [color=cyan]  Checking ship Maelstrom (Side 2) at (10.000000, -18.000000, 8.000000) with path [(9, -20, 11), (9, -19, 10), (9, -18, 9), (10, -18, 8)][/color]
[Peer: 440931918] [Turn 2] [color=cyan]  Checking ship Carrion (Side 2) at (10.000000, -19.000000, 9.000000) with path [(8, -20, 12), (8, -19, 11), (9, -19, 10), (10, -19, 9)][/color]
[Peer: 440931918] [Turn 2] [color=cyan]  Checking ship Deathstroke (Side 2) at (14.000000, -22.000000, 8.000000) with path [(7, -20, 13), (7, -19, 12), (8, -19, 11), (9, -19, 10), (10, -19, 9), (11, -19, 8), (12, -20, 8), (13, -21, 8), (14, -22, 8)][/color]
[Peer: 440931918] [Turn 2] [color=cyan]  Checking ship Bludgeon (Side 2) at (1.000000, -13.000000, 12.000000) with path [(5, -20, 15), (5, -19, 14), (5, -18, 13), (4, -17, 13), (3, -16, 13), (2, -15, 13), (1, -14, 13), (1, -13, 12)][/color]
[Peer: 440931918] [Turn 2] [color=cyan]  Checking ship Viper (Side 2) at (11.000000, -19.000000, 8.000000) with path [(6, -20, 14), (6, -19, 13), (6, -18, 12), (7, -18, 11), (8, -18, 10), (9, -18, 9), (10, -18, 8), (11, -19, 8)][/color]
[Peer: 440931918] [Turn 2] [color=cyan]  Checking ship Sathar Fighter A (Side 2) at (13.000000, -20.000000, 7.000000) with path [(10, -18, 8), (10, -20, 10), (10, -19, 9), (11, -19, 8), (12, -19, 7), (13, -20, 7)][/color]
[Peer: 440931918] [Turn 2] [color=cyan]  Checking ship Sathar Fighter B (Side 2) at (12.000000, -21.000000, 9.000000) with path [(10, -18, 8), (10, -20, 10), (11, -20, 9), (12, -21, 9)][/color]
[Peer: 440931918] [Turn 2] [color=cyan]  Checking ship Sathar Fighter C (Side 2) at (10.000000, -22.000000, 12.000000) with path [(10, -18, 8), (10, -21, 11), (10, -22, 12)][/color]
[Peer: 440931918] [Turn 2] [color=cyan]  Checking ship Sathar Fighter D (Side 2) at (11.000000, -17.000000, 6.000000) with path [(10, -18, 8), (10, -20, 10), (10, -19, 9), (10, -18, 8), (10, -17, 7), (11, -17, 6)][/color]
[Peer: 440931918] [Turn 2] [color=cyan]  Checking ship Sathar Fighter E (Side 2) at (9.000000, -17.000000, 8.000000) with path [(10, -18, 8), (9, -19, 10), (9, -18, 9), (9, -17, 8)][/color]
[Peer: 440931918] [Turn 2] [color=cyan]  Checking ship Sathar Fighter F (Side 2) at (13.000000, -20.000000, 7.000000) with path [(10, -18, 8), (10, -20, 10), (10, -19, 9), (11, -19, 8), (12, -20, 8), (13, -20, 7)][/color]
[Peer: 440931918] [Turn 2] Mines check complete. Hit ships size: 0
[Peer: 440931918] [Turn 2] [color=cyan]  Checking ship Maelstrom (Side 2) at (10.000000, -18.000000, 8.000000) with path [(9, -20, 11), (9, -19, 10), (9, -18, 9), (10, -18, 8)][/color]
[Peer: 440931918] [Turn 2] [color=cyan]  Checking ship Carrion (Side 2) at (10.000000, -19.000000, 9.000000) with path [(8, -20, 12), (8, -19, 11), (9, -19, 10), (10, -19, 9)][/color]
[Peer: 440931918] [Turn 2] [color=cyan]  Checking ship Deathstroke (Side 2) at (14.000000, -22.000000, 8.000000) with path [(7, -20, 13), (7, -19, 12), (8, -19, 11), (9, -19, 10), (10, -19, 9), (11, -19, 8), (12, -20, 8), (13, -21, 8), (14, -22, 8)][/color]
[Peer: 440931918] [Turn 2] [color=cyan]  Checking ship Bludgeon (Side 2) at (1.000000, -13.000000, 12.000000) with path [(5, -20, 15), (5, -19, 14), (5, -18, 13), (4, -17, 13), (3, -16, 13), (2, -15, 13), (1, -14, 13), (1, -13, 12)][/color]
[Peer: 440931918] [Turn 2] [color=cyan]  Checking ship Viper (Side 2) at (11.000000, -19.000000, 8.000000) with path [(6, -20, 14), (6, -19, 13), (6, -18, 12), (7, -18, 11), (8, -18, 10), (9, -18, 9), (10, -18, 8), (11, -19, 8)][/color]
[Peer: 440931918] [Turn 2] [color=cyan]  Checking ship Sathar Fighter A (Side 2) at (13.000000, -20.000000, 7.000000) with path [(10, -18, 8), (10, -20, 10), (10, -19, 9), (11, -19, 8), (12, -19, 7), (13, -20, 7)][/color]
[Peer: 440931918] [Turn 2] [color=cyan]  Checking ship Sathar Fighter B (Side 2) at (12.000000, -21.000000, 9.000000) with path [(10, -18, 8), (10, -20, 10), (11, -20, 9), (12, -21, 9)][/color]
[Peer: 440931918] [Turn 2] [color=cyan]  Checking ship Sathar Fighter C (Side 2) at (10.000000, -22.000000, 12.000000) with path [(10, -18, 8), (10, -21, 11), (10, -22, 12)][/color]
[Peer: 440931918] [Turn 2] [color=cyan]  Checking ship Sathar Fighter D (Side 2) at (11.000000, -17.000000, 6.000000) with path [(10, -18, 8), (10, -20, 10), (10, -19, 9), (10, -18, 8), (10, -17, 7), (11, -17, 6)][/color]
[Peer: 440931918] [Turn 2] [color=cyan]  Checking ship Sathar Fighter E (Side 2) at (9.000000, -17.000000, 8.000000) with path [(10, -18, 8), (9, -19, 10), (9, -18, 9), (9, -17, 8)][/color]
[Peer: 440931918] [Turn 2] [color=cyan]  Checking ship Sathar Fighter F (Side 2) at (13.000000, -20.000000, 7.000000) with path [(10, -18, 8), (10, -20, 10), (10, -19, 9), (11, -19, 8), (12, -20, 8), (13, -20, 7)][/color]
[Peer: 440931918] [Turn 2] Mines check complete. Hit ships size: 0
[Peer: 440931918] [Turn 2] [color=cyan]  Checking ship Maelstrom (Side 2) at (10.000000, -18.000000, 8.000000) with path [(9, -20, 11), (9, -19, 10), (9, -18, 9), (10, -18, 8)][/color]
[Peer: 440931918] [Turn 2] [color=cyan]  Checking ship Carrion (Side 2) at (10.000000, -19.000000, 9.000000) with path [(8, -20, 12), (8, -19, 11), (9, -19, 10), (10, -19, 9)][/color]
[Peer: 440931918] [Turn 2] [color=cyan]  Checking ship Deathstroke (Side 2) at (14.000000, -22.000000, 8.000000) with path [(7, -20, 13), (7, -19, 12), (8, -19, 11), (9, -19, 10), (10, -19, 9), (11, -19, 8), (12, -20, 8), (13, -21, 8), (14, -22, 8)][/color]
[Peer: 440931918] [Turn 2] [color=cyan]  Checking ship Bludgeon (Side 2) at (1.000000, -13.000000, 12.000000) with path [(5, -20, 15), (5, -19, 14), (5, -18, 13), (4, -17, 13), (3, -16, 13), (2, -15, 13), (1, -14, 13), (1, -13, 12)][/color]
[Peer: 440931918] [Turn 2] [color=cyan]  Checking ship Viper (Side 2) at (11.000000, -19.000000, 8.000000) with path [(6, -20, 14), (6, -19, 13), (6, -18, 12), (7, -18, 11), (8, -18, 10), (9, -18, 9), (10, -18, 8), (11, -19, 8)][/color]
[Peer: 440931918] [Turn 2] [color=cyan]  Checking ship Sathar Fighter A (Side 2) at (13.000000, -20.000000, 7.000000) with path [(10, -18, 8), (10, -20, 10), (10, -19, 9), (11, -19, 8), (12, -19, 7), (13, -20, 7)][/color]
[Peer: 440931918] [Turn 2] [color=cyan]  Checking ship Sathar Fighter B (Side 2) at (12.000000, -21.000000, 9.000000) with path [(10, -18, 8), (10, -20, 10), (11, -20, 9), (12, -21, 9)][/color]
[Peer: 440931918] [Turn 2] [color=cyan]  Checking ship Sathar Fighter C (Side 2) at (10.000000, -22.000000, 12.000000) with path [(10, -18, 8), (10, -21, 11), (10, -22, 12)][/color]
[Peer: 440931918] [Turn 2] [color=cyan]  Checking ship Sathar Fighter D (Side 2) at (11.000000, -17.000000, 6.000000) with path [(10, -18, 8), (10, -20, 10), (10, -19, 9), (10, -18, 8), (10, -17, 7), (11, -17, 6)][/color]
[Peer: 440931918] [Turn 2] [color=cyan]  Checking ship Sathar Fighter E (Side 2) at (9.000000, -17.000000, 8.000000) with path [(10, -18, 8), (9, -19, 10), (9, -18, 9), (9, -17, 8)][/color]
[Peer: 440931918] [Turn 2] [color=cyan]  Checking ship Sathar Fighter F (Side 2) at (13.000000, -20.000000, 7.000000) with path [(10, -18, 8), (10, -20, 10), (10, -19, 9), (11, -19, 8), (12, -20, 8), (13, -20, 7)][/color]
[Peer: 440931918] [Turn 2] Mines check complete. Hit ships size: 0
[Peer: 440931918] [Turn 2] [color=cyan]  Checking ship Maelstrom (Side 2) at (10.000000, -18.000000, 8.000000) with path [(9, -20, 11), (9, -19, 10), (9, -18, 9), (10, -18, 8)][/color]
[Peer: 440931918] [Turn 2] [color=cyan]  Checking ship Carrion (Side 2) at (10.000000, -19.000000, 9.000000) with path [(8, -20, 12), (8, -19, 11), (9, -19, 10), (10, -19, 9)][/color]
[Peer: 440931918] [Turn 2] [color=cyan]  Checking ship Deathstroke (Side 2) at (14.000000, -22.000000, 8.000000) with path [(7, -20, 13), (7, -19, 12), (8, -19, 11), (9, -19, 10), (10, -19, 9), (11, -19, 8), (12, -20, 8), (13, -21, 8), (14, -22, 8)][/color]
[Peer: 440931918] [Turn 2] [color=cyan]  Checking ship Bludgeon (Side 2) at (1.000000, -13.000000, 12.000000) with path [(5, -20, 15), (5, -19, 14), (5, -18, 13), (4, -17, 13), (3, -16, 13), (2, -15, 13), (1, -14, 13), (1, -13, 12)][/color]
[Peer: 440931918] [Turn 2] [color=cyan]  Checking ship Viper (Side 2) at (11.000000, -19.000000, 8.000000) with path [(6, -20, 14), (6, -19, 13), (6, -18, 12), (7, -18, 11), (8, -18, 10), (9, -18, 9), (10, -18, 8), (11, -19, 8)][/color]
[Peer: 440931918] [Turn 2] [color=cyan]  Checking ship Sathar Fighter A (Side 2) at (13.000000, -20.000000, 7.000000) with path [(10, -18, 8), (10, -20, 10), (10, -19, 9), (11, -19, 8), (12, -19, 7), (13, -20, 7)][/color]
[Peer: 440931918] [Turn 2] [color=cyan]  Checking ship Sathar Fighter B (Side 2) at (12.000000, -21.000000, 9.000000) with path [(10, -18, 8), (10, -20, 10), (11, -20, 9), (12, -21, 9)][/color]
[Peer: 440931918] [Turn 2] [color=cyan]  Checking ship Sathar Fighter C (Side 2) at (10.000000, -22.000000, 12.000000) with path [(10, -18, 8), (10, -21, 11), (10, -22, 12)][/color]
[Peer: 440931918] [Turn 2] [color=cyan]  Checking ship Sathar Fighter D (Side 2) at (11.000000, -17.000000, 6.000000) with path [(10, -18, 8), (10, -20, 10), (10, -19, 9), (10, -18, 8), (10, -17, 7), (11, -17, 6)][/color]
[Peer: 440931918] [Turn 2] [color=cyan]  Checking ship Sathar Fighter E (Side 2) at (9.000000, -17.000000, 8.000000) with path [(10, -18, 8), (9, -19, 10), (9, -18, 9), (9, -17, 8)][/color]
[Peer: 440931918] [Turn 2] [color=cyan]  Checking ship Sathar Fighter F (Side 2) at (13.000000, -20.000000, 7.000000) with path [(10, -18, 8), (10, -20, 10), (10, -19, 9), (11, -19, 8), (12, -20, 8), (13, -20, 7)][/color]
[Peer: 440931918] [Turn 2] Mines check complete. Hit ships size: 0
[Peer: 440931918] [Turn 2] [color=cyan]  Checking ship Maelstrom (Side 2) at (10.000000, -18.000000, 8.000000) with path [(9, -20, 11), (9, -19, 10), (9, -18, 9), (10, -18, 8)][/color]
[Peer: 440931918] [Turn 2] [color=cyan]  Checking ship Carrion (Side 2) at (10.000000, -19.000000, 9.000000) with path [(8, -20, 12), (8, -19, 11), (9, -19, 10), (10, -19, 9)][/color]
[Peer: 440931918] [Turn 2] [color=cyan]  Checking ship Deathstroke (Side 2) at (14.000000, -22.000000, 8.000000) with path [(7, -20, 13), (7, -19, 12), (8, -19, 11), (9, -19, 10), (10, -19, 9), (11, -19, 8), (12, -20, 8), (13, -21, 8), (14, -22, 8)][/color]
[Peer: 440931918] [Turn 2] [color=cyan]  Checking ship Bludgeon (Side 2) at (1.000000, -13.000000, 12.000000) with path [(5, -20, 15), (5, -19, 14), (5, -18, 13), (4, -17, 13), (3, -16, 13), (2, -15, 13), (1, -14, 13), (1, -13, 12)][/color]
[Peer: 440931918] [Turn 2] [color=cyan]  Checking ship Viper (Side 2) at (11.000000, -19.000000, 8.000000) with path [(6, -20, 14), (6, -19, 13), (6, -18, 12), (7, -18, 11), (8, -18, 10), (9, -18, 9), (10, -18, 8), (11, -19, 8)][/color]
[Peer: 440931918] [Turn 2] [color=cyan]  Checking ship Sathar Fighter A (Side 2) at (13.000000, -20.000000, 7.000000) with path [(10, -18, 8), (10, -20, 10), (10, -19, 9), (11, -19, 8), (12, -19, 7), (13, -20, 7)][/color]
[Peer: 440931918] [Turn 2] [color=cyan]  Checking ship Sathar Fighter B (Side 2) at (12.000000, -21.000000, 9.000000) with path [(10, -18, 8), (10, -20, 10), (11, -20, 9), (12, -21, 9)][/color]
[Peer: 440931918] [Turn 2] [color=cyan]  Checking ship Sathar Fighter C (Side 2) at (10.000000, -22.000000, 12.000000) with path [(10, -18, 8), (10, -21, 11), (10, -22, 12)][/color]
[Peer: 440931918] [Turn 2] [color=cyan]  Checking ship Sathar Fighter D (Side 2) at (11.000000, -17.000000, 6.000000) with path [(10, -18, 8), (10, -20, 10), (10, -19, 9), (10, -18, 8), (10, -17, 7), (11, -17, 6)][/color]
[Peer: 440931918] [Turn 2] [color=cyan]  Checking ship Sathar Fighter E (Side 2) at (9.000000, -17.000000, 8.000000) with path [(10, -18, 8), (9, -19, 10), (9, -18, 9), (9, -17, 8)][/color]
[Peer: 440931918] [Turn 2] [color=cyan]  Checking ship Sathar Fighter F (Side 2) at (13.000000, -20.000000, 7.000000) with path [(10, -18, 8), (10, -20, 10), (10, -19, 9), (11, -19, 8), (12, -20, 8), (13, -20, 7)][/color]
[Peer: 440931918] [Turn 2] Mines check complete. Hit ships size: 0
[Peer: 440931918] [Turn 2] [color=cyan]  Checking ship Maelstrom (Side 2) at (10.000000, -18.000000, 8.000000) with path [(9, -20, 11), (9, -19, 10), (9, -18, 9), (10, -18, 8)][/color]
[Peer: 440931918] [Turn 2] [color=cyan]  Checking ship Carrion (Side 2) at (10.000000, -19.000000, 9.000000) with path [(8, -20, 12), (8, -19, 11), (9, -19, 10), (10, -19, 9)][/color]
[Peer: 440931918] [Turn 2] [color=cyan]  Checking ship Deathstroke (Side 2) at (14.000000, -22.000000, 8.000000) with path [(7, -20, 13), (7, -19, 12), (8, -19, 11), (9, -19, 10), (10, -19, 9), (11, -19, 8), (12, -20, 8), (13, -21, 8), (14, -22, 8)][/color]
[Peer: 440931918] [Turn 2] [color=cyan]  Checking ship Bludgeon (Side 2) at (1.000000, -13.000000, 12.000000) with path [(5, -20, 15), (5, -19, 14), (5, -18, 13), (4, -17, 13), (3, -16, 13), (2, -15, 13), (1, -14, 13), (1, -13, 12)][/color]
[Peer: 440931918] [Turn 2] [color=cyan]  Checking ship Viper (Side 2) at (11.000000, -19.000000, 8.000000) with path [(6, -20, 14), (6, -19, 13), (6, -18, 12), (7, -18, 11), (8, -18, 10), (9, -18, 9), (10, -18, 8), (11, -19, 8)][/color]
[Peer: 440931918] [Turn 2] [color=cyan]  Checking ship Sathar Fighter A (Side 2) at (13.000000, -20.000000, 7.000000) with path [(10, -18, 8), (10, -20, 10), (10, -19, 9), (11, -19, 8), (12, -19, 7), (13, -20, 7)][/color]
[Peer: 440931918] [Turn 2] [color=cyan]  Checking ship Sathar Fighter B (Side 2) at (12.000000, -21.000000, 9.000000) with path [(10, -18, 8), (10, -20, 10), (11, -20, 9), (12, -21, 9)][/color]
[Peer: 440931918] [Turn 2] [color=cyan]  Checking ship Sathar Fighter C (Side 2) at (10.000000, -22.000000, 12.000000) with path [(10, -18, 8), (10, -21, 11), (10, -22, 12)][/color]
[Peer: 440931918] [Turn 2] [color=cyan]  Checking ship Sathar Fighter D (Side 2) at (11.000000, -17.000000, 6.000000) with path [(10, -18, 8), (10, -20, 10), (10, -19, 9), (10, -18, 8), (10, -17, 7), (11, -17, 6)][/color]
[Peer: 440931918] [Turn 2] [color=cyan]  Checking ship Sathar Fighter E (Side 2) at (9.000000, -17.000000, 8.000000) with path [(10, -18, 8), (9, -19, 10), (9, -18, 9), (9, -17, 8)][/color]
[Peer: 440931918] [Turn 2] [color=cyan]  Checking ship Sathar Fighter F (Side 2) at (13.000000, -20.000000, 7.000000) with path [(10, -18, 8), (10, -20, 10), (10, -19, 9), (11, -19, 8), (12, -20, 8), (13, -20, 7)][/color]
[Peer: 440931918] [Turn 2] Mines check complete. Hit ships size: 0
[Peer: 440931918] [Turn 2] [color=cyan]  Checking ship Maelstrom (Side 2) at (10.000000, -18.000000, 8.000000) with path [(9, -20, 11), (9, -19, 10), (9, -18, 9), (10, -18, 8)][/color]
[Peer: 440931918] [Turn 2] [color=cyan]  Checking ship Carrion (Side 2) at (10.000000, -19.000000, 9.000000) with path [(8, -20, 12), (8, -19, 11), (9, -19, 10), (10, -19, 9)][/color]
[Peer: 440931918] [Turn 2] [color=cyan]  Checking ship Deathstroke (Side 2) at (14.000000, -22.000000, 8.000000) with path [(7, -20, 13), (7, -19, 12), (8, -19, 11), (9, -19, 10), (10, -19, 9), (11, -19, 8), (12, -20, 8), (13, -21, 8), (14, -22, 8)][/color]
[Peer: 440931918] [Turn 2] [color=cyan]  Checking ship Bludgeon (Side 2) at (1.000000, -13.000000, 12.000000) with path [(5, -20, 15), (5, -19, 14), (5, -18, 13), (4, -17, 13), (3, -16, 13), (2, -15, 13), (1, -14, 13), (1, -13, 12)][/color]
[Peer: 440931918] [Turn 2] [color=cyan]  Checking ship Viper (Side 2) at (11.000000, -19.000000, 8.000000) with path [(6, -20, 14), (6, -19, 13), (6, -18, 12), (7, -18, 11), (8, -18, 10), (9, -18, 9), (10, -18, 8), (11, -19, 8)][/color]
[Peer: 440931918] [Turn 2] [color=cyan]  Checking ship Sathar Fighter A (Side 2) at (13.000000, -20.000000, 7.000000) with path [(10, -18, 8), (10, -20, 10), (10, -19, 9), (11, -19, 8), (12, -19, 7), (13, -20, 7)][/color]
[Peer: 440931918] [Turn 2] [color=cyan]  Checking ship Sathar Fighter B (Side 2) at (12.000000, -21.000000, 9.000000) with path [(10, -18, 8), (10, -20, 10), (11, -20, 9), (12, -21, 9)][/color]
[Peer: 440931918] [Turn 2] [color=cyan]  Checking ship Sathar Fighter C (Side 2) at (10.000000, -22.000000, 12.000000) with path [(10, -18, 8), (10, -21, 11), (10, -22, 12)][/color]
[Peer: 440931918] [Turn 2] [color=cyan]  Checking ship Sathar Fighter D (Side 2) at (11.000000, -17.000000, 6.000000) with path [(10, -18, 8), (10, -20, 10), (10, -19, 9), (10, -18, 8), (10, -17, 7), (11, -17, 6)][/color]
[Peer: 440931918] [Turn 2] [color=cyan]  Checking ship Sathar Fighter E (Side 2) at (9.000000, -17.000000, 8.000000) with path [(10, -18, 8), (9, -19, 10), (9, -18, 9), (9, -17, 8)][/color]
[Peer: 440931918] [Turn 2] [color=cyan]  Checking ship Sathar Fighter F (Side 2) at (13.000000, -20.000000, 7.000000) with path [(10, -18, 8), (10, -20, 10), (10, -19, 9), (11, -19, 8), (12, -20, 8), (13, -20, 7)][/color]
[Peer: 440931918] [Turn 2] Mines check complete. Hit ships size: 0
[Peer: 440931918] [Turn 2] [color=cyan]  Checking ship Maelstrom (Side 2) at (10.000000, -18.000000, 8.000000) with path [(9, -20, 11), (9, -19, 10), (9, -18, 9), (10, -18, 8)][/color]
[Peer: 440931918] [Turn 2] [color=cyan]  Checking ship Carrion (Side 2) at (10.000000, -19.000000, 9.000000) with path [(8, -20, 12), (8, -19, 11), (9, -19, 10), (10, -19, 9)][/color]
[Peer: 440931918] [Turn 2] [color=cyan]  Checking ship Deathstroke (Side 2) at (14.000000, -22.000000, 8.000000) with path [(7, -20, 13), (7, -19, 12), (8, -19, 11), (9, -19, 10), (10, -19, 9), (11, -19, 8), (12, -20, 8), (13, -21, 8), (14, -22, 8)][/color]
[Peer: 440931918] [Turn 2] [color=cyan]  Checking ship Bludgeon (Side 2) at (1.000000, -13.000000, 12.000000) with path [(5, -20, 15), (5, -19, 14), (5, -18, 13), (4, -17, 13), (3, -16, 13), (2, -15, 13), (1, -14, 13), (1, -13, 12)][/color]
[Peer: 440931918] [Turn 2] [color=cyan]  Checking ship Viper (Side 2) at (11.000000, -19.000000, 8.000000) with path [(6, -20, 14), (6, -19, 13), (6, -18, 12), (7, -18, 11), (8, -18, 10), (9, -18, 9), (10, -18, 8), (11, -19, 8)][/color]
[Peer: 440931918] [Turn 2] [color=cyan]  Checking ship Sathar Fighter A (Side 2) at (13.000000, -20.000000, 7.000000) with path [(10, -18, 8), (10, -20, 10), (10, -19, 9), (11, -19, 8), (12, -19, 7), (13, -20, 7)][/color]
[Peer: 440931918] [Turn 2] [color=cyan]  Checking ship Sathar Fighter B (Side 2) at (12.000000, -21.000000, 9.000000) with path [(10, -18, 8), (10, -20, 10), (11, -20, 9), (12, -21, 9)][/color]
[Peer: 440931918] [Turn 2] [color=cyan]  Checking ship Sathar Fighter C (Side 2) at (10.000000, -22.000000, 12.000000) with path [(10, -18, 8), (10, -21, 11), (10, -22, 12)][/color]
[Peer: 440931918] [Turn 2] [color=cyan]  Checking ship Sathar Fighter D (Side 2) at (11.000000, -17.000000, 6.000000) with path [(10, -18, 8), (10, -20, 10), (10, -19, 9), (10, -18, 8), (10, -17, 7), (11, -17, 6)][/color]
[Peer: 440931918] [Turn 2] [color=cyan]  Checking ship Sathar Fighter E (Side 2) at (9.000000, -17.000000, 8.000000) with path [(10, -18, 8), (9, -19, 10), (9, -18, 9), (9, -17, 8)][/color]
[Peer: 440931918] [Turn 2] [color=cyan]  Checking ship Sathar Fighter F (Side 2) at (13.000000, -20.000000, 7.000000) with path [(10, -18, 8), (10, -20, 10), (10, -19, 9), (11, -19, 8), (12, -20, 8), (13, -20, 7)][/color]
[Peer: 440931918] [Turn 2] Mines check complete. Hit ships size: 0
[Peer: 440931918] [Turn 2] [color=cyan]!!! DEBUG !!! Entering Seeker Movement. Active Seekers: 4[/color]
[Peer: 440931918] [Turn 2] Movement Phase Complete for Side 1. Starting Combat.
[DEBUG] start_combat_passive: Side 2 firing (Opponent of Moving Side 1)
[Peer: 440931918] [Turn 2] Combat Planning: Side 2
[DEBUG] TARGET CHECK P2. Ships: 11
[DEBUG] VALID: Maelstrom found target with Laser Battery
[Peer: 440931918] [Turn 2] AI Planning: AC Maelstrom -> AS Lancet with Laser Battery (Utility: 3.45)
[Peer: 440931918] [Turn 2] AI Planning: CA Carrion -> AS Lancet with Laser Battery 1 (Utility: 1.60)
[Peer: 440931918] [Turn 2] AI Planning: CA Carrion -> AS Lancet with Laser Battery 2 (Utility: 0.88)
[Peer: 440931918] [Turn 2] AI Planning: CA Carrion -> AS Lancet with Proton Battery (Utility: 3.57)
[Peer: 440931918] [Turn 2] AI Planning: CA Carrion -> AS Lancet with Electron Battery (Utility: 0.04)
[Peer: 440931918] [Turn 2] AI Planning: DD Bludgeon -> AS Lancet with Laser Battery (Utility: 7.13)
[Peer: 440931918] [Turn 2] AI Planning: DD Bludgeon -> AS Lancet with Laser Canon (Utility: 6.87)
[Peer: 440931918] [Turn 2] AI Planning: DD Bludgeon -> F Fighter D with Electron Battery (Utility: 7.22)
[Peer: 440931918] [Turn 2] AI Planning: DD Bludgeon -> AS Lancet with Rocket Batteries (Utility: 7.74)
[Peer: 440931918] [Turn 2] AI Planning: DD Viper -> AS Lancet with Electron Battery (Utility: -0.27)
[Peer: 440931918] [Turn 2] Resolving 10 attacks...
[Peer: 440931918] [Turn 2] AC Maelstrom firing Laser Battery at AS Lancet
Combat Roll: Distance 9, Chance 5%, Rolled 16
[Peer: 440931918] [Turn 2] Firing Ship: AC Maelstrom, Weapon: Laser Battery, Odds: 5%, Roll: 16, Result: MISS
[Peer: 440931918] [Turn 2] [color=red]MISS![/color]
[Peer: 440931918] [Turn 2] AC Maelstrom firing Laser Battery at AS Lancet
[Peer: 440931918] [Turn 2] Firing Ship: AC Maelstrom, Weapon: Laser Battery, Odds: 5%, Roll: 16, Result: MISS
[Peer: 440931918] [Turn 2] CA Carrion firing Laser Battery 1 at AS Lancet
Combat Roll: Distance 9, Chance 5%, Rolled 82
[Peer: 440931918] [Turn 2] Firing Ship: CA Carrion, Weapon: Laser Battery 1, Odds: 5%, Roll: 82, Result: MISS
[Peer: 440931918] [Turn 2] [color=red]MISS![/color]
[Peer: 440931918] [Turn 2] CA Carrion firing Laser Battery 1 at AS Lancet
[Peer: 440931918] [Turn 2] Firing Ship: CA Carrion, Weapon: Laser Battery 1, Odds: 5%, Roll: 82, Result: MISS
[Peer: 440931918] [Turn 2] CA Carrion firing Laser Battery 2 at AS Lancet
Combat Roll: Distance 9, Chance 5%, Rolled 87
[Peer: 440931918] [Turn 2] Firing Ship: CA Carrion, Weapon: Laser Battery 2, Odds: 5%, Roll: 87, Result: MISS
[Peer: 440931918] [Turn 2] [color=red]MISS![/color]
[Peer: 440931918] [Turn 2] CA Carrion firing Laser Battery 2 at AS Lancet
[Peer: 440931918] [Turn 2] Firing Ship: CA Carrion, Weapon: Laser Battery 2, Odds: 5%, Roll: 87, Result: MISS
[Peer: 440931918] [Turn 2] CA Carrion firing Proton Battery at AS Lancet
Combat Roll: Distance 9, Chance 15%, Rolled 21
[Peer: 440931918] [Turn 2] Firing Ship: CA Carrion, Weapon: Proton Battery, Odds: 15%, Roll: 21, Result: MISS
[Peer: 440931918] [Turn 2] [color=red]MISS![/color]
[Peer: 440931918] [Turn 2] CA Carrion firing Proton Battery at AS Lancet
[Peer: 440931918] [Turn 2] Firing Ship: CA Carrion, Weapon: Proton Battery, Odds: 15%, Roll: 21, Result: MISS
[Peer: 440931918] [Turn 2] CA Carrion firing Electron Battery at AS Lancet
Combat Roll: Distance 9, Chance 15%, Rolled 2
[Peer: 440931918] [Turn 2] Firing Ship: CA Carrion, Weapon: Electron Battery, Odds: 15%, Roll: 2, Result: HIT
Damage Roll: 1d10+0 -> 7
Damage Roll: d100(67) + DTM(10) = 77
[Peer: 440931918] [Turn 2] [color=green]HIT![/color] Rolling Damage Table (d100+10 = 77)
[Peer: 440931918] [Turn 2] CA Carrion firing Electron Battery at AS Lancet
[Peer: 440931918] [Turn 2] Firing Ship: CA Carrion, Weapon: Electron Battery, Odds: 15%, Roll: 2, Result: HIT
[Peer: 440931918] [Turn 2] [color=green]HIT![/color] Rolling Damage Table (d100+10 = 77)
[Peer: 440931918] [Turn 2] Lancet: Defense Hit (PS, ES, SS, MS, ICM)
[Peer: 440931918] [Turn 2] [color=red]System missing/destroyed -> FALLBACK HULL HIT[/color]
[Peer: 440931918] [Turn 2] Lancet takes 7 Fallback Damage (Converted Effect)
[Peer: 440931918] [Turn 2] DD Bludgeon firing Laser Battery at AS Lancet
Combat Roll: Distance 3, Chance 35%, Rolled 73
[Peer: 440931918] [Turn 2] Firing Ship: DD Bludgeon, Weapon: Laser Battery, Odds: 35%, Roll: 73, Result: MISS
[Peer: 440931918] [Turn 2] [color=red]MISS![/color]
[Peer: 440931918] [Turn 2] DD Bludgeon firing Laser Battery at AS Lancet
[Peer: 440931918] [Turn 2] Firing Ship: DD Bludgeon, Weapon: Laser Battery, Odds: 35%, Roll: 73, Result: MISS
[Peer: 440931918] [Turn 2] DD Bludgeon firing Laser Canon at AS Lancet
Combat Roll: Distance 3, Chance 55%, Rolled 58
[Peer: 440931918] [Turn 2] Firing Ship: DD Bludgeon, Weapon: Laser Canon, Odds: 55%, Roll: 58, Result: MISS
[Peer: 440931918] [Turn 2] [color=red]MISS![/color]
[Peer: 440931918] [Turn 2] DD Bludgeon firing Laser Canon at AS Lancet
[Peer: 440931918] [Turn 2] Firing Ship: DD Bludgeon, Weapon: Laser Canon, Odds: 55%, Roll: 58, Result: MISS
[Peer: 440931918] [Turn 2] DD Bludgeon firing Electron Battery at F Fighter D
Combat Roll: Distance 5, Chance 35%, Rolled 100
[Peer: 440931918] [Turn 2] Firing Ship: DD Bludgeon, Weapon: Electron Battery, Odds: 35%, Roll: 100, Result: MISS
[Peer: 440931918] [Turn 2] [color=red]MISS![/color]
[Peer: 440931918] [Turn 2] DD Bludgeon firing Electron Battery at F Fighter D
[Peer: 440931918] [Turn 2] Firing Ship: DD Bludgeon, Weapon: Electron Battery, Odds: 35%, Roll: 100, Result: MISS
[Peer: 440931918] [Turn 2] DD Bludgeon firing Rocket Batteries at AS Lancet
Combat Roll: Distance 3, Chance 40%, Rolled 41
[Peer: 440931918] [Turn 2] Firing Ship: DD Bludgeon, Weapon: Rocket Batteries, Odds: 40%, Roll: 41, Result: MISS
[Peer: 440931918] [Turn 2] [color=red]MISS![/color]
[Peer: 440931918] [Turn 2] DD Bludgeon firing Rocket Batteries at AS Lancet
[Peer: 440931918] [Turn 2] Firing Ship: DD Bludgeon, Weapon: Rocket Batteries, Odds: 40%, Roll: 41, Result: MISS
[Peer: 440931918] [Turn 2] DD Viper firing Electron Battery at AS Lancet
Combat Roll: Distance 10, Chance 10%, Rolled 86
[Peer: 440931918] [Turn 2] Firing Ship: DD Viper, Weapon: Electron Battery, Odds: 10%, Roll: 86, Result: MISS
[Peer: 440931918] [Turn 2] [color=red]MISS![/color]
[Peer: 440931918] [Turn 2] DD Viper firing Electron Battery at AS Lancet
[Peer: 440931918] [Turn 2] Firing Ship: DD Viper, Weapon: Electron Battery, Odds: 10%, Roll: 86, Result: MISS
[Peer: 440931918] [Turn 2] Resolution Phase Complete.
[Peer: 440931918] [Turn 2] Turn Segment Complete.
[DEBUG] start_combat_active: Side 1 firing (Active Side)
[Peer: 440931918] [Turn 2] Combat Planning: Side 1
[DEBUG] TARGET CHECK P1. Ships: 11
[DEBUG] VALID: Lancet found target with Laser Battery
[Peer: 440931918] [Turn 2] Resolving 2 attacks...
[Peer: 440931918] [Turn 2] AS Lancet firing Laser Battery at DD Bludgeon
Combat Roll: Distance 3, Chance 35%, Rolled 54
[Peer: 440931918] [Turn 2] Firing Ship: AS Lancet, Weapon: Laser Battery, Odds: 35%, Roll: 54, Result: MISS
[Peer: 440931918] [Turn 2] [color=red]MISS![/color]
[Peer: 440931918] [Turn 2] AS Lancet firing Laser Battery at DD Bludgeon
[Peer: 440931918] [Turn 2] Firing Ship: AS Lancet, Weapon: Laser Battery, Odds: 35%, Roll: 54, Result: MISS
[Peer: 440931918] [Turn 2] AS Lancet firing Assault Rockets at DD Bludgeon
>>> TRIGGER ICM TOP. Target=Bludgeon
>>> TRIGGER ICM MID: is_networked=true
>>> DEBUG RPC ICM: Target Name string = Bludgeon
>>> DEBUG RPC ICM: IS AI TARGET = true
[Peer: 440931918] [Turn 2] AS Lancet firing Assault Rockets at DD Bludgeon
>>> DEBUG RPC ICM: Target Name string = Bludgeon
>>> DEBUG RPC ICM: IS AI TARGET = true
DEBUG: broadcast_icm_decision called on peer 440931918
DEBUG: broadcast_icm_decision called on peer 440931918
Combat Roll: Distance 3, Chance 70%, Rolled 56
[Peer: 440931918] [Turn 2] Firing Ship: AS Lancet, Weapon: Assault Rockets, Odds: 70%, Roll: 56, Result: HIT
Damage Roll: 2d10+4 -> 8
Damage Roll: d100(9) + DTM(-10) = -1
[Peer: 440931918] [Turn 2] [color=green]HIT![/color] Rolling Damage Table (d100+-10 = -1)
[Peer: 440931918] [Turn 2] Firing Ship: AS Lancet, Weapon: Assault Rockets, Odds: 70%, Roll: 56, Result: HIT
[Peer: 440931918] [Turn 2] [color=green]HIT![/color] Rolling Damage Table (d100+-10 = -1)
[Peer: 440931918] [Turn 2] Bludgeon: CRITICAL HULL HIT (x2) (16 Damage)
[Peer: 440931918] [Turn 2] Resolution Phase Complete.
[Peer: 440931918] [Turn 2] Turn Segment Complete.
[Peer: 440931918] [Turn 2] === Turn Start: Side Sathar ===
DEBUG: Rejected Ken'zah Station Side:1 CurSide:2 Moved:false
DEBUG: Rejected Z'Rak't Zoz Side:1 CurSide:2 Moved:false
DEBUG: Rejected Shimmer Side:1 CurSide:2 Moved:false
DEBUG: Rejected Zz'Nakk'T Side:1 CurSide:2 Moved:false
DEBUG: Rejected Lancet Side:1 CurSide:2 Moved:false
DEBUG: Rejected Fighter A Side:1 CurSide:2 Moved:false
DEBUG: Rejected Fighter B Side:1 CurSide:2 Moved:false
DEBUG: Rejected Fighter C Side:1 CurSide:2 Moved:false
DEBUG: Rejected Fighter D Side:1 CurSide:2 Moved:false
DEBUG: Rejected Fighter E Side:1 CurSide:2 Moved:false
DEBUG: Rejected Fighter F Side:1 CurSide:2 Moved:false
DEBUG: start_movement_phase. Side: 2 Available: 11
DEBUG: First available: Maelstrom ID: 2 Moved: false
DEBUG: Skip Auto-Orbit Check: Maelstrom (Class: Assault Carrier, Orbit: 0)
DEBUG: Skip Auto-Orbit Check: Carrion (Class: Heavy Cruiser, Orbit: 0)
DEBUG: Skip Auto-Orbit Check: Deathstroke (Class: Light Cruiser, Orbit: 0)
DEBUG: Skip Auto-Orbit Check: Bludgeon (Class: Destroyer, Orbit: 0)
DEBUG: Skip Auto-Orbit Check: Viper (Class: Destroyer, Orbit: 0)
DEBUG: Skip Auto-Orbit Check: Sathar Fighter A (Class: Fighter, Orbit: 0)
DEBUG: Skip Auto-Orbit Check: Sathar Fighter B (Class: Fighter, Orbit: 0)
DEBUG: Skip Auto-Orbit Check: Sathar Fighter C (Class: Fighter, Orbit: 0)
DEBUG: Skip Auto-Orbit Check: Sathar Fighter D (Class: Fighter, Orbit: 0)
DEBUG: Skip Auto-Orbit Check: Sathar Fighter E (Class: Fighter, Orbit: 0)
DEBUG: Skip Auto-Orbit Check: Sathar Fighter F (Class: Fighter, Orbit: 0)
[DEBUG] Standard move start for Maelstrom
[Peer: 440931918] [Turn 2] [color=yellow]AI Computer Opponent Planning Movement...[/color]
[Peer: 440931918] [Turn 2] [color=gray]AI Thinking: Evaluating Maelstrom (Unmoved left: 11)[/color]
[Peer: 440931918] [Turn 2] [color=gray]AI Thinking: Nearest target for Maelstrom is Lancet[/color]
[Peer: 440931918] [Turn 2] [color=gray]AI Thinking: Maelstrom constraints -> Speed [1, 5], MR 1[/color]
[Peer: 440931918] [Turn 2] [color=gray]AI Thinking: Explored 25 possible paths matching speed bounds.[/color]
[Peer: 440931918] [Turn 2] [color=gray]AI Move Eval -> Ship: AC Maelstrom | Start Speed: 3 | Final Speed: 3 (ADF: 2) | MR Used: 0/1[/color]
[Peer: 440931918] [Turn 2] AI plotted movement for AC Maelstrom (Speed 3 -> 3, 3 hexes)
[Peer: 440931918] [Turn 2] Synced Orders for Maelstrom
[Peer: 440931918] [Turn 2] [color=gray]AI Thinking: Evaluating Carrion (Unmoved left: 10)[/color]
[Peer: 440931918] [Turn 2] [color=gray]AI Thinking: Nearest target for Carrion is Lancet[/color]
[Peer: 440931918] [Turn 2] [color=gray]AI Thinking: Carrion constraints -> Speed [2, 4], MR 1[/color]
[Peer: 440931918] [Turn 2] [color=gray]AI Thinking: Explored 15 possible paths matching speed bounds.[/color]
[Peer: 440931918] [Turn 2] [color=gray]AI Move Eval -> Ship: CA Carrion | Start Speed: 3 | Final Speed: 2 (ADF: 1) | MR Used: 0/1[/color]
[Peer: 440931918] [Turn 2] AI plotted movement for CA Carrion (Speed 3 -> 2, 2 hexes)
[Peer: 440931918] [Turn 2] Synced Orders for Carrion
[Peer: 440931918] [Turn 2] [color=gray]AI Thinking: Evaluating Deathstroke (Unmoved left: 9)[/color]
[Peer: 440931918] [Turn 2] [color=gray]AI Thinking: Nearest target for Deathstroke is Lancet[/color]
[Peer: 440931918] [Turn 2] [color=gray]AI Thinking: Deathstroke constraints -> Speed [5, 11], MR 2[/color]
[Peer: 440931918] [Turn 2] [color=gray]AI Thinking: Explored 749 possible paths matching speed bounds.[/color]
[Peer: 440931918] [Turn 2] [color=gray]AI Move Eval -> Ship: CL Deathstroke | Start Speed: 8 | Final Speed: 9 (ADF: 3) | MR Used: 2/2[/color]
[Peer: 440931918] [Turn 2] AI plotted movement for CL Deathstroke (Speed 8 -> 9, 9 hexes)
[Peer: 440931918] [Turn 2] Synced Orders for Deathstroke
[Peer: 440931918] [Turn 2] [color=gray]AI Thinking: Evaluating Bludgeon (Unmoved left: 8)[/color]
[Peer: 440931918] [Turn 2] [color=gray]AI Thinking: Nearest target for Bludgeon is Lancet[/color]
[Peer: 440931918] [Turn 2] [color=gray]AI Thinking: Bludgeon constraints -> Speed [4, 10], MR 2[/color]
[Peer: 440931918] [Turn 2] [color=gray]AI Thinking: Explored 567 possible paths matching speed bounds.[/color]
[Peer: 440931918] [Turn 2] [color=gray]AI Move Eval -> Ship: DD Bludgeon | Start Speed: 7 | Final Speed: 6 (ADF: 3) | MR Used: 1/2[/color]
[Peer: 440931918] [Turn 2] AI plotted movement for DD Bludgeon (Speed 7 -> 6, 6 hexes)
[Peer: 440931918] [Turn 2] Synced Orders for Bludgeon
[Peer: 440931918] [Turn 2] [color=gray]AI Thinking: Evaluating Viper (Unmoved left: 7)[/color]
[Peer: 440931918] [Turn 2] [color=gray]AI Thinking: Nearest target for Viper is Lancet[/color]
[Peer: 440931918] [Turn 2] [color=gray]AI Thinking: Viper constraints -> Speed [4, 10], MR 2[/color]
[Peer: 440931918] [Turn 2] [color=gray]AI Thinking: Explored 567 possible paths matching speed bounds.[/color]
[Peer: 440931918] [Turn 2] [color=gray]AI Move Eval -> Ship: DD Viper | Start Speed: 7 | Final Speed: 10 (ADF: 3) | MR Used: 2/2[/color]
[Peer: 440931918] [Turn 2] AI plotted movement for DD Viper (Speed 7 -> 10, 10 hexes)
[Peer: 440931918] [Turn 2] Synced Orders for Viper
[Peer: 440931918] [Turn 2] [color=gray]AI Thinking: Evaluating Sathar Fighter A (Unmoved left: 6)[/color]
[Peer: 440931918] [Turn 2] [color=gray]AI Thinking: Nearest target for Sathar Fighter A is Lancet[/color]
[Peer: 440931918] [Turn 2] [color=gray]AI Thinking: Sathar Fighter A constraints -> Speed [0, 10], MR 5[/color]
[Peer: 440931918] [Turn 2] [color=gray]AI Thinking: Explored 2000 possible paths matching speed bounds.[/color]
[Peer: 440931918] [Turn 2] [color=gray]AI Move Eval -> Ship: F Sathar Fighter A | Start Speed: 5 | Final Speed: 10 (ADF: 5) | MR Used: 5/5[/color]
[Peer: 440931918] [Turn 2] AI plotted movement for F Sathar Fighter A (Speed 5 -> 10, 10 hexes)
[Peer: 440931918] [Turn 2] Synced Orders for Sathar Fighter A
[Peer: 440931918] [Turn 2] [color=gray]AI Thinking: Evaluating Sathar Fighter B (Unmoved left: 5)[/color]
[Peer: 440931918] [Turn 2] [color=gray]AI Thinking: Nearest target for Sathar Fighter B is Lancet[/color]
[Peer: 440931918] [Turn 2] [color=gray]AI Thinking: Sathar Fighter B constraints -> Speed [0, 8], MR 5[/color]
[Peer: 440931918] [Turn 2] [color=gray]AI Thinking: Explored 2000 possible paths matching speed bounds.[/color]
[Peer: 440931918] [Turn 2] [color=gray]AI Move Eval -> Ship: F Sathar Fighter B | Start Speed: 3 | Final Speed: 8 (ADF: 5) | MR Used: 4/5[/color]
[Peer: 440931918] [Turn 2] AI plotted movement for F Sathar Fighter B (Speed 3 -> 8, 8 hexes)
[Peer: 440931918] [Turn 2] Synced Orders for Sathar Fighter B
[Peer: 440931918] [Turn 2] [color=gray]AI Thinking: Evaluating Sathar Fighter C (Unmoved left: 4)[/color]
[Peer: 440931918] [Turn 2] [color=gray]AI Thinking: Nearest target for Sathar Fighter C is Lancet[/color]
[Peer: 440931918] [Turn 2] [color=gray]AI Thinking: Sathar Fighter C constraints -> Speed [0, 7], MR 5[/color]
[Peer: 440931918] [Turn 2] [color=gray]AI Thinking: Explored 1030 possible paths matching speed bounds.[/color]
[Peer: 440931918] [Turn 2] [color=gray]AI Move Eval -> Ship: F Sathar Fighter C | Start Speed: 2 | Final Speed: 7 (ADF: 5) | MR Used: 4/5[/color]
[Peer: 440931918] [Turn 2] AI plotted movement for F Sathar Fighter C (Speed 2 -> 7, 7 hexes)
[Peer: 440931918] [Turn 2] Synced Orders for Sathar Fighter C
[Peer: 440931918] [Turn 2] [color=gray]AI Thinking: Evaluating Sathar Fighter D (Unmoved left: 3)[/color]
[Peer: 440931918] [Turn 2] [color=gray]AI Thinking: Nearest target for Sathar Fighter D is Lancet[/color]
[Peer: 440931918] [Turn 2] [color=gray]AI Thinking: Sathar Fighter D constraints -> Speed [0, 10], MR 5[/color]
[Peer: 440931918] [Turn 2] [color=gray]AI Thinking: Explored 2000 possible paths matching speed bounds.[/color]
[Peer: 440931918] [Turn 2] [color=gray]AI Move Eval -> Ship: F Sathar Fighter D | Start Speed: 5 | Final Speed: 10 (ADF: 5) | MR Used: 5/5[/color]
[Peer: 440931918] [Turn 2] AI plotted movement for F Sathar Fighter D (Speed 5 -> 10, 10 hexes)
[Peer: 440931918] [Turn 2] Synced Orders for Sathar Fighter D
[Peer: 440931918] [Turn 2] [color=gray]AI Thinking: Evaluating Sathar Fighter E (Unmoved left: 2)[/color]
[Peer: 440931918] [Turn 2] [color=gray]AI Thinking: Nearest target for Sathar Fighter E is Lancet[/color]
[Peer: 440931918] [Turn 2] [color=gray]AI Thinking: Sathar Fighter E constraints -> Speed [0, 8], MR 5[/color]
[Peer: 440931918] [Turn 2] [color=gray]AI Thinking: Explored 2000 possible paths matching speed bounds.[/color]
[Peer: 440931918] [Turn 2] [color=gray]AI Move Eval -> Ship: F Sathar Fighter E | Start Speed: 3 | Final Speed: 8 (ADF: 5) | MR Used: 4/5[/color]
[Peer: 440931918] [Turn 2] AI plotted movement for F Sathar Fighter E (Speed 3 -> 8, 8 hexes)
[Peer: 440931918] [Turn 2] Synced Orders for Sathar Fighter E
[Peer: 440931918] [Turn 2] [color=gray]AI Thinking: Evaluating Sathar Fighter F (Unmoved left: 1)[/color]
[Peer: 440931918] [Turn 2] [color=gray]AI Thinking: Nearest target for Sathar Fighter F is Lancet[/color]
[Peer: 440931918] [Turn 2] [color=gray]AI Thinking: Sathar Fighter F constraints -> Speed [0, 10], MR 5[/color]
[Peer: 440931918] [Turn 2] [color=gray]AI Thinking: Explored 2000 possible paths matching speed bounds.[/color]
[Peer: 440931918] [Turn 2] [color=gray]AI Move Eval -> Ship: F Sathar Fighter F | Start Speed: 5 | Final Speed: 10 (ADF: 5) | MR Used: 4/5[/color]
[Peer: 440931918] [Turn 2] AI plotted movement for F Sathar Fighter F (Speed 5 -> 10, 10 hexes)
[Peer: 440931918] [Turn 2] Synced Orders for Sathar Fighter F
>>> DIAGNOSTIC: execute_all_movement running for side: 2 on peer: 440931918
[Peer: 440931918] [Turn 2] Executing Movement Phase for Side Sathar
[Peer: 440931918] [Turn 2] [color=yellow]EXECUTE LOOP: Checking Ship Maelstrom (Class: Assault Carrier, Mines: 0)[/color]
[Peer: 440931918] [Turn 2] [color=yellow]EXECUTE LOOP: Checking Ship Carrion (Class: Heavy Cruiser, Mines: 0)[/color]
[Peer: 440931918] [Turn 2] [color=yellow]EXECUTE LOOP: Checking Ship Deathstroke (Class: Light Cruiser, Mines: 0)[/color]
[Peer: 440931918] [Turn 2] [color=yellow]EXECUTE LOOP: Checking Ship Bludgeon (Class: Destroyer, Mines: 0)[/color]
[Peer: 440931918] [Turn 2] [color=yellow]EXECUTE LOOP: Checking Ship Viper (Class: Destroyer, Mines: 0)[/color]
[Peer: 440931918] [Turn 2] [color=yellow]EXECUTE LOOP: Checking Ship Sathar Fighter A (Class: Fighter, Mines: 0)[/color]
[Peer: 440931918] [Turn 2] [color=yellow]EXECUTE LOOP: Checking Ship Sathar Fighter B (Class: Fighter, Mines: 0)[/color]
[Peer: 440931918] [Turn 2] [color=yellow]EXECUTE LOOP: Checking Ship Sathar Fighter C (Class: Fighter, Mines: 0)[/color]
[Peer: 440931918] [Turn 2] [color=yellow]EXECUTE LOOP: Checking Ship Sathar Fighter D (Class: Fighter, Mines: 0)[/color]
[Peer: 440931918] [Turn 2] [color=yellow]EXECUTE LOOP: Checking Ship Sathar Fighter E (Class: Fighter, Mines: 0)[/color]
[Peer: 440931918] [Turn 2] [color=yellow]EXECUTE LOOP: Checking Ship Sathar Fighter F (Class: Fighter, Mines: 0)[/color]
>>> DIAGNOSTIC: Entering Mine Detonations. Active Mines: 20 on peer: 440931918
[Peer: 440931918] [Turn 2] [color=cyan]!!! DEBUG !!! Entering Mine Detonations. Active Mines: 20[/color]
[Peer: 440931918] [Turn 2] [color=cyan]  Mine at (-4.000000, 8.000000, -4.000000) (Side 1)[/color]
[Peer: 440931918] [Turn 2] [color=cyan]  Mine at (-4.000000, -4.000000, 8.000000) (Side 1)[/color]
[Peer: 440931918] [Turn 2] [color=cyan]  Mine at (-1.000000, -6.000000, 7.000000) (Side 1)[/color]
[Peer: 440931918] [Turn 2] [color=cyan]  Mine at (9.000000, -1.000000, -8.000000) (Side 1)[/color]
[Peer: 440931918] [Turn 2] [color=cyan]  Mine at (-9.000000, 0.000000, 9.000000) (Side 1)[/color]
[Peer: 440931918] [Turn 2] [color=cyan]  Mine at (-9.000000, 1.000000, 8.000000) (Side 1)[/color]
[Peer: 440931918] [Turn 2] [color=cyan]  Mine at (-8.000000, 7.000000, 1.000000) (Side 1)[/color]
[Peer: 440931918] [Turn 2] [color=cyan]  Mine at (8.000000, -9.000000, 1.000000) (Side 1)[/color]
[Peer: 440931918] [Turn 2] [color=cyan]  Mine at (6.000000, -7.000000, 1.000000) (Side 1)[/color]
[Peer: 440931918] [Turn 2] [color=cyan]  Mine at (7.000000, 0.000000, -7.000000) (Side 1)[/color]
[Peer: 440931918] [Turn 2] [color=cyan]  Mine at (-8.000000, 3.000000, 5.000000) (Side 1)[/color]
[Peer: 440931918] [Turn 2] [color=cyan]  Mine at (-7.000000, 1.000000, 6.000000) (Side 1)[/color]
[Peer: 440931918] [Turn 2] [color=cyan]  Mine at (-7.000000, 7.000000, 0.000000) (Side 1)[/color]
[Peer: 440931918] [Turn 2] [color=cyan]  Mine at (-2.000000, 9.000000, -7.000000) (Side 1)[/color]
[Peer: 440931918] [Turn 2] [color=cyan]  Mine at (0.000000, 7.000000, -7.000000) (Side 1)[/color]
[Peer: 440931918] [Turn 2] [color=cyan]  Mine at (-5.000000, 8.000000, -3.000000) (Side 1)[/color]
[Peer: 440931918] [Turn 2] [color=cyan]  Mine at (-3.000000, -6.000000, 9.000000) (Side 1)[/color]
[Peer: 440931918] [Turn 2] [color=cyan]  Mine at (-4.000000, -3.000000, 7.000000) (Side 1)[/color]
[Peer: 440931918] [Turn 2] [color=cyan]  Mine at (6.000000, -9.000000, 3.000000) (Side 1)[/color]
[Peer: 440931918] [Turn 2] [color=cyan]  Mine at (-7.000000, 4.000000, 3.000000) (Side 1)[/color]
[Peer: 440931918] [Turn 2] [color=cyan]  Checking ship Maelstrom (Side 2) at (13.000000, -18.000000, 5.000000) with path [(10, -18, 8), (11, -18, 7), (12, -18, 6), (13, -18, 5)][/color]
[Peer: 440931918] [Turn 2] [color=cyan]  Checking ship Carrion (Side 2) at (12.000000, -19.000000, 7.000000) with path [(10, -19, 9), (11, -19, 8), (12, -19, 7)][/color]
[Peer: 440931918] [Turn 2] [color=cyan]  Checking ship Deathstroke (Side 2) at (14.000000, -28.000000, 14.000000) with path [(14, -22, 8), (15, -23, 8), (16, -24, 8), (17, -25, 8), (17, -26, 9), (17, -27, 10), (17, -28, 11), (16, -28, 12), (15, -28, 13), (14, -28, 14)][/color]
[Peer: 440931918] [Turn 2] [color=cyan]  Checking ship Bludgeon (Side 2) at (3.000000, -9.000000, 6.000000) with path [(1, -13, 12), (1, -12, 11), (1, -11, 10), (1, -10, 9), (1, -9, 8), (2, -9, 7), (3, -9, 6)][/color]
[Peer: 440931918] [Turn 2] [color=cyan]  Checking ship Viper (Side 2) at (20.000000, -26.000000, 6.000000) with path [(11, -19, 8), (12, -20, 8), (13, -21, 8), (14, -22, 8), (15, -23, 8), (16, -24, 8), (17, -25, 8), (18, -26, 8), (19, -27, 8), (20, -27, 7), (20, -26, 6)][/color]
[Peer: 440931918] [Turn 2] [color=cyan]  Checking ship Sathar Fighter A (Side 2) at (7.000000, -15.000000, 8.000000) with path [(13, -20, 7), (14, -21, 7), (14, -22, 8), (13, -22, 9), (12, -21, 9), (11, -20, 9), (10, -19, 9), (9, -18, 9), (8, -17, 9), (8, -16, 8), (7, -15, 8)][/color]
[Peer: 440931918] [Turn 2] [color=cyan]  Checking ship Sathar Fighter B (Side 2) at (9.000000, -18.000000, 9.000000) with path [(12, -21, 9), (13, -22, 9), (14, -22, 8), (14, -21, 7), (13, -20, 7), (12, -19, 7), (11, -18, 7), (10, -18, 8), (9, -18, 9)][/color]
[Peer: 440931918] [Turn 2] [color=cyan]  Checking ship Sathar Fighter C (Side 2) at (5.000000, -18.000000, 13.000000) with path [(10, -22, 12), (10, -23, 13), (9, -23, 14), (8, -22, 14), (7, -21, 14), (6, -20, 14), (6, -19, 13), (5, -18, 13)][/color]
[Peer: 440931918] [Turn 2] [color=cyan]  Checking ship Sathar Fighter D (Side 2) at (6.000000, -15.000000, 9.000000) with path [(11, -17, 6), (12, -17, 5), (13, -18, 5), (13, -19, 6), (12, -19, 7), (11, -19, 8), (10, -18, 8), (9, -17, 8), (8, -16, 8), (7, -15, 8), (6, -15, 9)][/color]
[Peer: 440931918] [Turn 2] [color=cyan]  Checking ship Sathar Fighter E (Side 2) at (4.000000, -10.000000, 6.000000) with path [(9, -17, 8), (9, -16, 7), (9, -15, 6), (8, -14, 6), (8, -13, 5), (7, -12, 5), (6, -11, 5), (5, -10, 5), (4, -10, 6)][/color]
[Peer: 440931918] [Turn 2] [color=cyan]  Checking ship Sathar Fighter F (Side 2) at (22.000000, -21.000000, -1.000000) with path [(13, -20, 7), (14, -20, 6), (15, -20, 5), (16, -20, 4), (17, -20, 3), (18, -21, 3), (19, -22, 3), (20, -22, 2), (20, -21, 1), (21, -21, 0), (22, -21, -1)][/color]
[Peer: 440931918] [Turn 2] Mines check complete. Hit ships size: 0
[Peer: 440931918] [Turn 2] [color=cyan]  Checking ship Maelstrom (Side 2) at (13.000000, -18.000000, 5.000000) with path [(10, -18, 8), (11, -18, 7), (12, -18, 6), (13, -18, 5)][/color]
[Peer: 440931918] [Turn 2] [color=cyan]  Checking ship Carrion (Side 2) at (12.000000, -19.000000, 7.000000) with path [(10, -19, 9), (11, -19, 8), (12, -19, 7)][/color]
[Peer: 440931918] [Turn 2] [color=cyan]  Checking ship Deathstroke (Side 2) at (14.000000, -28.000000, 14.000000) with path [(14, -22, 8), (15, -23, 8), (16, -24, 8), (17, -25, 8), (17, -26, 9), (17, -27, 10), (17, -28, 11), (16, -28, 12), (15, -28, 13), (14, -28, 14)][/color]
[Peer: 440931918] [Turn 2] [color=cyan]  Checking ship Bludgeon (Side 2) at (3.000000, -9.000000, 6.000000) with path [(1, -13, 12), (1, -12, 11), (1, -11, 10), (1, -10, 9), (1, -9, 8), (2, -9, 7), (3, -9, 6)][/color]
[Peer: 440931918] [Turn 2] [color=cyan]  Checking ship Viper (Side 2) at (20.000000, -26.000000, 6.000000) with path [(11, -19, 8), (12, -20, 8), (13, -21, 8), (14, -22, 8), (15, -23, 8), (16, -24, 8), (17, -25, 8), (18, -26, 8), (19, -27, 8), (20, -27, 7), (20, -26, 6)][/color]
[Peer: 440931918] [Turn 2] [color=cyan]  Checking ship Sathar Fighter A (Side 2) at (7.000000, -15.000000, 8.000000) with path [(13, -20, 7), (14, -21, 7), (14, -22, 8), (13, -22, 9), (12, -21, 9), (11, -20, 9), (10, -19, 9), (9, -18, 9), (8, -17, 9), (8, -16, 8), (7, -15, 8)][/color]
[Peer: 440931918] [Turn 2] [color=cyan]  Checking ship Sathar Fighter B (Side 2) at (9.000000, -18.000000, 9.000000) with path [(12, -21, 9), (13, -22, 9), (14, -22, 8), (14, -21, 7), (13, -20, 7), (12, -19, 7), (11, -18, 7), (10, -18, 8), (9, -18, 9)][/color]
[Peer: 440931918] [Turn 2] [color=cyan]  Checking ship Sathar Fighter C (Side 2) at (5.000000, -18.000000, 13.000000) with path [(10, -22, 12), (10, -23, 13), (9, -23, 14), (8, -22, 14), (7, -21, 14), (6, -20, 14), (6, -19, 13), (5, -18, 13)][/color]
[Peer: 440931918] [Turn 2] [color=cyan]  Checking ship Sathar Fighter D (Side 2) at (6.000000, -15.000000, 9.000000) with path [(11, -17, 6), (12, -17, 5), (13, -18, 5), (13, -19, 6), (12, -19, 7), (11, -19, 8), (10, -18, 8), (9, -17, 8), (8, -16, 8), (7, -15, 8), (6, -15, 9)][/color]
[Peer: 440931918] [Turn 2] [color=cyan]  Checking ship Sathar Fighter E (Side 2) at (4.000000, -10.000000, 6.000000) with path [(9, -17, 8), (9, -16, 7), (9, -15, 6), (8, -14, 6), (8, -13, 5), (7, -12, 5), (6, -11, 5), (5, -10, 5), (4, -10, 6)][/color]
[Peer: 440931918] [Turn 2] [color=cyan]  Checking ship Sathar Fighter F (Side 2) at (22.000000, -21.000000, -1.000000) with path [(13, -20, 7), (14, -20, 6), (15, -20, 5), (16, -20, 4), (17, -20, 3), (18, -21, 3), (19, -22, 3), (20, -22, 2), (20, -21, 1), (21, -21, 0), (22, -21, -1)][/color]
[Peer: 440931918] [Turn 2] Mines check complete. Hit ships size: 0
[Peer: 440931918] [Turn 2] [color=cyan]  Checking ship Maelstrom (Side 2) at (13.000000, -18.000000, 5.000000) with path [(10, -18, 8), (11, -18, 7), (12, -18, 6), (13, -18, 5)][/color]
[Peer: 440931918] [Turn 2] [color=cyan]  Checking ship Carrion (Side 2) at (12.000000, -19.000000, 7.000000) with path [(10, -19, 9), (11, -19, 8), (12, -19, 7)][/color]
[Peer: 440931918] [Turn 2] [color=cyan]  Checking ship Deathstroke (Side 2) at (14.000000, -28.000000, 14.000000) with path [(14, -22, 8), (15, -23, 8), (16, -24, 8), (17, -25, 8), (17, -26, 9), (17, -27, 10), (17, -28, 11), (16, -28, 12), (15, -28, 13), (14, -28, 14)][/color]
[Peer: 440931918] [Turn 2] [color=cyan]  Checking ship Bludgeon (Side 2) at (3.000000, -9.000000, 6.000000) with path [(1, -13, 12), (1, -12, 11), (1, -11, 10), (1, -10, 9), (1, -9, 8), (2, -9, 7), (3, -9, 6)][/color]
[Peer: 440931918] [Turn 2] [color=cyan]  Checking ship Viper (Side 2) at (20.000000, -26.000000, 6.000000) with path [(11, -19, 8), (12, -20, 8), (13, -21, 8), (14, -22, 8), (15, -23, 8), (16, -24, 8), (17, -25, 8), (18, -26, 8), (19, -27, 8), (20, -27, 7), (20, -26, 6)][/color]
[Peer: 440931918] [Turn 2] [color=cyan]  Checking ship Sathar Fighter A (Side 2) at (7.000000, -15.000000, 8.000000) with path [(13, -20, 7), (14, -21, 7), (14, -22, 8), (13, -22, 9), (12, -21, 9), (11, -20, 9), (10, -19, 9), (9, -18, 9), (8, -17, 9), (8, -16, 8), (7, -15, 8)][/color]
[Peer: 440931918] [Turn 2] [color=cyan]  Checking ship Sathar Fighter B (Side 2) at (9.000000, -18.000000, 9.000000) with path [(12, -21, 9), (13, -22, 9), (14, -22, 8), (14, -21, 7), (13, -20, 7), (12, -19, 7), (11, -18, 7), (10, -18, 8), (9, -18, 9)][/color]
[Peer: 440931918] [Turn 2] [color=cyan]  Checking ship Sathar Fighter C (Side 2) at (5.000000, -18.000000, 13.000000) with path [(10, -22, 12), (10, -23, 13), (9, -23, 14), (8, -22, 14), (7, -21, 14), (6, -20, 14), (6, -19, 13), (5, -18, 13)][/color]
[Peer: 440931918] [Turn 2] [color=cyan]  Checking ship Sathar Fighter D (Side 2) at (6.000000, -15.000000, 9.000000) with path [(11, -17, 6), (12, -17, 5), (13, -18, 5), (13, -19, 6), (12, -19, 7), (11, -19, 8), (10, -18, 8), (9, -17, 8), (8, -16, 8), (7, -15, 8), (6, -15, 9)][/color]
[Peer: 440931918] [Turn 2] [color=cyan]  Checking ship Sathar Fighter E (Side 2) at (4.000000, -10.000000, 6.000000) with path [(9, -17, 8), (9, -16, 7), (9, -15, 6), (8, -14, 6), (8, -13, 5), (7, -12, 5), (6, -11, 5), (5, -10, 5), (4, -10, 6)][/color]
[Peer: 440931918] [Turn 2] [color=cyan]  Checking ship Sathar Fighter F (Side 2) at (22.000000, -21.000000, -1.000000) with path [(13, -20, 7), (14, -20, 6), (15, -20, 5), (16, -20, 4), (17, -20, 3), (18, -21, 3), (19, -22, 3), (20, -22, 2), (20, -21, 1), (21, -21, 0), (22, -21, -1)][/color]
[Peer: 440931918] [Turn 2] Mines check complete. Hit ships size: 0
[Peer: 440931918] [Turn 2] [color=cyan]  Checking ship Maelstrom (Side 2) at (13.000000, -18.000000, 5.000000) with path [(10, -18, 8), (11, -18, 7), (12, -18, 6), (13, -18, 5)][/color]
[Peer: 440931918] [Turn 2] [color=cyan]  Checking ship Carrion (Side 2) at (12.000000, -19.000000, 7.000000) with path [(10, -19, 9), (11, -19, 8), (12, -19, 7)][/color]
[Peer: 440931918] [Turn 2] [color=cyan]  Checking ship Deathstroke (Side 2) at (14.000000, -28.000000, 14.000000) with path [(14, -22, 8), (15, -23, 8), (16, -24, 8), (17, -25, 8), (17, -26, 9), (17, -27, 10), (17, -28, 11), (16, -28, 12), (15, -28, 13), (14, -28, 14)][/color]
[Peer: 440931918] [Turn 2] [color=cyan]  Checking ship Bludgeon (Side 2) at (3.000000, -9.000000, 6.000000) with path [(1, -13, 12), (1, -12, 11), (1, -11, 10), (1, -10, 9), (1, -9, 8), (2, -9, 7), (3, -9, 6)][/color]
[Peer: 440931918] [Turn 2] [color=cyan]  Checking ship Viper (Side 2) at (20.000000, -26.000000, 6.000000) with path [(11, -19, 8), (12, -20, 8), (13, -21, 8), (14, -22, 8), (15, -23, 8), (16, -24, 8), (17, -25, 8), (18, -26, 8), (19, -27, 8), (20, -27, 7), (20, -26, 6)][/color]
[Peer: 440931918] [Turn 2] [color=cyan]  Checking ship Sathar Fighter A (Side 2) at (7.000000, -15.000000, 8.000000) with path [(13, -20, 7), (14, -21, 7), (14, -22, 8), (13, -22, 9), (12, -21, 9), (11, -20, 9), (10, -19, 9), (9, -18, 9), (8, -17, 9), (8, -16, 8), (7, -15, 8)][/color]
[Peer: 440931918] [Turn 2] [color=cyan]  Checking ship Sathar Fighter B (Side 2) at (9.000000, -18.000000, 9.000000) with path [(12, -21, 9), (13, -22, 9), (14, -22, 8), (14, -21, 7), (13, -20, 7), (12, -19, 7), (11, -18, 7), (10, -18, 8), (9, -18, 9)][/color]
[Peer: 440931918] [Turn 2] [color=cyan]  Checking ship Sathar Fighter C (Side 2) at (5.000000, -18.000000, 13.000000) with path [(10, -22, 12), (10, -23, 13), (9, -23, 14), (8, -22, 14), (7, -21, 14), (6, -20, 14), (6, -19, 13), (5, -18, 13)][/color]
[Peer: 440931918] [Turn 2] [color=cyan]  Checking ship Sathar Fighter D (Side 2) at (6.000000, -15.000000, 9.000000) with path [(11, -17, 6), (12, -17, 5), (13, -18, 5), (13, -19, 6), (12, -19, 7), (11, -19, 8), (10, -18, 8), (9, -17, 8), (8, -16, 8), (7, -15, 8), (6, -15, 9)][/color]
[Peer: 440931918] [Turn 2] [color=cyan]  Checking ship Sathar Fighter E (Side 2) at (4.000000, -10.000000, 6.000000) with path [(9, -17, 8), (9, -16, 7), (9, -15, 6), (8, -14, 6), (8, -13, 5), (7, -12, 5), (6, -11, 5), (5, -10, 5), (4, -10, 6)][/color]
[Peer: 440931918] [Turn 2] [color=cyan]  Checking ship Sathar Fighter F (Side 2) at (22.000000, -21.000000, -1.000000) with path [(13, -20, 7), (14, -20, 6), (15, -20, 5), (16, -20, 4), (17, -20, 3), (18, -21, 3), (19, -22, 3), (20, -22, 2), (20, -21, 1), (21, -21, 0), (22, -21, -1)][/color]
[Peer: 440931918] [Turn 2] Mines check complete. Hit ships size: 0
[Peer: 440931918] [Turn 2] [color=cyan]  Checking ship Maelstrom (Side 2) at (13.000000, -18.000000, 5.000000) with path [(10, -18, 8), (11, -18, 7), (12, -18, 6), (13, -18, 5)][/color]
[Peer: 440931918] [Turn 2] [color=cyan]  Checking ship Carrion (Side 2) at (12.000000, -19.000000, 7.000000) with path [(10, -19, 9), (11, -19, 8), (12, -19, 7)][/color]
[Peer: 440931918] [Turn 2] [color=cyan]  Checking ship Deathstroke (Side 2) at (14.000000, -28.000000, 14.000000) with path [(14, -22, 8), (15, -23, 8), (16, -24, 8), (17, -25, 8), (17, -26, 9), (17, -27, 10), (17, -28, 11), (16, -28, 12), (15, -28, 13), (14, -28, 14)][/color]
[Peer: 440931918] [Turn 2] [color=cyan]  Checking ship Bludgeon (Side 2) at (3.000000, -9.000000, 6.000000) with path [(1, -13, 12), (1, -12, 11), (1, -11, 10), (1, -10, 9), (1, -9, 8), (2, -9, 7), (3, -9, 6)][/color]
[Peer: 440931918] [Turn 2] [color=cyan]  Checking ship Viper (Side 2) at (20.000000, -26.000000, 6.000000) with path [(11, -19, 8), (12, -20, 8), (13, -21, 8), (14, -22, 8), (15, -23, 8), (16, -24, 8), (17, -25, 8), (18, -26, 8), (19, -27, 8), (20, -27, 7), (20, -26, 6)][/color]
[Peer: 440931918] [Turn 2] [color=cyan]  Checking ship Sathar Fighter A (Side 2) at (7.000000, -15.000000, 8.000000) with path [(13, -20, 7), (14, -21, 7), (14, -22, 8), (13, -22, 9), (12, -21, 9), (11, -20, 9), (10, -19, 9), (9, -18, 9), (8, -17, 9), (8, -16, 8), (7, -15, 8)][/color]
[Peer: 440931918] [Turn 2] [color=cyan]  Checking ship Sathar Fighter B (Side 2) at (9.000000, -18.000000, 9.000000) with path [(12, -21, 9), (13, -22, 9), (14, -22, 8), (14, -21, 7), (13, -20, 7), (12, -19, 7), (11, -18, 7), (10, -18, 8), (9, -18, 9)][/color]
[Peer: 440931918] [Turn 2] [color=cyan]  Checking ship Sathar Fighter C (Side 2) at (5.000000, -18.000000, 13.000000) with path [(10, -22, 12), (10, -23, 13), (9, -23, 14), (8, -22, 14), (7, -21, 14), (6, -20, 14), (6, -19, 13), (5, -18, 13)][/color]
[Peer: 440931918] [Turn 2] [color=cyan]  Checking ship Sathar Fighter D (Side 2) at (6.000000, -15.000000, 9.000000) with path [(11, -17, 6), (12, -17, 5), (13, -18, 5), (13, -19, 6), (12, -19, 7), (11, -19, 8), (10, -18, 8), (9, -17, 8), (8, -16, 8), (7, -15, 8), (6, -15, 9)][/color]
[Peer: 440931918] [Turn 2] [color=cyan]  Checking ship Sathar Fighter E (Side 2) at (4.000000, -10.000000, 6.000000) with path [(9, -17, 8), (9, -16, 7), (9, -15, 6), (8, -14, 6), (8, -13, 5), (7, -12, 5), (6, -11, 5), (5, -10, 5), (4, -10, 6)][/color]
[Peer: 440931918] [Turn 2] [color=cyan]  Checking ship Sathar Fighter F (Side 2) at (22.000000, -21.000000, -1.000000) with path [(13, -20, 7), (14, -20, 6), (15, -20, 5), (16, -20, 4), (17, -20, 3), (18, -21, 3), (19, -22, 3), (20, -22, 2), (20, -21, 1), (21, -21, 0), (22, -21, -1)][/color]
[Peer: 440931918] [Turn 2] Mines check complete. Hit ships size: 0
[Peer: 440931918] [Turn 2] [color=cyan]  Checking ship Maelstrom (Side 2) at (13.000000, -18.000000, 5.000000) with path [(10, -18, 8), (11, -18, 7), (12, -18, 6), (13, -18, 5)][/color]
[Peer: 440931918] [Turn 2] [color=cyan]  Checking ship Carrion (Side 2) at (12.000000, -19.000000, 7.000000) with path [(10, -19, 9), (11, -19, 8), (12, -19, 7)][/color]
[Peer: 440931918] [Turn 2] [color=cyan]  Checking ship Deathstroke (Side 2) at (14.000000, -28.000000, 14.000000) with path [(14, -22, 8), (15, -23, 8), (16, -24, 8), (17, -25, 8), (17, -26, 9), (17, -27, 10), (17, -28, 11), (16, -28, 12), (15, -28, 13), (14, -28, 14)][/color]
[Peer: 440931918] [Turn 2] [color=cyan]  Checking ship Bludgeon (Side 2) at (3.000000, -9.000000, 6.000000) with path [(1, -13, 12), (1, -12, 11), (1, -11, 10), (1, -10, 9), (1, -9, 8), (2, -9, 7), (3, -9, 6)][/color]
[Peer: 440931918] [Turn 2] [color=cyan]  Checking ship Viper (Side 2) at (20.000000, -26.000000, 6.000000) with path [(11, -19, 8), (12, -20, 8), (13, -21, 8), (14, -22, 8), (15, -23, 8), (16, -24, 8), (17, -25, 8), (18, -26, 8), (19, -27, 8), (20, -27, 7), (20, -26, 6)][/color]
[Peer: 440931918] [Turn 2] [color=cyan]  Checking ship Sathar Fighter A (Side 2) at (7.000000, -15.000000, 8.000000) with path [(13, -20, 7), (14, -21, 7), (14, -22, 8), (13, -22, 9), (12, -21, 9), (11, -20, 9), (10, -19, 9), (9, -18, 9), (8, -17, 9), (8, -16, 8), (7, -15, 8)][/color]
[Peer: 440931918] [Turn 2] [color=cyan]  Checking ship Sathar Fighter B (Side 2) at (9.000000, -18.000000, 9.000000) with path [(12, -21, 9), (13, -22, 9), (14, -22, 8), (14, -21, 7), (13, -20, 7), (12, -19, 7), (11, -18, 7), (10, -18, 8), (9, -18, 9)][/color]
[Peer: 440931918] [Turn 2] [color=cyan]  Checking ship Sathar Fighter C (Side 2) at (5.000000, -18.000000, 13.000000) with path [(10, -22, 12), (10, -23, 13), (9, -23, 14), (8, -22, 14), (7, -21, 14), (6, -20, 14), (6, -19, 13), (5, -18, 13)][/color]
[Peer: 440931918] [Turn 2] [color=cyan]  Checking ship Sathar Fighter D (Side 2) at (6.000000, -15.000000, 9.000000) with path [(11, -17, 6), (12, -17, 5), (13, -18, 5), (13, -19, 6), (12, -19, 7), (11, -19, 8), (10, -18, 8), (9, -17, 8), (8, -16, 8), (7, -15, 8), (6, -15, 9)][/color]
[Peer: 440931918] [Turn 2] [color=cyan]  Checking ship Sathar Fighter E (Side 2) at (4.000000, -10.000000, 6.000000) with path [(9, -17, 8), (9, -16, 7), (9, -15, 6), (8, -14, 6), (8, -13, 5), (7, -12, 5), (6, -11, 5), (5, -10, 5), (4, -10, 6)][/color]
[Peer: 440931918] [Turn 2] [color=cyan]  Checking ship Sathar Fighter F (Side 2) at (22.000000, -21.000000, -1.000000) with path [(13, -20, 7), (14, -20, 6), (15, -20, 5), (16, -20, 4), (17, -20, 3), (18, -21, 3), (19, -22, 3), (20, -22, 2), (20, -21, 1), (21, -21, 0), (22, -21, -1)][/color]
[Peer: 440931918] [Turn 2] Mines check complete. Hit ships size: 0
[Peer: 440931918] [Turn 2] [color=cyan]  Checking ship Maelstrom (Side 2) at (13.000000, -18.000000, 5.000000) with path [(10, -18, 8), (11, -18, 7), (12, -18, 6), (13, -18, 5)][/color]
[Peer: 440931918] [Turn 2] [color=cyan]  Checking ship Carrion (Side 2) at (12.000000, -19.000000, 7.000000) with path [(10, -19, 9), (11, -19, 8), (12, -19, 7)][/color]
[Peer: 440931918] [Turn 2] [color=cyan]  Checking ship Deathstroke (Side 2) at (14.000000, -28.000000, 14.000000) with path [(14, -22, 8), (15, -23, 8), (16, -24, 8), (17, -25, 8), (17, -26, 9), (17, -27, 10), (17, -28, 11), (16, -28, 12), (15, -28, 13), (14, -28, 14)][/color]
[Peer: 440931918] [Turn 2] [color=cyan]  Checking ship Bludgeon (Side 2) at (3.000000, -9.000000, 6.000000) with path [(1, -13, 12), (1, -12, 11), (1, -11, 10), (1, -10, 9), (1, -9, 8), (2, -9, 7), (3, -9, 6)][/color]
[Peer: 440931918] [Turn 2] [color=cyan]  Checking ship Viper (Side 2) at (20.000000, -26.000000, 6.000000) with path [(11, -19, 8), (12, -20, 8), (13, -21, 8), (14, -22, 8), (15, -23, 8), (16, -24, 8), (17, -25, 8), (18, -26, 8), (19, -27, 8), (20, -27, 7), (20, -26, 6)][/color]
[Peer: 440931918] [Turn 2] [color=cyan]  Checking ship Sathar Fighter A (Side 2) at (7.000000, -15.000000, 8.000000) with path [(13, -20, 7), (14, -21, 7), (14, -22, 8), (13, -22, 9), (12, -21, 9), (11, -20, 9), (10, -19, 9), (9, -18, 9), (8, -17, 9), (8, -16, 8), (7, -15, 8)][/color]
[Peer: 440931918] [Turn 2] [color=cyan]  Checking ship Sathar Fighter B (Side 2) at (9.000000, -18.000000, 9.000000) with path [(12, -21, 9), (13, -22, 9), (14, -22, 8), (14, -21, 7), (13, -20, 7), (12, -19, 7), (11, -18, 7), (10, -18, 8), (9, -18, 9)][/color]
[Peer: 440931918] [Turn 2] [color=cyan]  Checking ship Sathar Fighter C (Side 2) at (5.000000, -18.000000, 13.000000) with path [(10, -22, 12), (10, -23, 13), (9, -23, 14), (8, -22, 14), (7, -21, 14), (6, -20, 14), (6, -19, 13), (5, -18, 13)][/color]
[Peer: 440931918] [Turn 2] [color=cyan]  Checking ship Sathar Fighter D (Side 2) at (6.000000, -15.000000, 9.000000) with path [(11, -17, 6), (12, -17, 5), (13, -18, 5), (13, -19, 6), (12, -19, 7), (11, -19, 8), (10, -18, 8), (9, -17, 8), (8, -16, 8), (7, -15, 8), (6, -15, 9)][/color]
[Peer: 440931918] [Turn 2] [color=cyan]  Checking ship Sathar Fighter E (Side 2) at (4.000000, -10.000000, 6.000000) with path [(9, -17, 8), (9, -16, 7), (9, -15, 6), (8, -14, 6), (8, -13, 5), (7, -12, 5), (6, -11, 5), (5, -10, 5), (4, -10, 6)][/color]
[Peer: 440931918] [Turn 2] [color=cyan]  Checking ship Sathar Fighter F (Side 2) at (22.000000, -21.000000, -1.000000) with path [(13, -20, 7), (14, -20, 6), (15, -20, 5), (16, -20, 4), (17, -20, 3), (18, -21, 3), (19, -22, 3), (20, -22, 2), (20, -21, 1), (21, -21, 0), (22, -21, -1)][/color]
[Peer: 440931918] [Turn 2] Mines check complete. Hit ships size: 0
[Peer: 440931918] [Turn 2] [color=cyan]  Checking ship Maelstrom (Side 2) at (13.000000, -18.000000, 5.000000) with path [(10, -18, 8), (11, -18, 7), (12, -18, 6), (13, -18, 5)][/color]
[Peer: 440931918] [Turn 2] [color=cyan]  Checking ship Carrion (Side 2) at (12.000000, -19.000000, 7.000000) with path [(10, -19, 9), (11, -19, 8), (12, -19, 7)][/color]
[Peer: 440931918] [Turn 2] [color=cyan]  Checking ship Deathstroke (Side 2) at (14.000000, -28.000000, 14.000000) with path [(14, -22, 8), (15, -23, 8), (16, -24, 8), (17, -25, 8), (17, -26, 9), (17, -27, 10), (17, -28, 11), (16, -28, 12), (15, -28, 13), (14, -28, 14)][/color]
[Peer: 440931918] [Turn 2] [color=cyan]  Checking ship Bludgeon (Side 2) at (3.000000, -9.000000, 6.000000) with path [(1, -13, 12), (1, -12, 11), (1, -11, 10), (1, -10, 9), (1, -9, 8), (2, -9, 7), (3, -9, 6)][/color]
[Peer: 440931918] [Turn 2] [color=cyan]  Checking ship Viper (Side 2) at (20.000000, -26.000000, 6.000000) with path [(11, -19, 8), (12, -20, 8), (13, -21, 8), (14, -22, 8), (15, -23, 8), (16, -24, 8), (17, -25, 8), (18, -26, 8), (19, -27, 8), (20, -27, 7), (20, -26, 6)][/color]
[Peer: 440931918] [Turn 2] [color=cyan]  Checking ship Sathar Fighter A (Side 2) at (7.000000, -15.000000, 8.000000) with path [(13, -20, 7), (14, -21, 7), (14, -22, 8), (13, -22, 9), (12, -21, 9), (11, -20, 9), (10, -19, 9), (9, -18, 9), (8, -17, 9), (8, -16, 8), (7, -15, 8)][/color]
[Peer: 440931918] [Turn 2] [color=cyan]  Checking ship Sathar Fighter B (Side 2) at (9.000000, -18.000000, 9.000000) with path [(12, -21, 9), (13, -22, 9), (14, -22, 8), (14, -21, 7), (13, -20, 7), (12, -19, 7), (11, -18, 7), (10, -18, 8), (9, -18, 9)][/color]
[Peer: 440931918] [Turn 2] [color=cyan]  Checking ship Sathar Fighter C (Side 2) at (5.000000, -18.000000, 13.000000) with path [(10, -22, 12), (10, -23, 13), (9, -23, 14), (8, -22, 14), (7, -21, 14), (6, -20, 14), (6, -19, 13), (5, -18, 13)][/color]
[Peer: 440931918] [Turn 2] [color=cyan]  Checking ship Sathar Fighter D (Side 2) at (6.000000, -15.000000, 9.000000) with path [(11, -17, 6), (12, -17, 5), (13, -18, 5), (13, -19, 6), (12, -19, 7), (11, -19, 8), (10, -18, 8), (9, -17, 8), (8, -16, 8), (7, -15, 8), (6, -15, 9)][/color]
[Peer: 440931918] [Turn 2] [color=cyan]  Checking ship Sathar Fighter E (Side 2) at (4.000000, -10.000000, 6.000000) with path [(9, -17, 8), (9, -16, 7), (9, -15, 6), (8, -14, 6), (8, -13, 5), (7, -12, 5), (6, -11, 5), (5, -10, 5), (4, -10, 6)][/color]
[Peer: 440931918] [Turn 2] [color=cyan]  Checking ship Sathar Fighter F (Side 2) at (22.000000, -21.000000, -1.000000) with path [(13, -20, 7), (14, -20, 6), (15, -20, 5), (16, -20, 4), (17, -20, 3), (18, -21, 3), (19, -22, 3), (20, -22, 2), (20, -21, 1), (21, -21, 0), (22, -21, -1)][/color]
[Peer: 440931918] [Turn 2] Mines check complete. Hit ships size: 0
[Peer: 440931918] [Turn 2] [color=cyan]  Checking ship Maelstrom (Side 2) at (13.000000, -18.000000, 5.000000) with path [(10, -18, 8), (11, -18, 7), (12, -18, 6), (13, -18, 5)][/color]
[Peer: 440931918] [Turn 2] [color=cyan]  Checking ship Carrion (Side 2) at (12.000000, -19.000000, 7.000000) with path [(10, -19, 9), (11, -19, 8), (12, -19, 7)][/color]
[Peer: 440931918] [Turn 2] [color=cyan]  Checking ship Deathstroke (Side 2) at (14.000000, -28.000000, 14.000000) with path [(14, -22, 8), (15, -23, 8), (16, -24, 8), (17, -25, 8), (17, -26, 9), (17, -27, 10), (17, -28, 11), (16, -28, 12), (15, -28, 13), (14, -28, 14)][/color]
[Peer: 440931918] [Turn 2] [color=cyan]  Checking ship Bludgeon (Side 2) at (3.000000, -9.000000, 6.000000) with path [(1, -13, 12), (1, -12, 11), (1, -11, 10), (1, -10, 9), (1, -9, 8), (2, -9, 7), (3, -9, 6)][/color]
[Peer: 440931918] [Turn 2] [color=cyan]  Checking ship Viper (Side 2) at (20.000000, -26.000000, 6.000000) with path [(11, -19, 8), (12, -20, 8), (13, -21, 8), (14, -22, 8), (15, -23, 8), (16, -24, 8), (17, -25, 8), (18, -26, 8), (19, -27, 8), (20, -27, 7), (20, -26, 6)][/color]
[Peer: 440931918] [Turn 2] [color=cyan]  Checking ship Sathar Fighter A (Side 2) at (7.000000, -15.000000, 8.000000) with path [(13, -20, 7), (14, -21, 7), (14, -22, 8), (13, -22, 9), (12, -21, 9), (11, -20, 9), (10, -19, 9), (9, -18, 9), (8, -17, 9), (8, -16, 8), (7, -15, 8)][/color]
[Peer: 440931918] [Turn 2] [color=cyan]  Checking ship Sathar Fighter B (Side 2) at (9.000000, -18.000000, 9.000000) with path [(12, -21, 9), (13, -22, 9), (14, -22, 8), (14, -21, 7), (13, -20, 7), (12, -19, 7), (11, -18, 7), (10, -18, 8), (9, -18, 9)][/color]
[Peer: 440931918] [Turn 2] [color=cyan]  Checking ship Sathar Fighter C (Side 2) at (5.000000, -18.000000, 13.000000) with path [(10, -22, 12), (10, -23, 13), (9, -23, 14), (8, -22, 14), (7, -21, 14), (6, -20, 14), (6, -19, 13), (5, -18, 13)][/color]
[Peer: 440931918] [Turn 2] [color=cyan]  Checking ship Sathar Fighter D (Side 2) at (6.000000, -15.000000, 9.000000) with path [(11, -17, 6), (12, -17, 5), (13, -18, 5), (13, -19, 6), (12, -19, 7), (11, -19, 8), (10, -18, 8), (9, -17, 8), (8, -16, 8), (7, -15, 8), (6, -15, 9)][/color]
[Peer: 440931918] [Turn 2] [color=cyan]  Checking ship Sathar Fighter E (Side 2) at (4.000000, -10.000000, 6.000000) with path [(9, -17, 8), (9, -16, 7), (9, -15, 6), (8, -14, 6), (8, -13, 5), (7, -12, 5), (6, -11, 5), (5, -10, 5), (4, -10, 6)][/color]
[Peer: 440931918] [Turn 2] [color=cyan]  Checking ship Sathar Fighter F (Side 2) at (22.000000, -21.000000, -1.000000) with path [(13, -20, 7), (14, -20, 6), (15, -20, 5), (16, -20, 4), (17, -20, 3), (18, -21, 3), (19, -22, 3), (20, -22, 2), (20, -21, 1), (21, -21, 0), (22, -21, -1)][/color]
[Peer: 440931918] [Turn 2] Mines check complete. Hit ships size: 0
[Peer: 440931918] [Turn 2] [color=cyan]  Checking ship Maelstrom (Side 2) at (13.000000, -18.000000, 5.000000) with path [(10, -18, 8), (11, -18, 7), (12, -18, 6), (13, -18, 5)][/color]
[Peer: 440931918] [Turn 2] [color=cyan]  Checking ship Carrion (Side 2) at (12.000000, -19.000000, 7.000000) with path [(10, -19, 9), (11, -19, 8), (12, -19, 7)][/color]
[Peer: 440931918] [Turn 2] [color=cyan]  Checking ship Deathstroke (Side 2) at (14.000000, -28.000000, 14.000000) with path [(14, -22, 8), (15, -23, 8), (16, -24, 8), (17, -25, 8), (17, -26, 9), (17, -27, 10), (17, -28, 11), (16, -28, 12), (15, -28, 13), (14, -28, 14)][/color]
[Peer: 440931918] [Turn 2] [color=cyan]  Checking ship Bludgeon (Side 2) at (3.000000, -9.000000, 6.000000) with path [(1, -13, 12), (1, -12, 11), (1, -11, 10), (1, -10, 9), (1, -9, 8), (2, -9, 7), (3, -9, 6)][/color]
[Peer: 440931918] [Turn 2] [color=cyan]  Checking ship Viper (Side 2) at (20.000000, -26.000000, 6.000000) with path [(11, -19, 8), (12, -20, 8), (13, -21, 8), (14, -22, 8), (15, -23, 8), (16, -24, 8), (17, -25, 8), (18, -26, 8), (19, -27, 8), (20, -27, 7), (20, -26, 6)][/color]
[Peer: 440931918] [Turn 2] [color=cyan]  Checking ship Sathar Fighter A (Side 2) at (7.000000, -15.000000, 8.000000) with path [(13, -20, 7), (14, -21, 7), (14, -22, 8), (13, -22, 9), (12, -21, 9), (11, -20, 9), (10, -19, 9), (9, -18, 9), (8, -17, 9), (8, -16, 8), (7, -15, 8)][/color]
[Peer: 440931918] [Turn 2] [color=cyan]  Checking ship Sathar Fighter B (Side 2) at (9.000000, -18.000000, 9.000000) with path [(12, -21, 9), (13, -22, 9), (14, -22, 8), (14, -21, 7), (13, -20, 7), (12, -19, 7), (11, -18, 7), (10, -18, 8), (9, -18, 9)][/color]
[Peer: 440931918] [Turn 2] [color=cyan]  Checking ship Sathar Fighter C (Side 2) at (5.000000, -18.000000, 13.000000) with path [(10, -22, 12), (10, -23, 13), (9, -23, 14), (8, -22, 14), (7, -21, 14), (6, -20, 14), (6, -19, 13), (5, -18, 13)][/color]
[Peer: 440931918] [Turn 2] [color=cyan]  Checking ship Sathar Fighter D (Side 2) at (6.000000, -15.000000, 9.000000) with path [(11, -17, 6), (12, -17, 5), (13, -18, 5), (13, -19, 6), (12, -19, 7), (11, -19, 8), (10, -18, 8), (9, -17, 8), (8, -16, 8), (7, -15, 8), (6, -15, 9)][/color]
[Peer: 440931918] [Turn 2] [color=cyan]  Checking ship Sathar Fighter E (Side 2) at (4.000000, -10.000000, 6.000000) with path [(9, -17, 8), (9, -16, 7), (9, -15, 6), (8, -14, 6), (8, -13, 5), (7, -12, 5), (6, -11, 5), (5, -10, 5), (4, -10, 6)][/color]
[Peer: 440931918] [Turn 2] [color=cyan]  Checking ship Sathar Fighter F (Side 2) at (22.000000, -21.000000, -1.000000) with path [(13, -20, 7), (14, -20, 6), (15, -20, 5), (16, -20, 4), (17, -20, 3), (18, -21, 3), (19, -22, 3), (20, -22, 2), (20, -21, 1), (21, -21, 0), (22, -21, -1)][/color]
[Peer: 440931918] [Turn 2] Mines check complete. Hit ships size: 0
[Peer: 440931918] [Turn 2] [color=cyan]  Checking ship Maelstrom (Side 2) at (13.000000, -18.000000, 5.000000) with path [(10, -18, 8), (11, -18, 7), (12, -18, 6), (13, -18, 5)][/color]
[Peer: 440931918] [Turn 2] [color=cyan]  Checking ship Carrion (Side 2) at (12.000000, -19.000000, 7.000000) with path [(10, -19, 9), (11, -19, 8), (12, -19, 7)][/color]
[Peer: 440931918] [Turn 2] [color=cyan]  Checking ship Deathstroke (Side 2) at (14.000000, -28.000000, 14.000000) with path [(14, -22, 8), (15, -23, 8), (16, -24, 8), (17, -25, 8), (17, -26, 9), (17, -27, 10), (17, -28, 11), (16, -28, 12), (15, -28, 13), (14, -28, 14)][/color]
[Peer: 440931918] [Turn 2] [color=cyan]  Checking ship Bludgeon (Side 2) at (3.000000, -9.000000, 6.000000) with path [(1, -13, 12), (1, -12, 11), (1, -11, 10), (1, -10, 9), (1, -9, 8), (2, -9, 7), (3, -9, 6)][/color]
[Peer: 440931918] [Turn 2] [color=cyan]  Checking ship Viper (Side 2) at (20.000000, -26.000000, 6.000000) with path [(11, -19, 8), (12, -20, 8), (13, -21, 8), (14, -22, 8), (15, -23, 8), (16, -24, 8), (17, -25, 8), (18, -26, 8), (19, -27, 8), (20, -27, 7), (20, -26, 6)][/color]
[Peer: 440931918] [Turn 2] [color=cyan]  Checking ship Sathar Fighter A (Side 2) at (7.000000, -15.000000, 8.000000) with path [(13, -20, 7), (14, -21, 7), (14, -22, 8), (13, -22, 9), (12, -21, 9), (11, -20, 9), (10, -19, 9), (9, -18, 9), (8, -17, 9), (8, -16, 8), (7, -15, 8)][/color]
[Peer: 440931918] [Turn 2] [color=cyan]  Checking ship Sathar Fighter B (Side 2) at (9.000000, -18.000000, 9.000000) with path [(12, -21, 9), (13, -22, 9), (14, -22, 8), (14, -21, 7), (13, -20, 7), (12, -19, 7), (11, -18, 7), (10, -18, 8), (9, -18, 9)][/color]
[Peer: 440931918] [Turn 2] [color=cyan]  Checking ship Sathar Fighter C (Side 2) at (5.000000, -18.000000, 13.000000) with path [(10, -22, 12), (10, -23, 13), (9, -23, 14), (8, -22, 14), (7, -21, 14), (6, -20, 14), (6, -19, 13), (5, -18, 13)][/color]
[Peer: 440931918] [Turn 2] [color=cyan]  Checking ship Sathar Fighter D (Side 2) at (6.000000, -15.000000, 9.000000) with path [(11, -17, 6), (12, -17, 5), (13, -18, 5), (13, -19, 6), (12, -19, 7), (11, -19, 8), (10, -18, 8), (9, -17, 8), (8, -16, 8), (7, -15, 8), (6, -15, 9)][/color]
[Peer: 440931918] [Turn 2] [color=cyan]  Checking ship Sathar Fighter E (Side 2) at (4.000000, -10.000000, 6.000000) with path [(9, -17, 8), (9, -16, 7), (9, -15, 6), (8, -14, 6), (8, -13, 5), (7, -12, 5), (6, -11, 5), (5, -10, 5), (4, -10, 6)][/color]
[Peer: 440931918] [Turn 2] [color=cyan]  Checking ship Sathar Fighter F (Side 2) at (22.000000, -21.000000, -1.000000) with path [(13, -20, 7), (14, -20, 6), (15, -20, 5), (16, -20, 4), (17, -20, 3), (18, -21, 3), (19, -22, 3), (20, -22, 2), (20, -21, 1), (21, -21, 0), (22, -21, -1)][/color]
[Peer: 440931918] [Turn 2] Mines check complete. Hit ships size: 0
[Peer: 440931918] [Turn 2] [color=cyan]  Checking ship Maelstrom (Side 2) at (13.000000, -18.000000, 5.000000) with path [(10, -18, 8), (11, -18, 7), (12, -18, 6), (13, -18, 5)][/color]
[Peer: 440931918] [Turn 2] [color=cyan]  Checking ship Carrion (Side 2) at (12.000000, -19.000000, 7.000000) with path [(10, -19, 9), (11, -19, 8), (12, -19, 7)][/color]
[Peer: 440931918] [Turn 2] [color=cyan]  Checking ship Deathstroke (Side 2) at (14.000000, -28.000000, 14.000000) with path [(14, -22, 8), (15, -23, 8), (16, -24, 8), (17, -25, 8), (17, -26, 9), (17, -27, 10), (17, -28, 11), (16, -28, 12), (15, -28, 13), (14, -28, 14)][/color]
[Peer: 440931918] [Turn 2] [color=cyan]  Checking ship Bludgeon (Side 2) at (3.000000, -9.000000, 6.000000) with path [(1, -13, 12), (1, -12, 11), (1, -11, 10), (1, -10, 9), (1, -9, 8), (2, -9, 7), (3, -9, 6)][/color]
[Peer: 440931918] [Turn 2] [color=cyan]  Checking ship Viper (Side 2) at (20.000000, -26.000000, 6.000000) with path [(11, -19, 8), (12, -20, 8), (13, -21, 8), (14, -22, 8), (15, -23, 8), (16, -24, 8), (17, -25, 8), (18, -26, 8), (19, -27, 8), (20, -27, 7), (20, -26, 6)][/color]
[Peer: 440931918] [Turn 2] [color=cyan]  Checking ship Sathar Fighter A (Side 2) at (7.000000, -15.000000, 8.000000) with path [(13, -20, 7), (14, -21, 7), (14, -22, 8), (13, -22, 9), (12, -21, 9), (11, -20, 9), (10, -19, 9), (9, -18, 9), (8, -17, 9), (8, -16, 8), (7, -15, 8)][/color]
[Peer: 440931918] [Turn 2] [color=cyan]  Checking ship Sathar Fighter B (Side 2) at (9.000000, -18.000000, 9.000000) with path [(12, -21, 9), (13, -22, 9), (14, -22, 8), (14, -21, 7), (13, -20, 7), (12, -19, 7), (11, -18, 7), (10, -18, 8), (9, -18, 9)][/color]
[Peer: 440931918] [Turn 2] [color=cyan]  Checking ship Sathar Fighter C (Side 2) at (5.000000, -18.000000, 13.000000) with path [(10, -22, 12), (10, -23, 13), (9, -23, 14), (8, -22, 14), (7, -21, 14), (6, -20, 14), (6, -19, 13), (5, -18, 13)][/color]
[Peer: 440931918] [Turn 2] [color=cyan]  Checking ship Sathar Fighter D (Side 2) at (6.000000, -15.000000, 9.000000) with path [(11, -17, 6), (12, -17, 5), (13, -18, 5), (13, -19, 6), (12, -19, 7), (11, -19, 8), (10, -18, 8), (9, -17, 8), (8, -16, 8), (7, -15, 8), (6, -15, 9)][/color]
[Peer: 440931918] [Turn 2] [color=cyan]  Checking ship Sathar Fighter E (Side 2) at (4.000000, -10.000000, 6.000000) with path [(9, -17, 8), (9, -16, 7), (9, -15, 6), (8, -14, 6), (8, -13, 5), (7, -12, 5), (6, -11, 5), (5, -10, 5), (4, -10, 6)][/color]
[Peer: 440931918] [Turn 2] [color=cyan]  Checking ship Sathar Fighter F (Side 2) at (22.000000, -21.000000, -1.000000) with path [(13, -20, 7), (14, -20, 6), (15, -20, 5), (16, -20, 4), (17, -20, 3), (18, -21, 3), (19, -22, 3), (20, -22, 2), (20, -21, 1), (21, -21, 0), (22, -21, -1)][/color]
[Peer: 440931918] [Turn 2] Mines check complete. Hit ships size: 0
[Peer: 440931918] [Turn 2] [color=cyan]  Checking ship Maelstrom (Side 2) at (13.000000, -18.000000, 5.000000) with path [(10, -18, 8), (11, -18, 7), (12, -18, 6), (13, -18, 5)][/color]
[Peer: 440931918] [Turn 2] [color=cyan]  Checking ship Carrion (Side 2) at (12.000000, -19.000000, 7.000000) with path [(10, -19, 9), (11, -19, 8), (12, -19, 7)][/color]
[Peer: 440931918] [Turn 2] [color=cyan]  Checking ship Deathstroke (Side 2) at (14.000000, -28.000000, 14.000000) with path [(14, -22, 8), (15, -23, 8), (16, -24, 8), (17, -25, 8), (17, -26, 9), (17, -27, 10), (17, -28, 11), (16, -28, 12), (15, -28, 13), (14, -28, 14)][/color]
[Peer: 440931918] [Turn 2] [color=cyan]  Checking ship Bludgeon (Side 2) at (3.000000, -9.000000, 6.000000) with path [(1, -13, 12), (1, -12, 11), (1, -11, 10), (1, -10, 9), (1, -9, 8), (2, -9, 7), (3, -9, 6)][/color]
[Peer: 440931918] [Turn 2] [color=cyan]  Checking ship Viper (Side 2) at (20.000000, -26.000000, 6.000000) with path [(11, -19, 8), (12, -20, 8), (13, -21, 8), (14, -22, 8), (15, -23, 8), (16, -24, 8), (17, -25, 8), (18, -26, 8), (19, -27, 8), (20, -27, 7), (20, -26, 6)][/color]
[Peer: 440931918] [Turn 2] [color=cyan]  Checking ship Sathar Fighter A (Side 2) at (7.000000, -15.000000, 8.000000) with path [(13, -20, 7), (14, -21, 7), (14, -22, 8), (13, -22, 9), (12, -21, 9), (11, -20, 9), (10, -19, 9), (9, -18, 9), (8, -17, 9), (8, -16, 8), (7, -15, 8)][/color]
[Peer: 440931918] [Turn 2] [color=cyan]  Checking ship Sathar Fighter B (Side 2) at (9.000000, -18.000000, 9.000000) with path [(12, -21, 9), (13, -22, 9), (14, -22, 8), (14, -21, 7), (13, -20, 7), (12, -19, 7), (11, -18, 7), (10, -18, 8), (9, -18, 9)][/color]
[Peer: 440931918] [Turn 2] [color=cyan]  Checking ship Sathar Fighter C (Side 2) at (5.000000, -18.000000, 13.000000) with path [(10, -22, 12), (10, -23, 13), (9, -23, 14), (8, -22, 14), (7, -21, 14), (6, -20, 14), (6, -19, 13), (5, -18, 13)][/color]
[Peer: 440931918] [Turn 2] [color=cyan]  Checking ship Sathar Fighter D (Side 2) at (6.000000, -15.000000, 9.000000) with path [(11, -17, 6), (12, -17, 5), (13, -18, 5), (13, -19, 6), (12, -19, 7), (11, -19, 8), (10, -18, 8), (9, -17, 8), (8, -16, 8), (7, -15, 8), (6, -15, 9)][/color]
[Peer: 440931918] [Turn 2] [color=cyan]  Checking ship Sathar Fighter E (Side 2) at (4.000000, -10.000000, 6.000000) with path [(9, -17, 8), (9, -16, 7), (9, -15, 6), (8, -14, 6), (8, -13, 5), (7, -12, 5), (6, -11, 5), (5, -10, 5), (4, -10, 6)][/color]
[Peer: 440931918] [Turn 2] [color=cyan]  Checking ship Sathar Fighter F (Side 2) at (22.000000, -21.000000, -1.000000) with path [(13, -20, 7), (14, -20, 6), (15, -20, 5), (16, -20, 4), (17, -20, 3), (18, -21, 3), (19, -22, 3), (20, -22, 2), (20, -21, 1), (21, -21, 0), (22, -21, -1)][/color]
[Peer: 440931918] [Turn 2] Mines check complete. Hit ships size: 0
[Peer: 440931918] [Turn 2] [color=cyan]  Checking ship Maelstrom (Side 2) at (13.000000, -18.000000, 5.000000) with path [(10, -18, 8), (11, -18, 7), (12, -18, 6), (13, -18, 5)][/color]
[Peer: 440931918] [Turn 2] [color=cyan]  Checking ship Carrion (Side 2) at (12.000000, -19.000000, 7.000000) with path [(10, -19, 9), (11, -19, 8), (12, -19, 7)][/color]
[Peer: 440931918] [Turn 2] [color=cyan]  Checking ship Deathstroke (Side 2) at (14.000000, -28.000000, 14.000000) with path [(14, -22, 8), (15, -23, 8), (16, -24, 8), (17, -25, 8), (17, -26, 9), (17, -27, 10), (17, -28, 11), (16, -28, 12), (15, -28, 13), (14, -28, 14)][/color]
[Peer: 440931918] [Turn 2] [color=cyan]  Checking ship Bludgeon (Side 2) at (3.000000, -9.000000, 6.000000) with path [(1, -13, 12), (1, -12, 11), (1, -11, 10), (1, -10, 9), (1, -9, 8), (2, -9, 7), (3, -9, 6)][/color]
[Peer: 440931918] [Turn 2] [color=cyan]  Checking ship Viper (Side 2) at (20.000000, -26.000000, 6.000000) with path [(11, -19, 8), (12, -20, 8), (13, -21, 8), (14, -22, 8), (15, -23, 8), (16, -24, 8), (17, -25, 8), (18, -26, 8), (19, -27, 8), (20, -27, 7), (20, -26, 6)][/color]
[Peer: 440931918] [Turn 2] [color=cyan]  Checking ship Sathar Fighter A (Side 2) at (7.000000, -15.000000, 8.000000) with path [(13, -20, 7), (14, -21, 7), (14, -22, 8), (13, -22, 9), (12, -21, 9), (11, -20, 9), (10, -19, 9), (9, -18, 9), (8, -17, 9), (8, -16, 8), (7, -15, 8)][/color]
[Peer: 440931918] [Turn 2] [color=cyan]  Checking ship Sathar Fighter B (Side 2) at (9.000000, -18.000000, 9.000000) with path [(12, -21, 9), (13, -22, 9), (14, -22, 8), (14, -21, 7), (13, -20, 7), (12, -19, 7), (11, -18, 7), (10, -18, 8), (9, -18, 9)][/color]
[Peer: 440931918] [Turn 2] [color=cyan]  Checking ship Sathar Fighter C (Side 2) at (5.000000, -18.000000, 13.000000) with path [(10, -22, 12), (10, -23, 13), (9, -23, 14), (8, -22, 14), (7, -21, 14), (6, -20, 14), (6, -19, 13), (5, -18, 13)][/color]
[Peer: 440931918] [Turn 2] [color=cyan]  Checking ship Sathar Fighter D (Side 2) at (6.000000, -15.000000, 9.000000) with path [(11, -17, 6), (12, -17, 5), (13, -18, 5), (13, -19, 6), (12, -19, 7), (11, -19, 8), (10, -18, 8), (9, -17, 8), (8, -16, 8), (7, -15, 8), (6, -15, 9)][/color]
[Peer: 440931918] [Turn 2] [color=cyan]  Checking ship Sathar Fighter E (Side 2) at (4.000000, -10.000000, 6.000000) with path [(9, -17, 8), (9, -16, 7), (9, -15, 6), (8, -14, 6), (8, -13, 5), (7, -12, 5), (6, -11, 5), (5, -10, 5), (4, -10, 6)][/color]
[Peer: 440931918] [Turn 2] [color=cyan]  Checking ship Sathar Fighter F (Side 2) at (22.000000, -21.000000, -1.000000) with path [(13, -20, 7), (14, -20, 6), (15, -20, 5), (16, -20, 4), (17, -20, 3), (18, -21, 3), (19, -22, 3), (20, -22, 2), (20, -21, 1), (21, -21, 0), (22, -21, -1)][/color]
[Peer: 440931918] [Turn 2] Mines check complete. Hit ships size: 0
[Peer: 440931918] [Turn 2] [color=cyan]  Checking ship Maelstrom (Side 2) at (13.000000, -18.000000, 5.000000) with path [(10, -18, 8), (11, -18, 7), (12, -18, 6), (13, -18, 5)][/color]
[Peer: 440931918] [Turn 2] [color=cyan]  Checking ship Carrion (Side 2) at (12.000000, -19.000000, 7.000000) with path [(10, -19, 9), (11, -19, 8), (12, -19, 7)][/color]
[Peer: 440931918] [Turn 2] [color=cyan]  Checking ship Deathstroke (Side 2) at (14.000000, -28.000000, 14.000000) with path [(14, -22, 8), (15, -23, 8), (16, -24, 8), (17, -25, 8), (17, -26, 9), (17, -27, 10), (17, -28, 11), (16, -28, 12), (15, -28, 13), (14, -28, 14)][/color]
[Peer: 440931918] [Turn 2] [color=cyan]  Checking ship Bludgeon (Side 2) at (3.000000, -9.000000, 6.000000) with path [(1, -13, 12), (1, -12, 11), (1, -11, 10), (1, -10, 9), (1, -9, 8), (2, -9, 7), (3, -9, 6)][/color]
[Peer: 440931918] [Turn 2] [color=cyan]  Checking ship Viper (Side 2) at (20.000000, -26.000000, 6.000000) with path [(11, -19, 8), (12, -20, 8), (13, -21, 8), (14, -22, 8), (15, -23, 8), (16, -24, 8), (17, -25, 8), (18, -26, 8), (19, -27, 8), (20, -27, 7), (20, -26, 6)][/color]
[Peer: 440931918] [Turn 2] [color=cyan]  Checking ship Sathar Fighter A (Side 2) at (7.000000, -15.000000, 8.000000) with path [(13, -20, 7), (14, -21, 7), (14, -22, 8), (13, -22, 9), (12, -21, 9), (11, -20, 9), (10, -19, 9), (9, -18, 9), (8, -17, 9), (8, -16, 8), (7, -15, 8)][/color]
[Peer: 440931918] [Turn 2] [color=cyan]  Checking ship Sathar Fighter B (Side 2) at (9.000000, -18.000000, 9.000000) with path [(12, -21, 9), (13, -22, 9), (14, -22, 8), (14, -21, 7), (13, -20, 7), (12, -19, 7), (11, -18, 7), (10, -18, 8), (9, -18, 9)][/color]
[Peer: 440931918] [Turn 2] [color=cyan]  Checking ship Sathar Fighter C (Side 2) at (5.000000, -18.000000, 13.000000) with path [(10, -22, 12), (10, -23, 13), (9, -23, 14), (8, -22, 14), (7, -21, 14), (6, -20, 14), (6, -19, 13), (5, -18, 13)][/color]
[Peer: 440931918] [Turn 2] [color=cyan]  Checking ship Sathar Fighter D (Side 2) at (6.000000, -15.000000, 9.000000) with path [(11, -17, 6), (12, -17, 5), (13, -18, 5), (13, -19, 6), (12, -19, 7), (11, -19, 8), (10, -18, 8), (9, -17, 8), (8, -16, 8), (7, -15, 8), (6, -15, 9)][/color]
[Peer: 440931918] [Turn 2] [color=cyan]  Checking ship Sathar Fighter E (Side 2) at (4.000000, -10.000000, 6.000000) with path [(9, -17, 8), (9, -16, 7), (9, -15, 6), (8, -14, 6), (8, -13, 5), (7, -12, 5), (6, -11, 5), (5, -10, 5), (4, -10, 6)][/color]
[Peer: 440931918] [Turn 2] [color=cyan]  Checking ship Sathar Fighter F (Side 2) at (22.000000, -21.000000, -1.000000) with path [(13, -20, 7), (14, -20, 6), (15, -20, 5), (16, -20, 4), (17, -20, 3), (18, -21, 3), (19, -22, 3), (20, -22, 2), (20, -21, 1), (21, -21, 0), (22, -21, -1)][/color]
[Peer: 440931918] [Turn 2] Mines check complete. Hit ships size: 0
[Peer: 440931918] [Turn 2] [color=cyan]  Checking ship Maelstrom (Side 2) at (13.000000, -18.000000, 5.000000) with path [(10, -18, 8), (11, -18, 7), (12, -18, 6), (13, -18, 5)][/color]
[Peer: 440931918] [Turn 2] [color=cyan]  Checking ship Carrion (Side 2) at (12.000000, -19.000000, 7.000000) with path [(10, -19, 9), (11, -19, 8), (12, -19, 7)][/color]
[Peer: 440931918] [Turn 2] [color=cyan]  Checking ship Deathstroke (Side 2) at (14.000000, -28.000000, 14.000000) with path [(14, -22, 8), (15, -23, 8), (16, -24, 8), (17, -25, 8), (17, -26, 9), (17, -27, 10), (17, -28, 11), (16, -28, 12), (15, -28, 13), (14, -28, 14)][/color]
[Peer: 440931918] [Turn 2] [color=cyan]  Checking ship Bludgeon (Side 2) at (3.000000, -9.000000, 6.000000) with path [(1, -13, 12), (1, -12, 11), (1, -11, 10), (1, -10, 9), (1, -9, 8), (2, -9, 7), (3, -9, 6)][/color]
[Peer: 440931918] [Turn 2] [color=cyan]  Checking ship Viper (Side 2) at (20.000000, -26.000000, 6.000000) with path [(11, -19, 8), (12, -20, 8), (13, -21, 8), (14, -22, 8), (15, -23, 8), (16, -24, 8), (17, -25, 8), (18, -26, 8), (19, -27, 8), (20, -27, 7), (20, -26, 6)][/color]
[Peer: 440931918] [Turn 2] [color=cyan]  Checking ship Sathar Fighter A (Side 2) at (7.000000, -15.000000, 8.000000) with path [(13, -20, 7), (14, -21, 7), (14, -22, 8), (13, -22, 9), (12, -21, 9), (11, -20, 9), (10, -19, 9), (9, -18, 9), (8, -17, 9), (8, -16, 8), (7, -15, 8)][/color]
[Peer: 440931918] [Turn 2] [color=cyan]  Checking ship Sathar Fighter B (Side 2) at (9.000000, -18.000000, 9.000000) with path [(12, -21, 9), (13, -22, 9), (14, -22, 8), (14, -21, 7), (13, -20, 7), (12, -19, 7), (11, -18, 7), (10, -18, 8), (9, -18, 9)][/color]
[Peer: 440931918] [Turn 2] [color=cyan]  Checking ship Sathar Fighter C (Side 2) at (5.000000, -18.000000, 13.000000) with path [(10, -22, 12), (10, -23, 13), (9, -23, 14), (8, -22, 14), (7, -21, 14), (6, -20, 14), (6, -19, 13), (5, -18, 13)][/color]
[Peer: 440931918] [Turn 2] [color=cyan]  Checking ship Sathar Fighter D (Side 2) at (6.000000, -15.000000, 9.000000) with path [(11, -17, 6), (12, -17, 5), (13, -18, 5), (13, -19, 6), (12, -19, 7), (11, -19, 8), (10, -18, 8), (9, -17, 8), (8, -16, 8), (7, -15, 8), (6, -15, 9)][/color]
[Peer: 440931918] [Turn 2] [color=cyan]  Checking ship Sathar Fighter E (Side 2) at (4.000000, -10.000000, 6.000000) with path [(9, -17, 8), (9, -16, 7), (9, -15, 6), (8, -14, 6), (8, -13, 5), (7, -12, 5), (6, -11, 5), (5, -10, 5), (4, -10, 6)][/color]
[Peer: 440931918] [Turn 2] [color=cyan]  Checking ship Sathar Fighter F (Side 2) at (22.000000, -21.000000, -1.000000) with path [(13, -20, 7), (14, -20, 6), (15, -20, 5), (16, -20, 4), (17, -20, 3), (18, -21, 3), (19, -22, 3), (20, -22, 2), (20, -21, 1), (21, -21, 0), (22, -21, -1)][/color]
[Peer: 440931918] [Turn 2] Mines check complete. Hit ships size: 0
[Peer: 440931918] [Turn 2] [color=cyan]  Checking ship Maelstrom (Side 2) at (13.000000, -18.000000, 5.000000) with path [(10, -18, 8), (11, -18, 7), (12, -18, 6), (13, -18, 5)][/color]
[Peer: 440931918] [Turn 2] [color=cyan]  Checking ship Carrion (Side 2) at (12.000000, -19.000000, 7.000000) with path [(10, -19, 9), (11, -19, 8), (12, -19, 7)][/color]
[Peer: 440931918] [Turn 2] [color=cyan]  Checking ship Deathstroke (Side 2) at (14.000000, -28.000000, 14.000000) with path [(14, -22, 8), (15, -23, 8), (16, -24, 8), (17, -25, 8), (17, -26, 9), (17, -27, 10), (17, -28, 11), (16, -28, 12), (15, -28, 13), (14, -28, 14)][/color]
[Peer: 440931918] [Turn 2] [color=cyan]  Checking ship Bludgeon (Side 2) at (3.000000, -9.000000, 6.000000) with path [(1, -13, 12), (1, -12, 11), (1, -11, 10), (1, -10, 9), (1, -9, 8), (2, -9, 7), (3, -9, 6)][/color]
[Peer: 440931918] [Turn 2] [color=cyan]  Checking ship Viper (Side 2) at (20.000000, -26.000000, 6.000000) with path [(11, -19, 8), (12, -20, 8), (13, -21, 8), (14, -22, 8), (15, -23, 8), (16, -24, 8), (17, -25, 8), (18, -26, 8), (19, -27, 8), (20, -27, 7), (20, -26, 6)][/color]
[Peer: 440931918] [Turn 2] [color=cyan]  Checking ship Sathar Fighter A (Side 2) at (7.000000, -15.000000, 8.000000) with path [(13, -20, 7), (14, -21, 7), (14, -22, 8), (13, -22, 9), (12, -21, 9), (11, -20, 9), (10, -19, 9), (9, -18, 9), (8, -17, 9), (8, -16, 8), (7, -15, 8)][/color]
[Peer: 440931918] [Turn 2] [color=cyan]  Checking ship Sathar Fighter B (Side 2) at (9.000000, -18.000000, 9.000000) with path [(12, -21, 9), (13, -22, 9), (14, -22, 8), (14, -21, 7), (13, -20, 7), (12, -19, 7), (11, -18, 7), (10, -18, 8), (9, -18, 9)][/color]
[Peer: 440931918] [Turn 2] [color=cyan]  Checking ship Sathar Fighter C (Side 2) at (5.000000, -18.000000, 13.000000) with path [(10, -22, 12), (10, -23, 13), (9, -23, 14), (8, -22, 14), (7, -21, 14), (6, -20, 14), (6, -19, 13), (5, -18, 13)][/color]
[Peer: 440931918] [Turn 2] [color=cyan]  Checking ship Sathar Fighter D (Side 2) at (6.000000, -15.000000, 9.000000) with path [(11, -17, 6), (12, -17, 5), (13, -18, 5), (13, -19, 6), (12, -19, 7), (11, -19, 8), (10, -18, 8), (9, -17, 8), (8, -16, 8), (7, -15, 8), (6, -15, 9)][/color]
[Peer: 440931918] [Turn 2] [color=cyan]  Checking ship Sathar Fighter E (Side 2) at (4.000000, -10.000000, 6.000000) with path [(9, -17, 8), (9, -16, 7), (9, -15, 6), (8, -14, 6), (8, -13, 5), (7, -12, 5), (6, -11, 5), (5, -10, 5), (4, -10, 6)][/color]
[Peer: 440931918] [Turn 2] [color=cyan]  Checking ship Sathar Fighter F (Side 2) at (22.000000, -21.000000, -1.000000) with path [(13, -20, 7), (14, -20, 6), (15, -20, 5), (16, -20, 4), (17, -20, 3), (18, -21, 3), (19, -22, 3), (20, -22, 2), (20, -21, 1), (21, -21, 0), (22, -21, -1)][/color]
[Peer: 440931918] [Turn 2] Mines check complete. Hit ships size: 0
[Peer: 440931918] [Turn 2] [color=cyan]  Checking ship Maelstrom (Side 2) at (13.000000, -18.000000, 5.000000) with path [(10, -18, 8), (11, -18, 7), (12, -18, 6), (13, -18, 5)][/color]
[Peer: 440931918] [Turn 2] [color=cyan]  Checking ship Carrion (Side 2) at (12.000000, -19.000000, 7.000000) with path [(10, -19, 9), (11, -19, 8), (12, -19, 7)][/color]
[Peer: 440931918] [Turn 2] [color=cyan]  Checking ship Deathstroke (Side 2) at (14.000000, -28.000000, 14.000000) with path [(14, -22, 8), (15, -23, 8), (16, -24, 8), (17, -25, 8), (17, -26, 9), (17, -27, 10), (17, -28, 11), (16, -28, 12), (15, -28, 13), (14, -28, 14)][/color]
[Peer: 440931918] [Turn 2] [color=cyan]  Checking ship Bludgeon (Side 2) at (3.000000, -9.000000, 6.000000) with path [(1, -13, 12), (1, -12, 11), (1, -11, 10), (1, -10, 9), (1, -9, 8), (2, -9, 7), (3, -9, 6)][/color]
[Peer: 440931918] [Turn 2] [color=cyan]  Checking ship Viper (Side 2) at (20.000000, -26.000000, 6.000000) with path [(11, -19, 8), (12, -20, 8), (13, -21, 8), (14, -22, 8), (15, -23, 8), (16, -24, 8), (17, -25, 8), (18, -26, 8), (19, -27, 8), (20, -27, 7), (20, -26, 6)][/color]
[Peer: 440931918] [Turn 2] [color=cyan]  Checking ship Sathar Fighter A (Side 2) at (7.000000, -15.000000, 8.000000) with path [(13, -20, 7), (14, -21, 7), (14, -22, 8), (13, -22, 9), (12, -21, 9), (11, -20, 9), (10, -19, 9), (9, -18, 9), (8, -17, 9), (8, -16, 8), (7, -15, 8)][/color]
[Peer: 440931918] [Turn 2] [color=cyan]  Checking ship Sathar Fighter B (Side 2) at (9.000000, -18.000000, 9.000000) with path [(12, -21, 9), (13, -22, 9), (14, -22, 8), (14, -21, 7), (13, -20, 7), (12, -19, 7), (11, -18, 7), (10, -18, 8), (9, -18, 9)][/color]
[Peer: 440931918] [Turn 2] [color=cyan]  Checking ship Sathar Fighter C (Side 2) at (5.000000, -18.000000, 13.000000) with path [(10, -22, 12), (10, -23, 13), (9, -23, 14), (8, -22, 14), (7, -21, 14), (6, -20, 14), (6, -19, 13), (5, -18, 13)][/color]
[Peer: 440931918] [Turn 2] [color=cyan]  Checking ship Sathar Fighter D (Side 2) at (6.000000, -15.000000, 9.000000) with path [(11, -17, 6), (12, -17, 5), (13, -18, 5), (13, -19, 6), (12, -19, 7), (11, -19, 8), (10, -18, 8), (9, -17, 8), (8, -16, 8), (7, -15, 8), (6, -15, 9)][/color]
[Peer: 440931918] [Turn 2] [color=cyan]  Checking ship Sathar Fighter E (Side 2) at (4.000000, -10.000000, 6.000000) with path [(9, -17, 8), (9, -16, 7), (9, -15, 6), (8, -14, 6), (8, -13, 5), (7, -12, 5), (6, -11, 5), (5, -10, 5), (4, -10, 6)][/color]
[Peer: 440931918] [Turn 2] [color=cyan]  Checking ship Sathar Fighter F (Side 2) at (22.000000, -21.000000, -1.000000) with path [(13, -20, 7), (14, -20, 6), (15, -20, 5), (16, -20, 4), (17, -20, 3), (18, -21, 3), (19, -22, 3), (20, -22, 2), (20, -21, 1), (21, -21, 0), (22, -21, -1)][/color]
[Peer: 440931918] [Turn 2] Mines check complete. Hit ships size: 0
[Peer: 440931918] [Turn 2] [color=cyan]  Checking ship Maelstrom (Side 2) at (13.000000, -18.000000, 5.000000) with path [(10, -18, 8), (11, -18, 7), (12, -18, 6), (13, -18, 5)][/color]
[Peer: 440931918] [Turn 2] [color=cyan]  Checking ship Carrion (Side 2) at (12.000000, -19.000000, 7.000000) with path [(10, -19, 9), (11, -19, 8), (12, -19, 7)][/color]
[Peer: 440931918] [Turn 2] [color=cyan]  Checking ship Deathstroke (Side 2) at (14.000000, -28.000000, 14.000000) with path [(14, -22, 8), (15, -23, 8), (16, -24, 8), (17, -25, 8), (17, -26, 9), (17, -27, 10), (17, -28, 11), (16, -28, 12), (15, -28, 13), (14, -28, 14)][/color]
[Peer: 440931918] [Turn 2] [color=cyan]  Checking ship Bludgeon (Side 2) at (3.000000, -9.000000, 6.000000) with path [(1, -13, 12), (1, -12, 11), (1, -11, 10), (1, -10, 9), (1, -9, 8), (2, -9, 7), (3, -9, 6)][/color]
[Peer: 440931918] [Turn 2] [color=cyan]  Checking ship Viper (Side 2) at (20.000000, -26.000000, 6.000000) with path [(11, -19, 8), (12, -20, 8), (13, -21, 8), (14, -22, 8), (15, -23, 8), (16, -24, 8), (17, -25, 8), (18, -26, 8), (19, -27, 8), (20, -27, 7), (20, -26, 6)][/color]
[Peer: 440931918] [Turn 2] [color=cyan]  Checking ship Sathar Fighter A (Side 2) at (7.000000, -15.000000, 8.000000) with path [(13, -20, 7), (14, -21, 7), (14, -22, 8), (13, -22, 9), (12, -21, 9), (11, -20, 9), (10, -19, 9), (9, -18, 9), (8, -17, 9), (8, -16, 8), (7, -15, 8)][/color]
[Peer: 440931918] [Turn 2] [color=cyan]  Checking ship Sathar Fighter B (Side 2) at (9.000000, -18.000000, 9.000000) with path [(12, -21, 9), (13, -22, 9), (14, -22, 8), (14, -21, 7), (13, -20, 7), (12, -19, 7), (11, -18, 7), (10, -18, 8), (9, -18, 9)][/color]
[Peer: 440931918] [Turn 2] [color=cyan]  Checking ship Sathar Fighter C (Side 2) at (5.000000, -18.000000, 13.000000) with path [(10, -22, 12), (10, -23, 13), (9, -23, 14), (8, -22, 14), (7, -21, 14), (6, -20, 14), (6, -19, 13), (5, -18, 13)][/color]
[Peer: 440931918] [Turn 2] [color=cyan]  Checking ship Sathar Fighter D (Side 2) at (6.000000, -15.000000, 9.000000) with path [(11, -17, 6), (12, -17, 5), (13, -18, 5), (13, -19, 6), (12, -19, 7), (11, -19, 8), (10, -18, 8), (9, -17, 8), (8, -16, 8), (7, -15, 8), (6, -15, 9)][/color]
[Peer: 440931918] [Turn 2] [color=cyan]  Checking ship Sathar Fighter E (Side 2) at (4.000000, -10.000000, 6.000000) with path [(9, -17, 8), (9, -16, 7), (9, -15, 6), (8, -14, 6), (8, -13, 5), (7, -12, 5), (6, -11, 5), (5, -10, 5), (4, -10, 6)][/color]
[Peer: 440931918] [Turn 2] [color=cyan]  Checking ship Sathar Fighter F (Side 2) at (22.000000, -21.000000, -1.000000) with path [(13, -20, 7), (14, -20, 6), (15, -20, 5), (16, -20, 4), (17, -20, 3), (18, -21, 3), (19, -22, 3), (20, -22, 2), (20, -21, 1), (21, -21, 0), (22, -21, -1)][/color]
[Peer: 440931918] [Turn 2] Mines check complete. Hit ships size: 0
[Peer: 440931918] [Turn 2] [color=cyan]  Checking ship Maelstrom (Side 2) at (13.000000, -18.000000, 5.000000) with path [(10, -18, 8), (11, -18, 7), (12, -18, 6), (13, -18, 5)][/color]
[Peer: 440931918] [Turn 2] [color=cyan]  Checking ship Carrion (Side 2) at (12.000000, -19.000000, 7.000000) with path [(10, -19, 9), (11, -19, 8), (12, -19, 7)][/color]
[Peer: 440931918] [Turn 2] [color=cyan]  Checking ship Deathstroke (Side 2) at (14.000000, -28.000000, 14.000000) with path [(14, -22, 8), (15, -23, 8), (16, -24, 8), (17, -25, 8), (17, -26, 9), (17, -27, 10), (17, -28, 11), (16, -28, 12), (15, -28, 13), (14, -28, 14)][/color]
[Peer: 440931918] [Turn 2] [color=cyan]  Checking ship Bludgeon (Side 2) at (3.000000, -9.000000, 6.000000) with path [(1, -13, 12), (1, -12, 11), (1, -11, 10), (1, -10, 9), (1, -9, 8), (2, -9, 7), (3, -9, 6)][/color]
[Peer: 440931918] [Turn 2] [color=cyan]  Checking ship Viper (Side 2) at (20.000000, -26.000000, 6.000000) with path [(11, -19, 8), (12, -20, 8), (13, -21, 8), (14, -22, 8), (15, -23, 8), (16, -24, 8), (17, -25, 8), (18, -26, 8), (19, -27, 8), (20, -27, 7), (20, -26, 6)][/color]
[Peer: 440931918] [Turn 2] [color=cyan]  Checking ship Sathar Fighter A (Side 2) at (7.000000, -15.000000, 8.000000) with path [(13, -20, 7), (14, -21, 7), (14, -22, 8), (13, -22, 9), (12, -21, 9), (11, -20, 9), (10, -19, 9), (9, -18, 9), (8, -17, 9), (8, -16, 8), (7, -15, 8)][/color]
[Peer: 440931918] [Turn 2] [color=cyan]  Checking ship Sathar Fighter B (Side 2) at (9.000000, -18.000000, 9.000000) with path [(12, -21, 9), (13, -22, 9), (14, -22, 8), (14, -21, 7), (13, -20, 7), (12, -19, 7), (11, -18, 7), (10, -18, 8), (9, -18, 9)][/color]
[Peer: 440931918] [Turn 2] [color=cyan]  Checking ship Sathar Fighter C (Side 2) at (5.000000, -18.000000, 13.000000) with path [(10, -22, 12), (10, -23, 13), (9, -23, 14), (8, -22, 14), (7, -21, 14), (6, -20, 14), (6, -19, 13), (5, -18, 13)][/color]
[Peer: 440931918] [Turn 2] [color=cyan]  Checking ship Sathar Fighter D (Side 2) at (6.000000, -15.000000, 9.000000) with path [(11, -17, 6), (12, -17, 5), (13, -18, 5), (13, -19, 6), (12, -19, 7), (11, -19, 8), (10, -18, 8), (9, -17, 8), (8, -16, 8), (7, -15, 8), (6, -15, 9)][/color]
[Peer: 440931918] [Turn 2] [color=cyan]  Checking ship Sathar Fighter E (Side 2) at (4.000000, -10.000000, 6.000000) with path [(9, -17, 8), (9, -16, 7), (9, -15, 6), (8, -14, 6), (8, -13, 5), (7, -12, 5), (6, -11, 5), (5, -10, 5), (4, -10, 6)][/color]
[Peer: 440931918] [Turn 2] [color=cyan]  Checking ship Sathar Fighter F (Side 2) at (22.000000, -21.000000, -1.000000) with path [(13, -20, 7), (14, -20, 6), (15, -20, 5), (16, -20, 4), (17, -20, 3), (18, -21, 3), (19, -22, 3), (20, -22, 2), (20, -21, 1), (21, -21, 0), (22, -21, -1)][/color]
[Peer: 440931918] [Turn 2] Mines check complete. Hit ships size: 0
[Peer: 440931918] [Turn 2] [color=cyan]!!! DEBUG !!! Entering Seeker Movement. Active Seekers: 4[/color]
[Peer: 440931918] [Turn 2] Movement Phase Complete for Side 2. Starting Combat.
[DEBUG] start_combat_passive: Side 1 firing (Opponent of Moving Side 2)
[Peer: 440931918] [Turn 2] Combat Planning: Side 1
[DEBUG] TARGET CHECK P1. Ships: 11
[DEBUG] Weapon Torpedoes N/A for Shimmer (Phase 3, Fired false)
[DEBUG] Weapon Torpedoes N/A for Zz'Nakk'T (Phase 3, Fired false)
[DEBUG] VALID: Lancet found target with Laser Battery
[Peer: 440931918] [Turn 2] Resolving 1 attacks...
[Peer: 440931918] [Turn 2] AS Lancet firing Laser Battery at F Sathar Fighter D
Combat Roll: Distance 5, Chance 25%, Rolled 84
[Peer: 440931918] [Turn 2] Firing Ship: AS Lancet, Weapon: Laser Battery, Odds: 25%, Roll: 84, Result: MISS
[Peer: 440931918] [Turn 2] [color=red]MISS![/color]
[Peer: 440931918] [Turn 2] AS Lancet firing Laser Battery at F Sathar Fighter D
[Peer: 440931918] [Turn 2] Firing Ship: AS Lancet, Weapon: Laser Battery, Odds: 25%, Roll: 84, Result: MISS
[Peer: 440931918] [Turn 2] Resolution Phase Complete.
[Peer: 440931918] [Turn 2] Turn Segment Complete.
[DEBUG] start_combat_active: Side 2 firing (Active Side)
[Peer: 440931918] [Turn 2] Combat Planning: Side 2
[DEBUG] TARGET CHECK P2. Ships: 11
[DEBUG] VALID: Carrion found target with Proton Battery
[Peer: 440931918] [Turn 2] AI Planning: CA Carrion -> AS Lancet with Proton Battery (Utility: -0.70)
[Peer: 440931918] [Turn 2] AI Planning: DD Bludgeon -> F Fighter D with Laser Battery (Utility: 7.94)
[Peer: 440931918] [Turn 2] AI Planning: DD Bludgeon -> AS Lancet with Electron Battery (Utility: 7.47)
[Peer: 440931918] [Turn 2] AI Planning: DD Bludgeon -> F Fighter D with Rocket Batteries (Utility: 9.18)
[Peer: 440931918] [Turn 2] AI Planning: DD Bludgeon -> F Fighter D with Torpedoes (Utility: 7.11)
[Peer: 440931918] [Turn 2] AI Planning: F Sathar Fighter E -> AS Lancet with Assault Rockets (Utility: 8.59)
[Peer: 440931918] [Turn 2] Resolving 6 attacks...
[Peer: 440931918] [Turn 2] CA Carrion firing Proton Battery at AS Lancet
Combat Roll: Distance 11, Chance 5%, Rolled 66
[Peer: 440931918] [Turn 2] Firing Ship: CA Carrion, Weapon: Proton Battery, Odds: 5%, Roll: 66, Result: MISS
[Peer: 440931918] [Turn 2] [color=red]MISS![/color]
[Peer: 440931918] [Turn 2] CA Carrion firing Proton Battery at AS Lancet
[Peer: 440931918] [Turn 2] Firing Ship: CA Carrion, Weapon: Proton Battery, Odds: 5%, Roll: 66, Result: MISS
[Peer: 440931918] [Turn 2] DD Bludgeon firing Laser Battery at F Fighter D
Combat Roll: Distance 2, Chance 40%, Rolled 41
[Peer: 440931918] [Turn 2] Firing Ship: DD Bludgeon, Weapon: Laser Battery, Odds: 40%, Roll: 41, Result: MISS
[Peer: 440931918] [Turn 2] [color=red]MISS![/color]
[Peer: 440931918] [Turn 2] DD Bludgeon firing Laser Battery at F Fighter D
[Peer: 440931918] [Turn 2] Firing Ship: DD Bludgeon, Weapon: Laser Battery, Odds: 40%, Roll: 41, Result: MISS
[Peer: 440931918] [Turn 2] DD Bludgeon firing Electron Battery at AS Lancet
[Peer: 440931918] [Turn 2] Firing Ship: DD Bludgeon, Weapon: Electron Battery, Odds: 45%, Roll: 37, Result: HIT
[Peer: 440931918] [Turn 2] DD Bludgeon firing Electron Battery at AS Lancet
Combat Roll: Distance 3, Chance 45%, Rolled 37
[Peer: 440931918] [Turn 2] Firing Ship: DD Bludgeon, Weapon: Electron Battery, Odds: 45%, Roll: 37, Result: HIT
Damage Roll: 1d10+0 -> 3
Damage Roll: d100(33) + DTM(10) = 43
[Peer: 440931918] [Turn 2] [color=green]HIT![/color] Rolling Damage Table (d100+10 = 43)
[Peer: 440931918] [Turn 2] [color=green]HIT![/color] Rolling Damage Table (d100+10 = 43)
[Peer: 440931918] [Turn 2] Lancet: Hull Hit (3 Damage)
[Peer: 440931918] [Turn 2] DD Bludgeon firing Rocket Batteries at F Fighter D
Combat Roll: Distance 2, Chance 40%, Rolled 44
[Peer: 440931918] [Turn 2] Firing Ship: DD Bludgeon, Weapon: Rocket Batteries, Odds: 40%, Roll: 44, Result: MISS
[Peer: 440931918] [Turn 2] [color=red]MISS![/color]
[Peer: 440931918] [Turn 2] DD Bludgeon firing Rocket Batteries at F Fighter D
[Peer: 440931918] [Turn 2] Firing Ship: DD Bludgeon, Weapon: Rocket Batteries, Odds: 40%, Roll: 44, Result: MISS
[Peer: 440931918] [Turn 2] DD Bludgeon firing Torpedoes at F Fighter D
Combat Roll: Distance 2, Chance 70%, Rolled 59
[Peer: 440931918] [Turn 2] Firing Ship: DD Bludgeon, Weapon: Torpedoes, Odds: 70%, Roll: 59, Result: HIT
Damage Roll: 4d10+0 -> 18
Damage Roll: d100(78) + DTM(20) = 98
[Peer: 440931918] [Turn 2] [color=green]HIT![/color] Rolling Damage Table (d100+20 = 98)
[Peer: 440931918] [Turn 2] DD Bludgeon firing Torpedoes at F Fighter D
[Peer: 440931918] [Turn 2] Firing Ship: DD Bludgeon, Weapon: Torpedoes, Odds: 70%, Roll: 59, Result: HIT
[Peer: 440931918] [Turn 2] [color=green]HIT![/color] Rolling Damage Table (d100+20 = 98)
[Peer: 440931918] [Turn 2] Fighter D: ELECTRICAL FIRE! (+20 Dmg/Turn)
[Peer: 440931918] [Turn 2] F Sathar Fighter E firing Assault Rockets at AS Lancet
Combat Roll: Distance 3, Chance 70%, Rolled 14
[Peer: 440931918] [Turn 2] Firing Ship: F Sathar Fighter E, Weapon: Assault Rockets, Odds: 70%, Roll: 14, Result: HIT
Damage Roll: 2d10+4 -> 9
Damage Roll: d100(57) + DTM(-10) = 47
[Peer: 440931918] [Turn 2] [color=green]HIT![/color] Rolling Damage Table (d100+-10 = 47)
[Peer: 440931918] [Turn 2] F Sathar Fighter E firing Assault Rockets at AS Lancet
[Peer: 440931918] [Turn 2] Firing Ship: F Sathar Fighter E, Weapon: Assault Rockets, Odds: 70%, Roll: 14, Result: HIT
[Peer: 440931918] [Turn 2] [color=green]HIT![/color] Rolling Damage Table (d100+-10 = 47)
[Peer: 440931918] [Turn 2] Lancet: Drive Hit (-1 ADF)
[Peer: 440931918] [Turn 2] Resolution Phase Complete.
[Peer: 440931918] [Turn 2] Turn Segment Complete.
[Peer: 440931918] [Turn 3] Round Complete. Starting New Round.
[Peer: 440931918] [Turn 3] === Turn Start: Side UPF ===
DEBUG: Rejected Maelstrom Side:2 CurSide:1 Moved:false
DEBUG: Rejected Carrion Side:2 CurSide:1 Moved:false
DEBUG: Rejected Deathstroke Side:2 CurSide:1 Moved:false
DEBUG: Rejected Bludgeon Side:2 CurSide:1 Moved:false
DEBUG: Rejected Viper Side:2 CurSide:1 Moved:false
DEBUG: Rejected Sathar Fighter A Side:2 CurSide:1 Moved:false
DEBUG: Rejected Sathar Fighter B Side:2 CurSide:1 Moved:false
DEBUG: Rejected Sathar Fighter C Side:2 CurSide:1 Moved:false
DEBUG: Rejected Sathar Fighter D Side:2 CurSide:1 Moved:false
DEBUG: Rejected Sathar Fighter E Side:2 CurSide:1 Moved:false
DEBUG: Rejected Sathar Fighter F Side:2 CurSide:1 Moved:false
DEBUG: start_movement_phase. Side: 1 Available: 11
DEBUG: First available: Ken'zah Station ID: 1 Moved: false
DEBUG: Auto-Orbit Candidate Found: Ken'zah Station (Class: Space Station, Orbit: 1)
[Peer: 440931918] [Turn 3] Synced Orders for Ken'zah Station
[Peer: 440931918] [Turn 3] [color=orange]Fire damage on Fighter D![/color]
[Peer: 440931918] [Turn 3] Fire Roll: d100+20 = 84 -> Defense Hit (ICM, SS, PS, ES, MS)
[Peer: 440931918] [Turn 3] Fighter D: Defense Hit (ICM, SS, PS, ES, MS)
[Peer: 440931918] [Turn 3] [color=red]System missing/destroyed -> FALLBACK HULL HIT[/color]
[Peer: 440931918] [Turn 3] Fighter D takes 1 Fallback Damage
[Peer: 440931918] [Turn 3] Synced Orders for Z'Rak't Zoz
[Peer: 440931918] [Turn 3] Synced Orders for Shimmer
[Peer: 440931918] [Turn 3] Synced Orders for Zz'Nakk'T
[Peer: 440931918] [Turn 3] Synced Orders for Lancet
[Peer: 440931918] [Turn 3] Synced Orders for Fighter A
[Peer: 440931918] [Turn 3] Synced Orders for Fighter B
[Peer: 440931918] [Turn 3] Synced Orders for Fighter C
[Peer: 440931918] [Turn 3] Synced Orders for Fighter D
[Peer: 440931918] [Turn 3] Synced Orders for Fighter E
[Peer: 440931918] [Turn 3] Synced Orders for Fighter F
>>> DIAGNOSTIC: execute_all_movement running for side: 1 on peer: 440931918
[Peer: 440931918] [Turn 3] Executing Movement Phase for Side UPF
[Peer: 440931918] [Turn 3] [color=yellow]EXECUTE LOOP: Checking Ship Ken'zah Station (Class: Space Station, Mines: 0)[/color]
[Peer: 440931918] [Turn 3] [color=yellow]EXECUTE LOOP: Checking Ship Z'Rak't Zoz (Class: Minelayer, Mines: 0)[/color]
[Peer: 440931918] [Turn 3] [color=yellow]EXECUTE LOOP: Checking Ship Shimmer (Class: Frigate, Mines: 0)[/color]
[Peer: 440931918] [Turn 3] [color=yellow]EXECUTE LOOP: Checking Ship Zz'Nakk'T (Class: Frigate, Mines: 0)[/color]
[Peer: 440931918] [Turn 3] [color=yellow]EXECUTE LOOP: Checking Ship Lancet (Class: Assault Scout, Mines: 0)[/color]
[Peer: 440931918] [Turn 3] [color=yellow]Hull Integrity Check for Lancet: Roll 51 vs 6% Risk[/color]
[Peer: 440931918] [Turn 3] [color=yellow]EXECUTE LOOP: Checking Ship Fighter A (Class: Fighter, Mines: 0)[/color]
[Peer: 440931918] [Turn 3] [color=yellow]EXECUTE LOOP: Checking Ship Fighter B (Class: Fighter, Mines: 0)[/color]
[Peer: 440931918] [Turn 3] [color=yellow]EXECUTE LOOP: Checking Ship Fighter C (Class: Fighter, Mines: 0)[/color]
[Peer: 440931918] [Turn 3] [color=yellow]EXECUTE LOOP: Checking Ship Fighter D (Class: Fighter, Mines: 0)[/color]
[Peer: 440931918] [Turn 3] [color=yellow]EXECUTE LOOP: Checking Ship Fighter E (Class: Fighter, Mines: 0)[/color]
[Peer: 440931918] [Turn 3] [color=yellow]EXECUTE LOOP: Checking Ship Fighter F (Class: Fighter, Mines: 0)[/color]
>>> DIAGNOSTIC: Entering Mine Detonations. Active Mines: 20 on peer: 440931918
[Peer: 440931918] [Turn 3] [color=cyan]!!! DEBUG !!! Entering Mine Detonations. Active Mines: 20[/color]
[Peer: 440931918] [Turn 3] [color=cyan]  Mine at (-4.000000, 8.000000, -4.000000) (Side 1)[/color]
[Peer: 440931918] [Turn 3] [color=cyan]  Mine at (-4.000000, -4.000000, 8.000000) (Side 1)[/color]
[Peer: 440931918] [Turn 3] [color=cyan]  Mine at (-1.000000, -6.000000, 7.000000) (Side 1)[/color]
[Peer: 440931918] [Turn 3] [color=cyan]  Mine at (9.000000, -1.000000, -8.000000) (Side 1)[/color]
[Peer: 440931918] [Turn 3] [color=cyan]  Mine at (-9.000000, 0.000000, 9.000000) (Side 1)[/color]
[Peer: 440931918] [Turn 3] [color=cyan]  Mine at (-9.000000, 1.000000, 8.000000) (Side 1)[/color]
[Peer: 440931918] [Turn 3] [color=cyan]  Mine at (-8.000000, 7.000000, 1.000000) (Side 1)[/color]
[Peer: 440931918] [Turn 3] [color=cyan]  Mine at (8.000000, -9.000000, 1.000000) (Side 1)[/color]
[Peer: 440931918] [Turn 3] [color=cyan]  Mine at (6.000000, -7.000000, 1.000000) (Side 1)[/color]
[Peer: 440931918] [Turn 3] [color=cyan]  Mine at (7.000000, 0.000000, -7.000000) (Side 1)[/color]
[Peer: 440931918] [Turn 3] [color=cyan]  Mine at (-8.000000, 3.000000, 5.000000) (Side 1)[/color]
[Peer: 440931918] [Turn 3] [color=cyan]  Mine at (-7.000000, 1.000000, 6.000000) (Side 1)[/color]
[Peer: 440931918] [Turn 3] [color=cyan]  Mine at (-7.000000, 7.000000, 0.000000) (Side 1)[/color]
[Peer: 440931918] [Turn 3] [color=cyan]  Mine at (-2.000000, 9.000000, -7.000000) (Side 1)[/color]
[Peer: 440931918] [Turn 3] [color=cyan]  Mine at (0.000000, 7.000000, -7.000000) (Side 1)[/color]
[Peer: 440931918] [Turn 3] [color=cyan]  Mine at (-5.000000, 8.000000, -3.000000) (Side 1)[/color]
[Peer: 440931918] [Turn 3] [color=cyan]  Mine at (-3.000000, -6.000000, 9.000000) (Side 1)[/color]
[Peer: 440931918] [Turn 3] [color=cyan]  Mine at (-4.000000, -3.000000, 7.000000) (Side 1)[/color]
[Peer: 440931918] [Turn 3] [color=cyan]  Mine at (6.000000, -9.000000, 3.000000) (Side 1)[/color]
[Peer: 440931918] [Turn 3] [color=cyan]  Mine at (-7.000000, 4.000000, 3.000000) (Side 1)[/color]
[Peer: 440931918] [Turn 3] [color=cyan]  Checking ship Maelstrom (Side 2) at (13.000000, -18.000000, 5.000000) with path [(10, -18, 8), (11, -18, 7), (12, -18, 6), (13, -18, 5)][/color]
[Peer: 440931918] [Turn 3] [color=cyan]  Checking ship Carrion (Side 2) at (12.000000, -19.000000, 7.000000) with path [(10, -19, 9), (11, -19, 8), (12, -19, 7)][/color]
[Peer: 440931918] [Turn 3] [color=cyan]  Checking ship Deathstroke (Side 2) at (14.000000, -28.000000, 14.000000) with path [(14, -22, 8), (15, -23, 8), (16, -24, 8), (17, -25, 8), (17, -26, 9), (17, -27, 10), (17, -28, 11), (16, -28, 12), (15, -28, 13), (14, -28, 14)][/color]
[Peer: 440931918] [Turn 3] [color=cyan]  Checking ship Bludgeon (Side 2) at (3.000000, -9.000000, 6.000000) with path [(1, -13, 12), (1, -12, 11), (1, -11, 10), (1, -10, 9), (1, -9, 8), (2, -9, 7), (3, -9, 6)][/color]
[Peer: 440931918] [Turn 3] [color=cyan]  Checking ship Viper (Side 2) at (20.000000, -26.000000, 6.000000) with path [(11, -19, 8), (12, -20, 8), (13, -21, 8), (14, -22, 8), (15, -23, 8), (16, -24, 8), (17, -25, 8), (18, -26, 8), (19, -27, 8), (20, -27, 7), (20, -26, 6)][/color]
[Peer: 440931918] [Turn 3] [color=cyan]  Checking ship Sathar Fighter A (Side 2) at (7.000000, -15.000000, 8.000000) with path [(13, -20, 7), (14, -21, 7), (14, -22, 8), (13, -22, 9), (12, -21, 9), (11, -20, 9), (10, -19, 9), (9, -18, 9), (8, -17, 9), (8, -16, 8), (7, -15, 8)][/color]
[Peer: 440931918] [Turn 3] [color=cyan]  Checking ship Sathar Fighter B (Side 2) at (9.000000, -18.000000, 9.000000) with path [(12, -21, 9), (13, -22, 9), (14, -22, 8), (14, -21, 7), (13, -20, 7), (12, -19, 7), (11, -18, 7), (10, -18, 8), (9, -18, 9)][/color]
[Peer: 440931918] [Turn 3] [color=cyan]  Checking ship Sathar Fighter C (Side 2) at (5.000000, -18.000000, 13.000000) with path [(10, -22, 12), (10, -23, 13), (9, -23, 14), (8, -22, 14), (7, -21, 14), (6, -20, 14), (6, -19, 13), (5, -18, 13)][/color]
[Peer: 440931918] [Turn 3] [color=cyan]  Checking ship Sathar Fighter D (Side 2) at (6.000000, -15.000000, 9.000000) with path [(11, -17, 6), (12, -17, 5), (13, -18, 5), (13, -19, 6), (12, -19, 7), (11, -19, 8), (10, -18, 8), (9, -17, 8), (8, -16, 8), (7, -15, 8), (6, -15, 9)][/color]
[Peer: 440931918] [Turn 3] [color=cyan]  Checking ship Sathar Fighter E (Side 2) at (4.000000, -10.000000, 6.000000) with path [(9, -17, 8), (9, -16, 7), (9, -15, 6), (8, -14, 6), (8, -13, 5), (7, -12, 5), (6, -11, 5), (5, -10, 5), (4, -10, 6)][/color]
[Peer: 440931918] [Turn 3] [color=cyan]  Checking ship Sathar Fighter F (Side 2) at (22.000000, -21.000000, -1.000000) with path [(13, -20, 7), (14, -20, 6), (15, -20, 5), (16, -20, 4), (17, -20, 3), (18, -21, 3), (19, -22, 3), (20, -22, 2), (20, -21, 1), (21, -21, 0), (22, -21, -1)][/color]
[Peer: 440931918] [Turn 3] Mines check complete. Hit ships size: 0
[Peer: 440931918] [Turn 3] [color=cyan]  Checking ship Maelstrom (Side 2) at (13.000000, -18.000000, 5.000000) with path [(10, -18, 8), (11, -18, 7), (12, -18, 6), (13, -18, 5)][/color]
[Peer: 440931918] [Turn 3] [color=cyan]  Checking ship Carrion (Side 2) at (12.000000, -19.000000, 7.000000) with path [(10, -19, 9), (11, -19, 8), (12, -19, 7)][/color]
[Peer: 440931918] [Turn 3] [color=cyan]  Checking ship Deathstroke (Side 2) at (14.000000, -28.000000, 14.000000) with path [(14, -22, 8), (15, -23, 8), (16, -24, 8), (17, -25, 8), (17, -26, 9), (17, -27, 10), (17, -28, 11), (16, -28, 12), (15, -28, 13), (14, -28, 14)][/color]
[Peer: 440931918] [Turn 3] [color=cyan]  Checking ship Bludgeon (Side 2) at (3.000000, -9.000000, 6.000000) with path [(1, -13, 12), (1, -12, 11), (1, -11, 10), (1, -10, 9), (1, -9, 8), (2, -9, 7), (3, -9, 6)][/color]
[Peer: 440931918] [Turn 3] [color=cyan]  Checking ship Viper (Side 2) at (20.000000, -26.000000, 6.000000) with path [(11, -19, 8), (12, -20, 8), (13, -21, 8), (14, -22, 8), (15, -23, 8), (16, -24, 8), (17, -25, 8), (18, -26, 8), (19, -27, 8), (20, -27, 7), (20, -26, 6)][/color]
[Peer: 440931918] [Turn 3] [color=cyan]  Checking ship Sathar Fighter A (Side 2) at (7.000000, -15.000000, 8.000000) with path [(13, -20, 7), (14, -21, 7), (14, -22, 8), (13, -22, 9), (12, -21, 9), (11, -20, 9), (10, -19, 9), (9, -18, 9), (8, -17, 9), (8, -16, 8), (7, -15, 8)][/color]
[Peer: 440931918] [Turn 3] [color=cyan]  Checking ship Sathar Fighter B (Side 2) at (9.000000, -18.000000, 9.000000) with path [(12, -21, 9), (13, -22, 9), (14, -22, 8), (14, -21, 7), (13, -20, 7), (12, -19, 7), (11, -18, 7), (10, -18, 8), (9, -18, 9)][/color]
[Peer: 440931918] [Turn 3] [color=cyan]  Checking ship Sathar Fighter C (Side 2) at (5.000000, -18.000000, 13.000000) with path [(10, -22, 12), (10, -23, 13), (9, -23, 14), (8, -22, 14), (7, -21, 14), (6, -20, 14), (6, -19, 13), (5, -18, 13)][/color]
[Peer: 440931918] [Turn 3] [color=cyan]  Checking ship Sathar Fighter D (Side 2) at (6.000000, -15.000000, 9.000000) with path [(11, -17, 6), (12, -17, 5), (13, -18, 5), (13, -19, 6), (12, -19, 7), (11, -19, 8), (10, -18, 8), (9, -17, 8), (8, -16, 8), (7, -15, 8), (6, -15, 9)][/color]
[Peer: 440931918] [Turn 3] [color=cyan]  Checking ship Sathar Fighter E (Side 2) at (4.000000, -10.000000, 6.000000) with path [(9, -17, 8), (9, -16, 7), (9, -15, 6), (8, -14, 6), (8, -13, 5), (7, -12, 5), (6, -11, 5), (5, -10, 5), (4, -10, 6)][/color]
[Peer: 440931918] [Turn 3] [color=cyan]  Checking ship Sathar Fighter F (Side 2) at (22.000000, -21.000000, -1.000000) with path [(13, -20, 7), (14, -20, 6), (15, -20, 5), (16, -20, 4), (17, -20, 3), (18, -21, 3), (19, -22, 3), (20, -22, 2), (20, -21, 1), (21, -21, 0), (22, -21, -1)][/color]
[Peer: 440931918] [Turn 3] Mines check complete. Hit ships size: 0
[Peer: 440931918] [Turn 3] [color=cyan]  Checking ship Maelstrom (Side 2) at (13.000000, -18.000000, 5.000000) with path [(10, -18, 8), (11, -18, 7), (12, -18, 6), (13, -18, 5)][/color]
[Peer: 440931918] [Turn 3] [color=cyan]  Checking ship Carrion (Side 2) at (12.000000, -19.000000, 7.000000) with path [(10, -19, 9), (11, -19, 8), (12, -19, 7)][/color]
[Peer: 440931918] [Turn 3] [color=cyan]  Checking ship Deathstroke (Side 2) at (14.000000, -28.000000, 14.000000) with path [(14, -22, 8), (15, -23, 8), (16, -24, 8), (17, -25, 8), (17, -26, 9), (17, -27, 10), (17, -28, 11), (16, -28, 12), (15, -28, 13), (14, -28, 14)][/color]
[Peer: 440931918] [Turn 3] [color=cyan]  Checking ship Bludgeon (Side 2) at (3.000000, -9.000000, 6.000000) with path [(1, -13, 12), (1, -12, 11), (1, -11, 10), (1, -10, 9), (1, -9, 8), (2, -9, 7), (3, -9, 6)][/color]
[Peer: 440931918] [Turn 3] [color=cyan]  Checking ship Viper (Side 2) at (20.000000, -26.000000, 6.000000) with path [(11, -19, 8), (12, -20, 8), (13, -21, 8), (14, -22, 8), (15, -23, 8), (16, -24, 8), (17, -25, 8), (18, -26, 8), (19, -27, 8), (20, -27, 7), (20, -26, 6)][/color]
[Peer: 440931918] [Turn 3] [color=cyan]  Checking ship Sathar Fighter A (Side 2) at (7.000000, -15.000000, 8.000000) with path [(13, -20, 7), (14, -21, 7), (14, -22, 8), (13, -22, 9), (12, -21, 9), (11, -20, 9), (10, -19, 9), (9, -18, 9), (8, -17, 9), (8, -16, 8), (7, -15, 8)][/color]
[Peer: 440931918] [Turn 3] [color=cyan]  Checking ship Sathar Fighter B (Side 2) at (9.000000, -18.000000, 9.000000) with path [(12, -21, 9), (13, -22, 9), (14, -22, 8), (14, -21, 7), (13, -20, 7), (12, -19, 7), (11, -18, 7), (10, -18, 8), (9, -18, 9)][/color]
[Peer: 440931918] [Turn 3] [color=cyan]  Checking ship Sathar Fighter C (Side 2) at (5.000000, -18.000000, 13.000000) with path [(10, -22, 12), (10, -23, 13), (9, -23, 14), (8, -22, 14), (7, -21, 14), (6, -20, 14), (6, -19, 13), (5, -18, 13)][/color]
[Peer: 440931918] [Turn 3] [color=cyan]  Checking ship Sathar Fighter D (Side 2) at (6.000000, -15.000000, 9.000000) with path [(11, -17, 6), (12, -17, 5), (13, -18, 5), (13, -19, 6), (12, -19, 7), (11, -19, 8), (10, -18, 8), (9, -17, 8), (8, -16, 8), (7, -15, 8), (6, -15, 9)][/color]
[Peer: 440931918] [Turn 3] [color=cyan]  Checking ship Sathar Fighter E (Side 2) at (4.000000, -10.000000, 6.000000) with path [(9, -17, 8), (9, -16, 7), (9, -15, 6), (8, -14, 6), (8, -13, 5), (7, -12, 5), (6, -11, 5), (5, -10, 5), (4, -10, 6)][/color]
[Peer: 440931918] [Turn 3] [color=cyan]  Checking ship Sathar Fighter F (Side 2) at (22.000000, -21.000000, -1.000000) with path [(13, -20, 7), (14, -20, 6), (15, -20, 5), (16, -20, 4), (17, -20, 3), (18, -21, 3), (19, -22, 3), (20, -22, 2), (20, -21, 1), (21, -21, 0), (22, -21, -1)][/color]
[Peer: 440931918] [Turn 3] Mines check complete. Hit ships size: 0
[Peer: 440931918] [Turn 3] [color=cyan]  Checking ship Maelstrom (Side 2) at (13.000000, -18.000000, 5.000000) with path [(10, -18, 8), (11, -18, 7), (12, -18, 6), (13, -18, 5)][/color]
[Peer: 440931918] [Turn 3] [color=cyan]  Checking ship Carrion (Side 2) at (12.000000, -19.000000, 7.000000) with path [(10, -19, 9), (11, -19, 8), (12, -19, 7)][/color]
[Peer: 440931918] [Turn 3] [color=cyan]  Checking ship Deathstroke (Side 2) at (14.000000, -28.000000, 14.000000) with path [(14, -22, 8), (15, -23, 8), (16, -24, 8), (17, -25, 8), (17, -26, 9), (17, -27, 10), (17, -28, 11), (16, -28, 12), (15, -28, 13), (14, -28, 14)][/color]
[Peer: 440931918] [Turn 3] [color=cyan]  Checking ship Bludgeon (Side 2) at (3.000000, -9.000000, 6.000000) with path [(1, -13, 12), (1, -12, 11), (1, -11, 10), (1, -10, 9), (1, -9, 8), (2, -9, 7), (3, -9, 6)][/color]
[Peer: 440931918] [Turn 3] [color=cyan]  Checking ship Viper (Side 2) at (20.000000, -26.000000, 6.000000) with path [(11, -19, 8), (12, -20, 8), (13, -21, 8), (14, -22, 8), (15, -23, 8), (16, -24, 8), (17, -25, 8), (18, -26, 8), (19, -27, 8), (20, -27, 7), (20, -26, 6)][/color]
[Peer: 440931918] [Turn 3] [color=cyan]  Checking ship Sathar Fighter A (Side 2) at (7.000000, -15.000000, 8.000000) with path [(13, -20, 7), (14, -21, 7), (14, -22, 8), (13, -22, 9), (12, -21, 9), (11, -20, 9), (10, -19, 9), (9, -18, 9), (8, -17, 9), (8, -16, 8), (7, -15, 8)][/color]
[Peer: 440931918] [Turn 3] [color=cyan]  Checking ship Sathar Fighter B (Side 2) at (9.000000, -18.000000, 9.000000) with path [(12, -21, 9), (13, -22, 9), (14, -22, 8), (14, -21, 7), (13, -20, 7), (12, -19, 7), (11, -18, 7), (10, -18, 8), (9, -18, 9)][/color]
[Peer: 440931918] [Turn 3] [color=cyan]  Checking ship Sathar Fighter C (Side 2) at (5.000000, -18.000000, 13.000000) with path [(10, -22, 12), (10, -23, 13), (9, -23, 14), (8, -22, 14), (7, -21, 14), (6, -20, 14), (6, -19, 13), (5, -18, 13)][/color]
[Peer: 440931918] [Turn 3] [color=cyan]  Checking ship Sathar Fighter D (Side 2) at (6.000000, -15.000000, 9.000000) with path [(11, -17, 6), (12, -17, 5), (13, -18, 5), (13, -19, 6), (12, -19, 7), (11, -19, 8), (10, -18, 8), (9, -17, 8), (8, -16, 8), (7, -15, 8), (6, -15, 9)][/color]
[Peer: 440931918] [Turn 3] [color=cyan]  Checking ship Sathar Fighter E (Side 2) at (4.000000, -10.000000, 6.000000) with path [(9, -17, 8), (9, -16, 7), (9, -15, 6), (8, -14, 6), (8, -13, 5), (7, -12, 5), (6, -11, 5), (5, -10, 5), (4, -10, 6)][/color]
[Peer: 440931918] [Turn 3] [color=cyan]  Checking ship Sathar Fighter F (Side 2) at (22.000000, -21.000000, -1.000000) with path [(13, -20, 7), (14, -20, 6), (15, -20, 5), (16, -20, 4), (17, -20, 3), (18, -21, 3), (19, -22, 3), (20, -22, 2), (20, -21, 1), (21, -21, 0), (22, -21, -1)][/color]
[Peer: 440931918] [Turn 3] Mines check complete. Hit ships size: 0
[Peer: 440931918] [Turn 3] [color=cyan]  Checking ship Maelstrom (Side 2) at (13.000000, -18.000000, 5.000000) with path [(10, -18, 8), (11, -18, 7), (12, -18, 6), (13, -18, 5)][/color]
[Peer: 440931918] [Turn 3] [color=cyan]  Checking ship Carrion (Side 2) at (12.000000, -19.000000, 7.000000) with path [(10, -19, 9), (11, -19, 8), (12, -19, 7)][/color]
[Peer: 440931918] [Turn 3] [color=cyan]  Checking ship Deathstroke (Side 2) at (14.000000, -28.000000, 14.000000) with path [(14, -22, 8), (15, -23, 8), (16, -24, 8), (17, -25, 8), (17, -26, 9), (17, -27, 10), (17, -28, 11), (16, -28, 12), (15, -28, 13), (14, -28, 14)][/color]
[Peer: 440931918] [Turn 3] [color=cyan]  Checking ship Bludgeon (Side 2) at (3.000000, -9.000000, 6.000000) with path [(1, -13, 12), (1, -12, 11), (1, -11, 10), (1, -10, 9), (1, -9, 8), (2, -9, 7), (3, -9, 6)][/color]
[Peer: 440931918] [Turn 3] [color=cyan]  Checking ship Viper (Side 2) at (20.000000, -26.000000, 6.000000) with path [(11, -19, 8), (12, -20, 8), (13, -21, 8), (14, -22, 8), (15, -23, 8), (16, -24, 8), (17, -25, 8), (18, -26, 8), (19, -27, 8), (20, -27, 7), (20, -26, 6)][/color]
[Peer: 440931918] [Turn 3] [color=cyan]  Checking ship Sathar Fighter A (Side 2) at (7.000000, -15.000000, 8.000000) with path [(13, -20, 7), (14, -21, 7), (14, -22, 8), (13, -22, 9), (12, -21, 9), (11, -20, 9), (10, -19, 9), (9, -18, 9), (8, -17, 9), (8, -16, 8), (7, -15, 8)][/color]
[Peer: 440931918] [Turn 3] [color=cyan]  Checking ship Sathar Fighter B (Side 2) at (9.000000, -18.000000, 9.000000) with path [(12, -21, 9), (13, -22, 9), (14, -22, 8), (14, -21, 7), (13, -20, 7), (12, -19, 7), (11, -18, 7), (10, -18, 8), (9, -18, 9)][/color]
[Peer: 440931918] [Turn 3] [color=cyan]  Checking ship Sathar Fighter C (Side 2) at (5.000000, -18.000000, 13.000000) with path [(10, -22, 12), (10, -23, 13), (9, -23, 14), (8, -22, 14), (7, -21, 14), (6, -20, 14), (6, -19, 13), (5, -18, 13)][/color]
[Peer: 440931918] [Turn 3] [color=cyan]  Checking ship Sathar Fighter D (Side 2) at (6.000000, -15.000000, 9.000000) with path [(11, -17, 6), (12, -17, 5), (13, -18, 5), (13, -19, 6), (12, -19, 7), (11, -19, 8), (10, -18, 8), (9, -17, 8), (8, -16, 8), (7, -15, 8), (6, -15, 9)][/color]
[Peer: 440931918] [Turn 3] [color=cyan]  Checking ship Sathar Fighter E (Side 2) at (4.000000, -10.000000, 6.000000) with path [(9, -17, 8), (9, -16, 7), (9, -15, 6), (8, -14, 6), (8, -13, 5), (7, -12, 5), (6, -11, 5), (5, -10, 5), (4, -10, 6)][/color]
[Peer: 440931918] [Turn 3] [color=cyan]  Checking ship Sathar Fighter F (Side 2) at (22.000000, -21.000000, -1.000000) with path [(13, -20, 7), (14, -20, 6), (15, -20, 5), (16, -20, 4), (17, -20, 3), (18, -21, 3), (19, -22, 3), (20, -22, 2), (20, -21, 1), (21, -21, 0), (22, -21, -1)][/color]
[Peer: 440931918] [Turn 3] Mines check complete. Hit ships size: 0
[Peer: 440931918] [Turn 3] [color=cyan]  Checking ship Maelstrom (Side 2) at (13.000000, -18.000000, 5.000000) with path [(10, -18, 8), (11, -18, 7), (12, -18, 6), (13, -18, 5)][/color]
[Peer: 440931918] [Turn 3] [color=cyan]  Checking ship Carrion (Side 2) at (12.000000, -19.000000, 7.000000) with path [(10, -19, 9), (11, -19, 8), (12, -19, 7)][/color]
[Peer: 440931918] [Turn 3] [color=cyan]  Checking ship Deathstroke (Side 2) at (14.000000, -28.000000, 14.000000) with path [(14, -22, 8), (15, -23, 8), (16, -24, 8), (17, -25, 8), (17, -26, 9), (17, -27, 10), (17, -28, 11), (16, -28, 12), (15, -28, 13), (14, -28, 14)][/color]
[Peer: 440931918] [Turn 3] [color=cyan]  Checking ship Bludgeon (Side 2) at (3.000000, -9.000000, 6.000000) with path [(1, -13, 12), (1, -12, 11), (1, -11, 10), (1, -10, 9), (1, -9, 8), (2, -9, 7), (3, -9, 6)][/color]
[Peer: 440931918] [Turn 3] [color=cyan]  Checking ship Viper (Side 2) at (20.000000, -26.000000, 6.000000) with path [(11, -19, 8), (12, -20, 8), (13, -21, 8), (14, -22, 8), (15, -23, 8), (16, -24, 8), (17, -25, 8), (18, -26, 8), (19, -27, 8), (20, -27, 7), (20, -26, 6)][/color]
[Peer: 440931918] [Turn 3] [color=cyan]  Checking ship Sathar Fighter A (Side 2) at (7.000000, -15.000000, 8.000000) with path [(13, -20, 7), (14, -21, 7), (14, -22, 8), (13, -22, 9), (12, -21, 9), (11, -20, 9), (10, -19, 9), (9, -18, 9), (8, -17, 9), (8, -16, 8), (7, -15, 8)][/color]
[Peer: 440931918] [Turn 3] [color=cyan]  Checking ship Sathar Fighter B (Side 2) at (9.000000, -18.000000, 9.000000) with path [(12, -21, 9), (13, -22, 9), (14, -22, 8), (14, -21, 7), (13, -20, 7), (12, -19, 7), (11, -18, 7), (10, -18, 8), (9, -18, 9)][/color]
[Peer: 440931918] [Turn 3] [color=cyan]  Checking ship Sathar Fighter C (Side 2) at (5.000000, -18.000000, 13.000000) with path [(10, -22, 12), (10, -23, 13), (9, -23, 14), (8, -22, 14), (7, -21, 14), (6, -20, 14), (6, -19, 13), (5, -18, 13)][/color]
[Peer: 440931918] [Turn 3] [color=cyan]  Checking ship Sathar Fighter D (Side 2) at (6.000000, -15.000000, 9.000000) with path [(11, -17, 6), (12, -17, 5), (13, -18, 5), (13, -19, 6), (12, -19, 7), (11, -19, 8), (10, -18, 8), (9, -17, 8), (8, -16, 8), (7, -15, 8), (6, -15, 9)][/color]
[Peer: 440931918] [Turn 3] [color=cyan]  Checking ship Sathar Fighter E (Side 2) at (4.000000, -10.000000, 6.000000) with path [(9, -17, 8), (9, -16, 7), (9, -15, 6), (8, -14, 6), (8, -13, 5), (7, -12, 5), (6, -11, 5), (5, -10, 5), (4, -10, 6)][/color]
[Peer: 440931918] [Turn 3] [color=cyan]  Checking ship Sathar Fighter F (Side 2) at (22.000000, -21.000000, -1.000000) with path [(13, -20, 7), (14, -20, 6), (15, -20, 5), (16, -20, 4), (17, -20, 3), (18, -21, 3), (19, -22, 3), (20, -22, 2), (20, -21, 1), (21, -21, 0), (22, -21, -1)][/color]
[Peer: 440931918] [Turn 3] Mines check complete. Hit ships size: 0
[Peer: 440931918] [Turn 3] [color=cyan]  Checking ship Maelstrom (Side 2) at (13.000000, -18.000000, 5.000000) with path [(10, -18, 8), (11, -18, 7), (12, -18, 6), (13, -18, 5)][/color]
[Peer: 440931918] [Turn 3] [color=cyan]  Checking ship Carrion (Side 2) at (12.000000, -19.000000, 7.000000) with path [(10, -19, 9), (11, -19, 8), (12, -19, 7)][/color]
[Peer: 440931918] [Turn 3] [color=cyan]  Checking ship Deathstroke (Side 2) at (14.000000, -28.000000, 14.000000) with path [(14, -22, 8), (15, -23, 8), (16, -24, 8), (17, -25, 8), (17, -26, 9), (17, -27, 10), (17, -28, 11), (16, -28, 12), (15, -28, 13), (14, -28, 14)][/color]
[Peer: 440931918] [Turn 3] [color=cyan]  Checking ship Bludgeon (Side 2) at (3.000000, -9.000000, 6.000000) with path [(1, -13, 12), (1, -12, 11), (1, -11, 10), (1, -10, 9), (1, -9, 8), (2, -9, 7), (3, -9, 6)][/color]
[Peer: 440931918] [Turn 3] [color=cyan]  Checking ship Viper (Side 2) at (20.000000, -26.000000, 6.000000) with path [(11, -19, 8), (12, -20, 8), (13, -21, 8), (14, -22, 8), (15, -23, 8), (16, -24, 8), (17, -25, 8), (18, -26, 8), (19, -27, 8), (20, -27, 7), (20, -26, 6)][/color]
[Peer: 440931918] [Turn 3] [color=cyan]  Checking ship Sathar Fighter A (Side 2) at (7.000000, -15.000000, 8.000000) with path [(13, -20, 7), (14, -21, 7), (14, -22, 8), (13, -22, 9), (12, -21, 9), (11, -20, 9), (10, -19, 9), (9, -18, 9), (8, -17, 9), (8, -16, 8), (7, -15, 8)][/color]
[Peer: 440931918] [Turn 3] [color=cyan]  Checking ship Sathar Fighter B (Side 2) at (9.000000, -18.000000, 9.000000) with path [(12, -21, 9), (13, -22, 9), (14, -22, 8), (14, -21, 7), (13, -20, 7), (12, -19, 7), (11, -18, 7), (10, -18, 8), (9, -18, 9)][/color]
[Peer: 440931918] [Turn 3] [color=cyan]  Checking ship Sathar Fighter C (Side 2) at (5.000000, -18.000000, 13.000000) with path [(10, -22, 12), (10, -23, 13), (9, -23, 14), (8, -22, 14), (7, -21, 14), (6, -20, 14), (6, -19, 13), (5, -18, 13)][/color]
[Peer: 440931918] [Turn 3] [color=cyan]  Checking ship Sathar Fighter D (Side 2) at (6.000000, -15.000000, 9.000000) with path [(11, -17, 6), (12, -17, 5), (13, -18, 5), (13, -19, 6), (12, -19, 7), (11, -19, 8), (10, -18, 8), (9, -17, 8), (8, -16, 8), (7, -15, 8), (6, -15, 9)][/color]
[Peer: 440931918] [Turn 3] [color=cyan]  Checking ship Sathar Fighter E (Side 2) at (4.000000, -10.000000, 6.000000) with path [(9, -17, 8), (9, -16, 7), (9, -15, 6), (8, -14, 6), (8, -13, 5), (7, -12, 5), (6, -11, 5), (5, -10, 5), (4, -10, 6)][/color]
[Peer: 440931918] [Turn 3] [color=cyan]  Checking ship Sathar Fighter F (Side 2) at (22.000000, -21.000000, -1.000000) with path [(13, -20, 7), (14, -20, 6), (15, -20, 5), (16, -20, 4), (17, -20, 3), (18, -21, 3), (19, -22, 3), (20, -22, 2), (20, -21, 1), (21, -21, 0), (22, -21, -1)][/color]
[Peer: 440931918] [Turn 3] Mines check complete. Hit ships size: 0
[Peer: 440931918] [Turn 3] [color=cyan]  Checking ship Maelstrom (Side 2) at (13.000000, -18.000000, 5.000000) with path [(10, -18, 8), (11, -18, 7), (12, -18, 6), (13, -18, 5)][/color]
[Peer: 440931918] [Turn 3] [color=cyan]  Checking ship Carrion (Side 2) at (12.000000, -19.000000, 7.000000) with path [(10, -19, 9), (11, -19, 8), (12, -19, 7)][/color]
[Peer: 440931918] [Turn 3] [color=cyan]  Checking ship Deathstroke (Side 2) at (14.000000, -28.000000, 14.000000) with path [(14, -22, 8), (15, -23, 8), (16, -24, 8), (17, -25, 8), (17, -26, 9), (17, -27, 10), (17, -28, 11), (16, -28, 12), (15, -28, 13), (14, -28, 14)][/color]
[Peer: 440931918] [Turn 3] [color=cyan]  Checking ship Bludgeon (Side 2) at (3.000000, -9.000000, 6.000000) with path [(1, -13, 12), (1, -12, 11), (1, -11, 10), (1, -10, 9), (1, -9, 8), (2, -9, 7), (3, -9, 6)][/color]
[Peer: 440931918] [Turn 3] [color=cyan]  Checking ship Viper (Side 2) at (20.000000, -26.000000, 6.000000) with path [(11, -19, 8), (12, -20, 8), (13, -21, 8), (14, -22, 8), (15, -23, 8), (16, -24, 8), (17, -25, 8), (18, -26, 8), (19, -27, 8), (20, -27, 7), (20, -26, 6)][/color]
[Peer: 440931918] [Turn 3] [color=cyan]  Checking ship Sathar Fighter A (Side 2) at (7.000000, -15.000000, 8.000000) with path [(13, -20, 7), (14, -21, 7), (14, -22, 8), (13, -22, 9), (12, -21, 9), (11, -20, 9), (10, -19, 9), (9, -18, 9), (8, -17, 9), (8, -16, 8), (7, -15, 8)][/color]
[Peer: 440931918] [Turn 3] [color=cyan]  Checking ship Sathar Fighter B (Side 2) at (9.000000, -18.000000, 9.000000) with path [(12, -21, 9), (13, -22, 9), (14, -22, 8), (14, -21, 7), (13, -20, 7), (12, -19, 7), (11, -18, 7), (10, -18, 8), (9, -18, 9)][/color]
[Peer: 440931918] [Turn 3] [color=cyan]  Checking ship Sathar Fighter C (Side 2) at (5.000000, -18.000000, 13.000000) with path [(10, -22, 12), (10, -23, 13), (9, -23, 14), (8, -22, 14), (7, -21, 14), (6, -20, 14), (6, -19, 13), (5, -18, 13)][/color]
[Peer: 440931918] [Turn 3] [color=cyan]  Checking ship Sathar Fighter D (Side 2) at (6.000000, -15.000000, 9.000000) with path [(11, -17, 6), (12, -17, 5), (13, -18, 5), (13, -19, 6), (12, -19, 7), (11, -19, 8), (10, -18, 8), (9, -17, 8), (8, -16, 8), (7, -15, 8), (6, -15, 9)][/color]
[Peer: 440931918] [Turn 3] [color=cyan]  Checking ship Sathar Fighter E (Side 2) at (4.000000, -10.000000, 6.000000) with path [(9, -17, 8), (9, -16, 7), (9, -15, 6), (8, -14, 6), (8, -13, 5), (7, -12, 5), (6, -11, 5), (5, -10, 5), (4, -10, 6)][/color]
[Peer: 440931918] [Turn 3] [color=cyan]  Checking ship Sathar Fighter F (Side 2) at (22.000000, -21.000000, -1.000000) with path [(13, -20, 7), (14, -20, 6), (15, -20, 5), (16, -20, 4), (17, -20, 3), (18, -21, 3), (19, -22, 3), (20, -22, 2), (20, -21, 1), (21, -21, 0), (22, -21, -1)][/color]
[Peer: 440931918] [Turn 3] Mines check complete. Hit ships size: 0
[Peer: 440931918] [Turn 3] [color=cyan]  Checking ship Maelstrom (Side 2) at (13.000000, -18.000000, 5.000000) with path [(10, -18, 8), (11, -18, 7), (12, -18, 6), (13, -18, 5)][/color]
[Peer: 440931918] [Turn 3] [color=cyan]  Checking ship Carrion (Side 2) at (12.000000, -19.000000, 7.000000) with path [(10, -19, 9), (11, -19, 8), (12, -19, 7)][/color]
[Peer: 440931918] [Turn 3] [color=cyan]  Checking ship Deathstroke (Side 2) at (14.000000, -28.000000, 14.000000) with path [(14, -22, 8), (15, -23, 8), (16, -24, 8), (17, -25, 8), (17, -26, 9), (17, -27, 10), (17, -28, 11), (16, -28, 12), (15, -28, 13), (14, -28, 14)][/color]
[Peer: 440931918] [Turn 3] [color=cyan]  Checking ship Bludgeon (Side 2) at (3.000000, -9.000000, 6.000000) with path [(1, -13, 12), (1, -12, 11), (1, -11, 10), (1, -10, 9), (1, -9, 8), (2, -9, 7), (3, -9, 6)][/color]
[Peer: 440931918] [Turn 3] [color=cyan]  Checking ship Viper (Side 2) at (20.000000, -26.000000, 6.000000) with path [(11, -19, 8), (12, -20, 8), (13, -21, 8), (14, -22, 8), (15, -23, 8), (16, -24, 8), (17, -25, 8), (18, -26, 8), (19, -27, 8), (20, -27, 7), (20, -26, 6)][/color]
[Peer: 440931918] [Turn 3] [color=cyan]  Checking ship Sathar Fighter A (Side 2) at (7.000000, -15.000000, 8.000000) with path [(13, -20, 7), (14, -21, 7), (14, -22, 8), (13, -22, 9), (12, -21, 9), (11, -20, 9), (10, -19, 9), (9, -18, 9), (8, -17, 9), (8, -16, 8), (7, -15, 8)][/color]
[Peer: 440931918] [Turn 3] [color=cyan]  Checking ship Sathar Fighter B (Side 2) at (9.000000, -18.000000, 9.000000) with path [(12, -21, 9), (13, -22, 9), (14, -22, 8), (14, -21, 7), (13, -20, 7), (12, -19, 7), (11, -18, 7), (10, -18, 8), (9, -18, 9)][/color]
[Peer: 440931918] [Turn 3] [color=cyan]  Checking ship Sathar Fighter C (Side 2) at (5.000000, -18.000000, 13.000000) with path [(10, -22, 12), (10, -23, 13), (9, -23, 14), (8, -22, 14), (7, -21, 14), (6, -20, 14), (6, -19, 13), (5, -18, 13)][/color]
[Peer: 440931918] [Turn 3] [color=cyan]  Checking ship Sathar Fighter D (Side 2) at (6.000000, -15.000000, 9.000000) with path [(11, -17, 6), (12, -17, 5), (13, -18, 5), (13, -19, 6), (12, -19, 7), (11, -19, 8), (10, -18, 8), (9, -17, 8), (8, -16, 8), (7, -15, 8), (6, -15, 9)][/color]
[Peer: 440931918] [Turn 3] [color=cyan]  Checking ship Sathar Fighter E (Side 2) at (4.000000, -10.000000, 6.000000) with path [(9, -17, 8), (9, -16, 7), (9, -15, 6), (8, -14, 6), (8, -13, 5), (7, -12, 5), (6, -11, 5), (5, -10, 5), (4, -10, 6)][/color]
[Peer: 440931918] [Turn 3] [color=cyan]  Checking ship Sathar Fighter F (Side 2) at (22.000000, -21.000000, -1.000000) with path [(13, -20, 7), (14, -20, 6), (15, -20, 5), (16, -20, 4), (17, -20, 3), (18, -21, 3), (19, -22, 3), (20, -22, 2), (20, -21, 1), (21, -21, 0), (22, -21, -1)][/color]
[Peer: 440931918] [Turn 3] Mines check complete. Hit ships size: 0
[Peer: 440931918] [Turn 3] [color=cyan]  Checking ship Maelstrom (Side 2) at (13.000000, -18.000000, 5.000000) with path [(10, -18, 8), (11, -18, 7), (12, -18, 6), (13, -18, 5)][/color]
[Peer: 440931918] [Turn 3] [color=cyan]  Checking ship Carrion (Side 2) at (12.000000, -19.000000, 7.000000) with path [(10, -19, 9), (11, -19, 8), (12, -19, 7)][/color]
[Peer: 440931918] [Turn 3] [color=cyan]  Checking ship Deathstroke (Side 2) at (14.000000, -28.000000, 14.000000) with path [(14, -22, 8), (15, -23, 8), (16, -24, 8), (17, -25, 8), (17, -26, 9), (17, -27, 10), (17, -28, 11), (16, -28, 12), (15, -28, 13), (14, -28, 14)][/color]
[Peer: 440931918] [Turn 3] [color=cyan]  Checking ship Bludgeon (Side 2) at (3.000000, -9.000000, 6.000000) with path [(1, -13, 12), (1, -12, 11), (1, -11, 10), (1, -10, 9), (1, -9, 8), (2, -9, 7), (3, -9, 6)][/color]
[Peer: 440931918] [Turn 3] [color=cyan]  Checking ship Viper (Side 2) at (20.000000, -26.000000, 6.000000) with path [(11, -19, 8), (12, -20, 8), (13, -21, 8), (14, -22, 8), (15, -23, 8), (16, -24, 8), (17, -25, 8), (18, -26, 8), (19, -27, 8), (20, -27, 7), (20, -26, 6)][/color]
[Peer: 440931918] [Turn 3] [color=cyan]  Checking ship Sathar Fighter A (Side 2) at (7.000000, -15.000000, 8.000000) with path [(13, -20, 7), (14, -21, 7), (14, -22, 8), (13, -22, 9), (12, -21, 9), (11, -20, 9), (10, -19, 9), (9, -18, 9), (8, -17, 9), (8, -16, 8), (7, -15, 8)][/color]
[Peer: 440931918] [Turn 3] [color=cyan]  Checking ship Sathar Fighter B (Side 2) at (9.000000, -18.000000, 9.000000) with path [(12, -21, 9), (13, -22, 9), (14, -22, 8), (14, -21, 7), (13, -20, 7), (12, -19, 7), (11, -18, 7), (10, -18, 8), (9, -18, 9)][/color]
[Peer: 440931918] [Turn 3] [color=cyan]  Checking ship Sathar Fighter C (Side 2) at (5.000000, -18.000000, 13.000000) with path [(10, -22, 12), (10, -23, 13), (9, -23, 14), (8, -22, 14), (7, -21, 14), (6, -20, 14), (6, -19, 13), (5, -18, 13)][/color]
[Peer: 440931918] [Turn 3] [color=cyan]  Checking ship Sathar Fighter D (Side 2) at (6.000000, -15.000000, 9.000000) with path [(11, -17, 6), (12, -17, 5), (13, -18, 5), (13, -19, 6), (12, -19, 7), (11, -19, 8), (10, -18, 8), (9, -17, 8), (8, -16, 8), (7, -15, 8), (6, -15, 9)][/color]
[Peer: 440931918] [Turn 3] [color=cyan]  Checking ship Sathar Fighter E (Side 2) at (4.000000, -10.000000, 6.000000) with path [(9, -17, 8), (9, -16, 7), (9, -15, 6), (8, -14, 6), (8, -13, 5), (7, -12, 5), (6, -11, 5), (5, -10, 5), (4, -10, 6)][/color]
[Peer: 440931918] [Turn 3] [color=cyan]  Checking ship Sathar Fighter F (Side 2) at (22.000000, -21.000000, -1.000000) with path [(13, -20, 7), (14, -20, 6), (15, -20, 5), (16, -20, 4), (17, -20, 3), (18, -21, 3), (19, -22, 3), (20, -22, 2), (20, -21, 1), (21, -21, 0), (22, -21, -1)][/color]
[Peer: 440931918] [Turn 3] Mines check complete. Hit ships size: 0
[Peer: 440931918] [Turn 3] [color=cyan]  Checking ship Maelstrom (Side 2) at (13.000000, -18.000000, 5.000000) with path [(10, -18, 8), (11, -18, 7), (12, -18, 6), (13, -18, 5)][/color]
[Peer: 440931918] [Turn 3] [color=cyan]  Checking ship Carrion (Side 2) at (12.000000, -19.000000, 7.000000) with path [(10, -19, 9), (11, -19, 8), (12, -19, 7)][/color]
[Peer: 440931918] [Turn 3] [color=cyan]  Checking ship Deathstroke (Side 2) at (14.000000, -28.000000, 14.000000) with path [(14, -22, 8), (15, -23, 8), (16, -24, 8), (17, -25, 8), (17, -26, 9), (17, -27, 10), (17, -28, 11), (16, -28, 12), (15, -28, 13), (14, -28, 14)][/color]
[Peer: 440931918] [Turn 3] [color=cyan]  Checking ship Bludgeon (Side 2) at (3.000000, -9.000000, 6.000000) with path [(1, -13, 12), (1, -12, 11), (1, -11, 10), (1, -10, 9), (1, -9, 8), (2, -9, 7), (3, -9, 6)][/color]
[Peer: 440931918] [Turn 3] [color=cyan]  Checking ship Viper (Side 2) at (20.000000, -26.000000, 6.000000) with path [(11, -19, 8), (12, -20, 8), (13, -21, 8), (14, -22, 8), (15, -23, 8), (16, -24, 8), (17, -25, 8), (18, -26, 8), (19, -27, 8), (20, -27, 7), (20, -26, 6)][/color]
[Peer: 440931918] [Turn 3] [color=cyan]  Checking ship Sathar Fighter A (Side 2) at (7.000000, -15.000000, 8.000000) with path [(13, -20, 7), (14, -21, 7), (14, -22, 8), (13, -22, 9), (12, -21, 9), (11, -20, 9), (10, -19, 9), (9, -18, 9), (8, -17, 9), (8, -16, 8), (7, -15, 8)][/color]
[Peer: 440931918] [Turn 3] [color=cyan]  Checking ship Sathar Fighter B (Side 2) at (9.000000, -18.000000, 9.000000) with path [(12, -21, 9), (13, -22, 9), (14, -22, 8), (14, -21, 7), (13, -20, 7), (12, -19, 7), (11, -18, 7), (10, -18, 8), (9, -18, 9)][/color]
[Peer: 440931918] [Turn 3] [color=cyan]  Checking ship Sathar Fighter C (Side 2) at (5.000000, -18.000000, 13.000000) with path [(10, -22, 12), (10, -23, 13), (9, -23, 14), (8, -22, 14), (7, -21, 14), (6, -20, 14), (6, -19, 13), (5, -18, 13)][/color]
[Peer: 440931918] [Turn 3] [color=cyan]  Checking ship Sathar Fighter D (Side 2) at (6.000000, -15.000000, 9.000000) with path [(11, -17, 6), (12, -17, 5), (13, -18, 5), (13, -19, 6), (12, -19, 7), (11, -19, 8), (10, -18, 8), (9, -17, 8), (8, -16, 8), (7, -15, 8), (6, -15, 9)][/color]
[Peer: 440931918] [Turn 3] [color=cyan]  Checking ship Sathar Fighter E (Side 2) at (4.000000, -10.000000, 6.000000) with path [(9, -17, 8), (9, -16, 7), (9, -15, 6), (8, -14, 6), (8, -13, 5), (7, -12, 5), (6, -11, 5), (5, -10, 5), (4, -10, 6)][/color]
[Peer: 440931918] [Turn 3] [color=cyan]  Checking ship Sathar Fighter F (Side 2) at (22.000000, -21.000000, -1.000000) with path [(13, -20, 7), (14, -20, 6), (15, -20, 5), (16, -20, 4), (17, -20, 3), (18, -21, 3), (19, -22, 3), (20, -22, 2), (20, -21, 1), (21, -21, 0), (22, -21, -1)][/color]
[Peer: 440931918] [Turn 3] Mines check complete. Hit ships size: 0
[Peer: 440931918] [Turn 3] [color=cyan]  Checking ship Maelstrom (Side 2) at (13.000000, -18.000000, 5.000000) with path [(10, -18, 8), (11, -18, 7), (12, -18, 6), (13, -18, 5)][/color]
[Peer: 440931918] [Turn 3] [color=cyan]  Checking ship Carrion (Side 2) at (12.000000, -19.000000, 7.000000) with path [(10, -19, 9), (11, -19, 8), (12, -19, 7)][/color]
[Peer: 440931918] [Turn 3] [color=cyan]  Checking ship Deathstroke (Side 2) at (14.000000, -28.000000, 14.000000) with path [(14, -22, 8), (15, -23, 8), (16, -24, 8), (17, -25, 8), (17, -26, 9), (17, -27, 10), (17, -28, 11), (16, -28, 12), (15, -28, 13), (14, -28, 14)][/color]
[Peer: 440931918] [Turn 3] [color=cyan]  Checking ship Bludgeon (Side 2) at (3.000000, -9.000000, 6.000000) with path [(1, -13, 12), (1, -12, 11), (1, -11, 10), (1, -10, 9), (1, -9, 8), (2, -9, 7), (3, -9, 6)][/color]
[Peer: 440931918] [Turn 3] [color=cyan]  Checking ship Viper (Side 2) at (20.000000, -26.000000, 6.000000) with path [(11, -19, 8), (12, -20, 8), (13, -21, 8), (14, -22, 8), (15, -23, 8), (16, -24, 8), (17, -25, 8), (18, -26, 8), (19, -27, 8), (20, -27, 7), (20, -26, 6)][/color]
[Peer: 440931918] [Turn 3] [color=cyan]  Checking ship Sathar Fighter A (Side 2) at (7.000000, -15.000000, 8.000000) with path [(13, -20, 7), (14, -21, 7), (14, -22, 8), (13, -22, 9), (12, -21, 9), (11, -20, 9), (10, -19, 9), (9, -18, 9), (8, -17, 9), (8, -16, 8), (7, -15, 8)][/color]
[Peer: 440931918] [Turn 3] [color=cyan]  Checking ship Sathar Fighter B (Side 2) at (9.000000, -18.000000, 9.000000) with path [(12, -21, 9), (13, -22, 9), (14, -22, 8), (14, -21, 7), (13, -20, 7), (12, -19, 7), (11, -18, 7), (10, -18, 8), (9, -18, 9)][/color]
[Peer: 440931918] [Turn 3] [color=cyan]  Checking ship Sathar Fighter C (Side 2) at (5.000000, -18.000000, 13.000000) with path [(10, -22, 12), (10, -23, 13), (9, -23, 14), (8, -22, 14), (7, -21, 14), (6, -20, 14), (6, -19, 13), (5, -18, 13)][/color]
[Peer: 440931918] [Turn 3] [color=cyan]  Checking ship Sathar Fighter D (Side 2) at (6.000000, -15.000000, 9.000000) with path [(11, -17, 6), (12, -17, 5), (13, -18, 5), (13, -19, 6), (12, -19, 7), (11, -19, 8), (10, -18, 8), (9, -17, 8), (8, -16, 8), (7, -15, 8), (6, -15, 9)][/color]
[Peer: 440931918] [Turn 3] [color=cyan]  Checking ship Sathar Fighter E (Side 2) at (4.000000, -10.000000, 6.000000) with path [(9, -17, 8), (9, -16, 7), (9, -15, 6), (8, -14, 6), (8, -13, 5), (7, -12, 5), (6, -11, 5), (5, -10, 5), (4, -10, 6)][/color]
[Peer: 440931918] [Turn 3] [color=cyan]  Checking ship Sathar Fighter F (Side 2) at (22.000000, -21.000000, -1.000000) with path [(13, -20, 7), (14, -20, 6), (15, -20, 5), (16, -20, 4), (17, -20, 3), (18, -21, 3), (19, -22, 3), (20, -22, 2), (20, -21, 1), (21, -21, 0), (22, -21, -1)][/color]
[Peer: 440931918] [Turn 3] Mines check complete. Hit ships size: 0
[Peer: 440931918] [Turn 3] [color=cyan]  Checking ship Maelstrom (Side 2) at (13.000000, -18.000000, 5.000000) with path [(10, -18, 8), (11, -18, 7), (12, -18, 6), (13, -18, 5)][/color]
[Peer: 440931918] [Turn 3] [color=cyan]  Checking ship Carrion (Side 2) at (12.000000, -19.000000, 7.000000) with path [(10, -19, 9), (11, -19, 8), (12, -19, 7)][/color]
[Peer: 440931918] [Turn 3] [color=cyan]  Checking ship Deathstroke (Side 2) at (14.000000, -28.000000, 14.000000) with path [(14, -22, 8), (15, -23, 8), (16, -24, 8), (17, -25, 8), (17, -26, 9), (17, -27, 10), (17, -28, 11), (16, -28, 12), (15, -28, 13), (14, -28, 14)][/color]
[Peer: 440931918] [Turn 3] [color=cyan]  Checking ship Bludgeon (Side 2) at (3.000000, -9.000000, 6.000000) with path [(1, -13, 12), (1, -12, 11), (1, -11, 10), (1, -10, 9), (1, -9, 8), (2, -9, 7), (3, -9, 6)][/color]
[Peer: 440931918] [Turn 3] [color=cyan]  Checking ship Viper (Side 2) at (20.000000, -26.000000, 6.000000) with path [(11, -19, 8), (12, -20, 8), (13, -21, 8), (14, -22, 8), (15, -23, 8), (16, -24, 8), (17, -25, 8), (18, -26, 8), (19, -27, 8), (20, -27, 7), (20, -26, 6)][/color]
[Peer: 440931918] [Turn 3] [color=cyan]  Checking ship Sathar Fighter A (Side 2) at (7.000000, -15.000000, 8.000000) with path [(13, -20, 7), (14, -21, 7), (14, -22, 8), (13, -22, 9), (12, -21, 9), (11, -20, 9), (10, -19, 9), (9, -18, 9), (8, -17, 9), (8, -16, 8), (7, -15, 8)][/color]
[Peer: 440931918] [Turn 3] [color=cyan]  Checking ship Sathar Fighter B (Side 2) at (9.000000, -18.000000, 9.000000) with path [(12, -21, 9), (13, -22, 9), (14, -22, 8), (14, -21, 7), (13, -20, 7), (12, -19, 7), (11, -18, 7), (10, -18, 8), (9, -18, 9)][/color]
[Peer: 440931918] [Turn 3] [color=cyan]  Checking ship Sathar Fighter C (Side 2) at (5.000000, -18.000000, 13.000000) with path [(10, -22, 12), (10, -23, 13), (9, -23, 14), (8, -22, 14), (7, -21, 14), (6, -20, 14), (6, -19, 13), (5, -18, 13)][/color]
[Peer: 440931918] [Turn 3] [color=cyan]  Checking ship Sathar Fighter D (Side 2) at (6.000000, -15.000000, 9.000000) with path [(11, -17, 6), (12, -17, 5), (13, -18, 5), (13, -19, 6), (12, -19, 7), (11, -19, 8), (10, -18, 8), (9, -17, 8), (8, -16, 8), (7, -15, 8), (6, -15, 9)][/color]
[Peer: 440931918] [Turn 3] [color=cyan]  Checking ship Sathar Fighter E (Side 2) at (4.000000, -10.000000, 6.000000) with path [(9, -17, 8), (9, -16, 7), (9, -15, 6), (8, -14, 6), (8, -13, 5), (7, -12, 5), (6, -11, 5), (5, -10, 5), (4, -10, 6)][/color]
[Peer: 440931918] [Turn 3] [color=cyan]  Checking ship Sathar Fighter F (Side 2) at (22.000000, -21.000000, -1.000000) with path [(13, -20, 7), (14, -20, 6), (15, -20, 5), (16, -20, 4), (17, -20, 3), (18, -21, 3), (19, -22, 3), (20, -22, 2), (20, -21, 1), (21, -21, 0), (22, -21, -1)][/color]
[Peer: 440931918] [Turn 3] Mines check complete. Hit ships size: 0
[Peer: 440931918] [Turn 3] [color=cyan]  Checking ship Maelstrom (Side 2) at (13.000000, -18.000000, 5.000000) with path [(10, -18, 8), (11, -18, 7), (12, -18, 6), (13, -18, 5)][/color]
[Peer: 440931918] [Turn 3] [color=cyan]  Checking ship Carrion (Side 2) at (12.000000, -19.000000, 7.000000) with path [(10, -19, 9), (11, -19, 8), (12, -19, 7)][/color]
[Peer: 440931918] [Turn 3] [color=cyan]  Checking ship Deathstroke (Side 2) at (14.000000, -28.000000, 14.000000) with path [(14, -22, 8), (15, -23, 8), (16, -24, 8), (17, -25, 8), (17, -26, 9), (17, -27, 10), (17, -28, 11), (16, -28, 12), (15, -28, 13), (14, -28, 14)][/color]
[Peer: 440931918] [Turn 3] [color=cyan]  Checking ship Bludgeon (Side 2) at (3.000000, -9.000000, 6.000000) with path [(1, -13, 12), (1, -12, 11), (1, -11, 10), (1, -10, 9), (1, -9, 8), (2, -9, 7), (3, -9, 6)][/color]
[Peer: 440931918] [Turn 3] [color=cyan]  Checking ship Viper (Side 2) at (20.000000, -26.000000, 6.000000) with path [(11, -19, 8), (12, -20, 8), (13, -21, 8), (14, -22, 8), (15, -23, 8), (16, -24, 8), (17, -25, 8), (18, -26, 8), (19, -27, 8), (20, -27, 7), (20, -26, 6)][/color]
[Peer: 440931918] [Turn 3] [color=cyan]  Checking ship Sathar Fighter A (Side 2) at (7.000000, -15.000000, 8.000000) with path [(13, -20, 7), (14, -21, 7), (14, -22, 8), (13, -22, 9), (12, -21, 9), (11, -20, 9), (10, -19, 9), (9, -18, 9), (8, -17, 9), (8, -16, 8), (7, -15, 8)][/color]
[Peer: 440931918] [Turn 3] [color=cyan]  Checking ship Sathar Fighter B (Side 2) at (9.000000, -18.000000, 9.000000) with path [(12, -21, 9), (13, -22, 9), (14, -22, 8), (14, -21, 7), (13, -20, 7), (12, -19, 7), (11, -18, 7), (10, -18, 8), (9, -18, 9)][/color]
[Peer: 440931918] [Turn 3] [color=cyan]  Checking ship Sathar Fighter C (Side 2) at (5.000000, -18.000000, 13.000000) with path [(10, -22, 12), (10, -23, 13), (9, -23, 14), (8, -22, 14), (7, -21, 14), (6, -20, 14), (6, -19, 13), (5, -18, 13)][/color]
[Peer: 440931918] [Turn 3] [color=cyan]  Checking ship Sathar Fighter D (Side 2) at (6.000000, -15.000000, 9.000000) with path [(11, -17, 6), (12, -17, 5), (13, -18, 5), (13, -19, 6), (12, -19, 7), (11, -19, 8), (10, -18, 8), (9, -17, 8), (8, -16, 8), (7, -15, 8), (6, -15, 9)][/color]
[Peer: 440931918] [Turn 3] [color=cyan]  Checking ship Sathar Fighter E (Side 2) at (4.000000, -10.000000, 6.000000) with path [(9, -17, 8), (9, -16, 7), (9, -15, 6), (8, -14, 6), (8, -13, 5), (7, -12, 5), (6, -11, 5), (5, -10, 5), (4, -10, 6)][/color]
[Peer: 440931918] [Turn 3] [color=cyan]  Checking ship Sathar Fighter F (Side 2) at (22.000000, -21.000000, -1.000000) with path [(13, -20, 7), (14, -20, 6), (15, -20, 5), (16, -20, 4), (17, -20, 3), (18, -21, 3), (19, -22, 3), (20, -22, 2), (20, -21, 1), (21, -21, 0), (22, -21, -1)][/color]
[Peer: 440931918] [Turn 3] Mines check complete. Hit ships size: 0
[Peer: 440931918] [Turn 3] [color=cyan]  Checking ship Maelstrom (Side 2) at (13.000000, -18.000000, 5.000000) with path [(10, -18, 8), (11, -18, 7), (12, -18, 6), (13, -18, 5)][/color]
[Peer: 440931918] [Turn 3] [color=cyan]  Checking ship Carrion (Side 2) at (12.000000, -19.000000, 7.000000) with path [(10, -19, 9), (11, -19, 8), (12, -19, 7)][/color]
[Peer: 440931918] [Turn 3] [color=cyan]  Checking ship Deathstroke (Side 2) at (14.000000, -28.000000, 14.000000) with path [(14, -22, 8), (15, -23, 8), (16, -24, 8), (17, -25, 8), (17, -26, 9), (17, -27, 10), (17, -28, 11), (16, -28, 12), (15, -28, 13), (14, -28, 14)][/color]
[Peer: 440931918] [Turn 3] [color=cyan]  Checking ship Bludgeon (Side 2) at (3.000000, -9.000000, 6.000000) with path [(1, -13, 12), (1, -12, 11), (1, -11, 10), (1, -10, 9), (1, -9, 8), (2, -9, 7), (3, -9, 6)][/color]
[Peer: 440931918] [Turn 3] [color=cyan]  Checking ship Viper (Side 2) at (20.000000, -26.000000, 6.000000) with path [(11, -19, 8), (12, -20, 8), (13, -21, 8), (14, -22, 8), (15, -23, 8), (16, -24, 8), (17, -25, 8), (18, -26, 8), (19, -27, 8), (20, -27, 7), (20, -26, 6)][/color]
[Peer: 440931918] [Turn 3] [color=cyan]  Checking ship Sathar Fighter A (Side 2) at (7.000000, -15.000000, 8.000000) with path [(13, -20, 7), (14, -21, 7), (14, -22, 8), (13, -22, 9), (12, -21, 9), (11, -20, 9), (10, -19, 9), (9, -18, 9), (8, -17, 9), (8, -16, 8), (7, -15, 8)][/color]
[Peer: 440931918] [Turn 3] [color=cyan]  Checking ship Sathar Fighter B (Side 2) at (9.000000, -18.000000, 9.000000) with path [(12, -21, 9), (13, -22, 9), (14, -22, 8), (14, -21, 7), (13, -20, 7), (12, -19, 7), (11, -18, 7), (10, -18, 8), (9, -18, 9)][/color]
[Peer: 440931918] [Turn 3] [color=cyan]  Checking ship Sathar Fighter C (Side 2) at (5.000000, -18.000000, 13.000000) with path [(10, -22, 12), (10, -23, 13), (9, -23, 14), (8, -22, 14), (7, -21, 14), (6, -20, 14), (6, -19, 13), (5, -18, 13)][/color]
[Peer: 440931918] [Turn 3] [color=cyan]  Checking ship Sathar Fighter D (Side 2) at (6.000000, -15.000000, 9.000000) with path [(11, -17, 6), (12, -17, 5), (13, -18, 5), (13, -19, 6), (12, -19, 7), (11, -19, 8), (10, -18, 8), (9, -17, 8), (8, -16, 8), (7, -15, 8), (6, -15, 9)][/color]
[Peer: 440931918] [Turn 3] [color=cyan]  Checking ship Sathar Fighter E (Side 2) at (4.000000, -10.000000, 6.000000) with path [(9, -17, 8), (9, -16, 7), (9, -15, 6), (8, -14, 6), (8, -13, 5), (7, -12, 5), (6, -11, 5), (5, -10, 5), (4, -10, 6)][/color]
[Peer: 440931918] [Turn 3] [color=cyan]  Checking ship Sathar Fighter F (Side 2) at (22.000000, -21.000000, -1.000000) with path [(13, -20, 7), (14, -20, 6), (15, -20, 5), (16, -20, 4), (17, -20, 3), (18, -21, 3), (19, -22, 3), (20, -22, 2), (20, -21, 1), (21, -21, 0), (22, -21, -1)][/color]
[Peer: 440931918] [Turn 3] Mines check complete. Hit ships size: 0
[Peer: 440931918] [Turn 3] [color=cyan]  Checking ship Maelstrom (Side 2) at (13.000000, -18.000000, 5.000000) with path [(10, -18, 8), (11, -18, 7), (12, -18, 6), (13, -18, 5)][/color]
[Peer: 440931918] [Turn 3] [color=cyan]  Checking ship Carrion (Side 2) at (12.000000, -19.000000, 7.000000) with path [(10, -19, 9), (11, -19, 8), (12, -19, 7)][/color]
[Peer: 440931918] [Turn 3] [color=cyan]  Checking ship Deathstroke (Side 2) at (14.000000, -28.000000, 14.000000) with path [(14, -22, 8), (15, -23, 8), (16, -24, 8), (17, -25, 8), (17, -26, 9), (17, -27, 10), (17, -28, 11), (16, -28, 12), (15, -28, 13), (14, -28, 14)][/color]
[Peer: 440931918] [Turn 3] [color=cyan]  Checking ship Bludgeon (Side 2) at (3.000000, -9.000000, 6.000000) with path [(1, -13, 12), (1, -12, 11), (1, -11, 10), (1, -10, 9), (1, -9, 8), (2, -9, 7), (3, -9, 6)][/color]
[Peer: 440931918] [Turn 3] [color=cyan]  Checking ship Viper (Side 2) at (20.000000, -26.000000, 6.000000) with path [(11, -19, 8), (12, -20, 8), (13, -21, 8), (14, -22, 8), (15, -23, 8), (16, -24, 8), (17, -25, 8), (18, -26, 8), (19, -27, 8), (20, -27, 7), (20, -26, 6)][/color]
[Peer: 440931918] [Turn 3] [color=cyan]  Checking ship Sathar Fighter A (Side 2) at (7.000000, -15.000000, 8.000000) with path [(13, -20, 7), (14, -21, 7), (14, -22, 8), (13, -22, 9), (12, -21, 9), (11, -20, 9), (10, -19, 9), (9, -18, 9), (8, -17, 9), (8, -16, 8), (7, -15, 8)][/color]
[Peer: 440931918] [Turn 3] [color=cyan]  Checking ship Sathar Fighter B (Side 2) at (9.000000, -18.000000, 9.000000) with path [(12, -21, 9), (13, -22, 9), (14, -22, 8), (14, -21, 7), (13, -20, 7), (12, -19, 7), (11, -18, 7), (10, -18, 8), (9, -18, 9)][/color]
[Peer: 440931918] [Turn 3] [color=cyan]  Checking ship Sathar Fighter C (Side 2) at (5.000000, -18.000000, 13.000000) with path [(10, -22, 12), (10, -23, 13), (9, -23, 14), (8, -22, 14), (7, -21, 14), (6, -20, 14), (6, -19, 13), (5, -18, 13)][/color]
[Peer: 440931918] [Turn 3] [color=cyan]  Checking ship Sathar Fighter D (Side 2) at (6.000000, -15.000000, 9.000000) with path [(11, -17, 6), (12, -17, 5), (13, -18, 5), (13, -19, 6), (12, -19, 7), (11, -19, 8), (10, -18, 8), (9, -17, 8), (8, -16, 8), (7, -15, 8), (6, -15, 9)][/color]
[Peer: 440931918] [Turn 3] [color=cyan]  Checking ship Sathar Fighter E (Side 2) at (4.000000, -10.000000, 6.000000) with path [(9, -17, 8), (9, -16, 7), (9, -15, 6), (8, -14, 6), (8, -13, 5), (7, -12, 5), (6, -11, 5), (5, -10, 5), (4, -10, 6)][/color]
[Peer: 440931918] [Turn 3] [color=cyan]  Checking ship Sathar Fighter F (Side 2) at (22.000000, -21.000000, -1.000000) with path [(13, -20, 7), (14, -20, 6), (15, -20, 5), (16, -20, 4), (17, -20, 3), (18, -21, 3), (19, -22, 3), (20, -22, 2), (20, -21, 1), (21, -21, 0), (22, -21, -1)][/color]
[Peer: 440931918] [Turn 3] Mines check complete. Hit ships size: 0
[Peer: 440931918] [Turn 3] [color=cyan]  Checking ship Maelstrom (Side 2) at (13.000000, -18.000000, 5.000000) with path [(10, -18, 8), (11, -18, 7), (12, -18, 6), (13, -18, 5)][/color]
[Peer: 440931918] [Turn 3] [color=cyan]  Checking ship Carrion (Side 2) at (12.000000, -19.000000, 7.000000) with path [(10, -19, 9), (11, -19, 8), (12, -19, 7)][/color]
[Peer: 440931918] [Turn 3] [color=cyan]  Checking ship Deathstroke (Side 2) at (14.000000, -28.000000, 14.000000) with path [(14, -22, 8), (15, -23, 8), (16, -24, 8), (17, -25, 8), (17, -26, 9), (17, -27, 10), (17, -28, 11), (16, -28, 12), (15, -28, 13), (14, -28, 14)][/color]
[Peer: 440931918] [Turn 3] [color=cyan]  Checking ship Bludgeon (Side 2) at (3.000000, -9.000000, 6.000000) with path [(1, -13, 12), (1, -12, 11), (1, -11, 10), (1, -10, 9), (1, -9, 8), (2, -9, 7), (3, -9, 6)][/color]
[Peer: 440931918] [Turn 3] [color=cyan]  Checking ship Viper (Side 2) at (20.000000, -26.000000, 6.000000) with path [(11, -19, 8), (12, -20, 8), (13, -21, 8), (14, -22, 8), (15, -23, 8), (16, -24, 8), (17, -25, 8), (18, -26, 8), (19, -27, 8), (20, -27, 7), (20, -26, 6)][/color]
[Peer: 440931918] [Turn 3] [color=cyan]  Checking ship Sathar Fighter A (Side 2) at (7.000000, -15.000000, 8.000000) with path [(13, -20, 7), (14, -21, 7), (14, -22, 8), (13, -22, 9), (12, -21, 9), (11, -20, 9), (10, -19, 9), (9, -18, 9), (8, -17, 9), (8, -16, 8), (7, -15, 8)][/color]
[Peer: 440931918] [Turn 3] [color=cyan]  Checking ship Sathar Fighter B (Side 2) at (9.000000, -18.000000, 9.000000) with path [(12, -21, 9), (13, -22, 9), (14, -22, 8), (14, -21, 7), (13, -20, 7), (12, -19, 7), (11, -18, 7), (10, -18, 8), (9, -18, 9)][/color]
[Peer: 440931918] [Turn 3] [color=cyan]  Checking ship Sathar Fighter C (Side 2) at (5.000000, -18.000000, 13.000000) with path [(10, -22, 12), (10, -23, 13), (9, -23, 14), (8, -22, 14), (7, -21, 14), (6, -20, 14), (6, -19, 13), (5, -18, 13)][/color]
[Peer: 440931918] [Turn 3] [color=cyan]  Checking ship Sathar Fighter D (Side 2) at (6.000000, -15.000000, 9.000000) with path [(11, -17, 6), (12, -17, 5), (13, -18, 5), (13, -19, 6), (12, -19, 7), (11, -19, 8), (10, -18, 8), (9, -17, 8), (8, -16, 8), (7, -15, 8), (6, -15, 9)][/color]
[Peer: 440931918] [Turn 3] [color=cyan]  Checking ship Sathar Fighter E (Side 2) at (4.000000, -10.000000, 6.000000) with path [(9, -17, 8), (9, -16, 7), (9, -15, 6), (8, -14, 6), (8, -13, 5), (7, -12, 5), (6, -11, 5), (5, -10, 5), (4, -10, 6)][/color]
[Peer: 440931918] [Turn 3] [color=cyan]  Checking ship Sathar Fighter F (Side 2) at (22.000000, -21.000000, -1.000000) with path [(13, -20, 7), (14, -20, 6), (15, -20, 5), (16, -20, 4), (17, -20, 3), (18, -21, 3), (19, -22, 3), (20, -22, 2), (20, -21, 1), (21, -21, 0), (22, -21, -1)][/color]
[Peer: 440931918] [Turn 3] Mines check complete. Hit ships size: 0
[Peer: 440931918] [Turn 3] [color=cyan]  Checking ship Maelstrom (Side 2) at (13.000000, -18.000000, 5.000000) with path [(10, -18, 8), (11, -18, 7), (12, -18, 6), (13, -18, 5)][/color]
[Peer: 440931918] [Turn 3] [color=cyan]  Checking ship Carrion (Side 2) at (12.000000, -19.000000, 7.000000) with path [(10, -19, 9), (11, -19, 8), (12, -19, 7)][/color]
[Peer: 440931918] [Turn 3] [color=cyan]  Checking ship Deathstroke (Side 2) at (14.000000, -28.000000, 14.000000) with path [(14, -22, 8), (15, -23, 8), (16, -24, 8), (17, -25, 8), (17, -26, 9), (17, -27, 10), (17, -28, 11), (16, -28, 12), (15, -28, 13), (14, -28, 14)][/color]
[Peer: 440931918] [Turn 3] [color=cyan]  Checking ship Bludgeon (Side 2) at (3.000000, -9.000000, 6.000000) with path [(1, -13, 12), (1, -12, 11), (1, -11, 10), (1, -10, 9), (1, -9, 8), (2, -9, 7), (3, -9, 6)][/color]
[Peer: 440931918] [Turn 3] [color=cyan]  Checking ship Viper (Side 2) at (20.000000, -26.000000, 6.000000) with path [(11, -19, 8), (12, -20, 8), (13, -21, 8), (14, -22, 8), (15, -23, 8), (16, -24, 8), (17, -25, 8), (18, -26, 8), (19, -27, 8), (20, -27, 7), (20, -26, 6)][/color]
[Peer: 440931918] [Turn 3] [color=cyan]  Checking ship Sathar Fighter A (Side 2) at (7.000000, -15.000000, 8.000000) with path [(13, -20, 7), (14, -21, 7), (14, -22, 8), (13, -22, 9), (12, -21, 9), (11, -20, 9), (10, -19, 9), (9, -18, 9), (8, -17, 9), (8, -16, 8), (7, -15, 8)][/color]
[Peer: 440931918] [Turn 3] [color=cyan]  Checking ship Sathar Fighter B (Side 2) at (9.000000, -18.000000, 9.000000) with path [(12, -21, 9), (13, -22, 9), (14, -22, 8), (14, -21, 7), (13, -20, 7), (12, -19, 7), (11, -18, 7), (10, -18, 8), (9, -18, 9)][/color]
[Peer: 440931918] [Turn 3] [color=cyan]  Checking ship Sathar Fighter C (Side 2) at (5.000000, -18.000000, 13.000000) with path [(10, -22, 12), (10, -23, 13), (9, -23, 14), (8, -22, 14), (7, -21, 14), (6, -20, 14), (6, -19, 13), (5, -18, 13)][/color]
[Peer: 440931918] [Turn 3] [color=cyan]  Checking ship Sathar Fighter D (Side 2) at (6.000000, -15.000000, 9.000000) with path [(11, -17, 6), (12, -17, 5), (13, -18, 5), (13, -19, 6), (12, -19, 7), (11, -19, 8), (10, -18, 8), (9, -17, 8), (8, -16, 8), (7, -15, 8), (6, -15, 9)][/color]
[Peer: 440931918] [Turn 3] [color=cyan]  Checking ship Sathar Fighter E (Side 2) at (4.000000, -10.000000, 6.000000) with path [(9, -17, 8), (9, -16, 7), (9, -15, 6), (8, -14, 6), (8, -13, 5), (7, -12, 5), (6, -11, 5), (5, -10, 5), (4, -10, 6)][/color]
[Peer: 440931918] [Turn 3] [color=cyan]  Checking ship Sathar Fighter F (Side 2) at (22.000000, -21.000000, -1.000000) with path [(13, -20, 7), (14, -20, 6), (15, -20, 5), (16, -20, 4), (17, -20, 3), (18, -21, 3), (19, -22, 3), (20, -22, 2), (20, -21, 1), (21, -21, 0), (22, -21, -1)][/color]
[Peer: 440931918] [Turn 3] Mines check complete. Hit ships size: 0
[Peer: 440931918] [Turn 3] [color=cyan]  Checking ship Maelstrom (Side 2) at (13.000000, -18.000000, 5.000000) with path [(10, -18, 8), (11, -18, 7), (12, -18, 6), (13, -18, 5)][/color]
[Peer: 440931918] [Turn 3] [color=cyan]  Checking ship Carrion (Side 2) at (12.000000, -19.000000, 7.000000) with path [(10, -19, 9), (11, -19, 8), (12, -19, 7)][/color]
[Peer: 440931918] [Turn 3] [color=cyan]  Checking ship Deathstroke (Side 2) at (14.000000, -28.000000, 14.000000) with path [(14, -22, 8), (15, -23, 8), (16, -24, 8), (17, -25, 8), (17, -26, 9), (17, -27, 10), (17, -28, 11), (16, -28, 12), (15, -28, 13), (14, -28, 14)][/color]
[Peer: 440931918] [Turn 3] [color=cyan]  Checking ship Bludgeon (Side 2) at (3.000000, -9.000000, 6.000000) with path [(1, -13, 12), (1, -12, 11), (1, -11, 10), (1, -10, 9), (1, -9, 8), (2, -9, 7), (3, -9, 6)][/color]
[Peer: 440931918] [Turn 3] [color=cyan]  Checking ship Viper (Side 2) at (20.000000, -26.000000, 6.000000) with path [(11, -19, 8), (12, -20, 8), (13, -21, 8), (14, -22, 8), (15, -23, 8), (16, -24, 8), (17, -25, 8), (18, -26, 8), (19, -27, 8), (20, -27, 7), (20, -26, 6)][/color]
[Peer: 440931918] [Turn 3] [color=cyan]  Checking ship Sathar Fighter A (Side 2) at (7.000000, -15.000000, 8.000000) with path [(13, -20, 7), (14, -21, 7), (14, -22, 8), (13, -22, 9), (12, -21, 9), (11, -20, 9), (10, -19, 9), (9, -18, 9), (8, -17, 9), (8, -16, 8), (7, -15, 8)][/color]
[Peer: 440931918] [Turn 3] [color=cyan]  Checking ship Sathar Fighter B (Side 2) at (9.000000, -18.000000, 9.000000) with path [(12, -21, 9), (13, -22, 9), (14, -22, 8), (14, -21, 7), (13, -20, 7), (12, -19, 7), (11, -18, 7), (10, -18, 8), (9, -18, 9)][/color]
[Peer: 440931918] [Turn 3] [color=cyan]  Checking ship Sathar Fighter C (Side 2) at (5.000000, -18.000000, 13.000000) with path [(10, -22, 12), (10, -23, 13), (9, -23, 14), (8, -22, 14), (7, -21, 14), (6, -20, 14), (6, -19, 13), (5, -18, 13)][/color]
[Peer: 440931918] [Turn 3] [color=cyan]  Checking ship Sathar Fighter D (Side 2) at (6.000000, -15.000000, 9.000000) with path [(11, -17, 6), (12, -17, 5), (13, -18, 5), (13, -19, 6), (12, -19, 7), (11, -19, 8), (10, -18, 8), (9, -17, 8), (8, -16, 8), (7, -15, 8), (6, -15, 9)][/color]
[Peer: 440931918] [Turn 3] [color=cyan]  Checking ship Sathar Fighter E (Side 2) at (4.000000, -10.000000, 6.000000) with path [(9, -17, 8), (9, -16, 7), (9, -15, 6), (8, -14, 6), (8, -13, 5), (7, -12, 5), (6, -11, 5), (5, -10, 5), (4, -10, 6)][/color]
[Peer: 440931918] [Turn 3] [color=cyan]  Checking ship Sathar Fighter F (Side 2) at (22.000000, -21.000000, -1.000000) with path [(13, -20, 7), (14, -20, 6), (15, -20, 5), (16, -20, 4), (17, -20, 3), (18, -21, 3), (19, -22, 3), (20, -22, 2), (20, -21, 1), (21, -21, 0), (22, -21, -1)][/color]
[Peer: 440931918] [Turn 3] Mines check complete. Hit ships size: 0
[Peer: 440931918] [Turn 3] [color=cyan]  Checking ship Maelstrom (Side 2) at (13.000000, -18.000000, 5.000000) with path [(10, -18, 8), (11, -18, 7), (12, -18, 6), (13, -18, 5)][/color]
[Peer: 440931918] [Turn 3] [color=cyan]  Checking ship Carrion (Side 2) at (12.000000, -19.000000, 7.000000) with path [(10, -19, 9), (11, -19, 8), (12, -19, 7)][/color]
[Peer: 440931918] [Turn 3] [color=cyan]  Checking ship Deathstroke (Side 2) at (14.000000, -28.000000, 14.000000) with path [(14, -22, 8), (15, -23, 8), (16, -24, 8), (17, -25, 8), (17, -26, 9), (17, -27, 10), (17, -28, 11), (16, -28, 12), (15, -28, 13), (14, -28, 14)][/color]
[Peer: 440931918] [Turn 3] [color=cyan]  Checking ship Bludgeon (Side 2) at (3.000000, -9.000000, 6.000000) with path [(1, -13, 12), (1, -12, 11), (1, -11, 10), (1, -10, 9), (1, -9, 8), (2, -9, 7), (3, -9, 6)][/color]
[Peer: 440931918] [Turn 3] [color=cyan]  Checking ship Viper (Side 2) at (20.000000, -26.000000, 6.000000) with path [(11, -19, 8), (12, -20, 8), (13, -21, 8), (14, -22, 8), (15, -23, 8), (16, -24, 8), (17, -25, 8), (18, -26, 8), (19, -27, 8), (20, -27, 7), (20, -26, 6)][/color]
[Peer: 440931918] [Turn 3] [color=cyan]  Checking ship Sathar Fighter A (Side 2) at (7.000000, -15.000000, 8.000000) with path [(13, -20, 7), (14, -21, 7), (14, -22, 8), (13, -22, 9), (12, -21, 9), (11, -20, 9), (10, -19, 9), (9, -18, 9), (8, -17, 9), (8, -16, 8), (7, -15, 8)][/color]
[Peer: 440931918] [Turn 3] [color=cyan]  Checking ship Sathar Fighter B (Side 2) at (9.000000, -18.000000, 9.000000) with path [(12, -21, 9), (13, -22, 9), (14, -22, 8), (14, -21, 7), (13, -20, 7), (12, -19, 7), (11, -18, 7), (10, -18, 8), (9, -18, 9)][/color]
[Peer: 440931918] [Turn 3] [color=cyan]  Checking ship Sathar Fighter C (Side 2) at (5.000000, -18.000000, 13.000000) with path [(10, -22, 12), (10, -23, 13), (9, -23, 14), (8, -22, 14), (7, -21, 14), (6, -20, 14), (6, -19, 13), (5, -18, 13)][/color]
[Peer: 440931918] [Turn 3] [color=cyan]  Checking ship Sathar Fighter D (Side 2) at (6.000000, -15.000000, 9.000000) with path [(11, -17, 6), (12, -17, 5), (13, -18, 5), (13, -19, 6), (12, -19, 7), (11, -19, 8), (10, -18, 8), (9, -17, 8), (8, -16, 8), (7, -15, 8), (6, -15, 9)][/color]
[Peer: 440931918] [Turn 3] [color=cyan]  Checking ship Sathar Fighter E (Side 2) at (4.000000, -10.000000, 6.000000) with path [(9, -17, 8), (9, -16, 7), (9, -15, 6), (8, -14, 6), (8, -13, 5), (7, -12, 5), (6, -11, 5), (5, -10, 5), (4, -10, 6)][/color]
[Peer: 440931918] [Turn 3] [color=cyan]  Checking ship Sathar Fighter F (Side 2) at (22.000000, -21.000000, -1.000000) with path [(13, -20, 7), (14, -20, 6), (15, -20, 5), (16, -20, 4), (17, -20, 3), (18, -21, 3), (19, -22, 3), (20, -22, 2), (20, -21, 1), (21, -21, 0), (22, -21, -1)][/color]
[Peer: 440931918] [Turn 3] Mines check complete. Hit ships size: 0
[Peer: 440931918] [Turn 3] [color=cyan]!!! DEBUG !!! Entering Seeker Movement. Active Seekers: 4[/color]
[Peer: 440931918] [Turn 3] Movement Phase Complete for Side 1. Starting Combat.
[DEBUG] start_combat_passive: Side 2 firing (Opponent of Moving Side 1)
[Peer: 440931918] [Turn 3] Combat Planning: Side 2
[DEBUG] TARGET CHECK P2. Ships: 11
[DEBUG] VALID: Maelstrom found target with Laser Battery
[Peer: 440931918] [Turn 3] AI Planning: AC Maelstrom -> F Fighter D with Laser Battery (Utility: 4.80)
[Peer: 440931918] [Turn 3] AI Planning: CA Carrion -> F Fighter D with Laser Battery 1 (Utility: 2.78)
[Peer: 440931918] [Turn 3] AI Planning: CA Carrion -> F Fighter D with Laser Battery 2 (Utility: 3.09)
[Peer: 440931918] [Turn 3] AI Planning: CA Carrion -> F Fighter D with Proton Battery (Utility: 3.74)
[Peer: 440931918] [Turn 3] AI Planning: CA Carrion -> F Fighter D with Electron Battery (Utility: 3.03)
[Peer: 440931918] [Turn 3] AI Planning: CL Deathstroke -> AS Lancet with Laser Battery (Utility: 1.70)
[Peer: 440931918] [Turn 3] AI Planning: CL Deathstroke -> AS Lancet with Electron Battery (Utility: 2.60)
[Peer: 440931918] [Turn 3] AI Planning: CL Deathstroke -> AS Lancet with Proton Battery (Utility: 3.16)
[Peer: 440931918] [Turn 3] AI Planning: DD Bludgeon -> F Fighter E with Laser Battery (Utility: 6.41)
[Peer: 440931918] [Turn 3] AI Planning: DD Bludgeon -> F Fighter E with Electron Battery (Utility: 7.12)
[Peer: 440931918] [Turn 3] AI Planning: DD Bludgeon -> F Fighter E with Rocket Batteries (Utility: 5.81)
[Peer: 440931918] [Turn 3] Resolving 11 attacks...
[Peer: 440931918] [Turn 3] AC Maelstrom firing Laser Battery at F Fighter D
Combat Roll: Distance 6, Chance 20%, Rolled 41
[Peer: 440931918] [Turn 3] Firing Ship: AC Maelstrom, Weapon: Laser Battery, Odds: 20%, Roll: 41, Result: MISS
[Peer: 440931918] [Turn 3] [color=red]MISS![/color]
[Peer: 440931918] [Turn 3] AC Maelstrom firing Laser Battery at F Fighter D
[Peer: 440931918] [Turn 3] Firing Ship: AC Maelstrom, Weapon: Laser Battery, Odds: 20%, Roll: 41, Result: MISS
[Peer: 440931918] [Turn 3] CA Carrion firing Laser Battery 1 at F Fighter D
[Peer: 440931918] [Turn 3] Firing Ship: CA Carrion, Weapon: Laser Battery 1, Odds: 15%, Roll: 43, Result: MISS
[Peer: 440931918] [Turn 3] CA Carrion firing Laser Battery 1 at F Fighter D
Combat Roll: Distance 7, Chance 15%, Rolled 43
[Peer: 440931918] [Turn 3] Firing Ship: CA Carrion, Weapon: Laser Battery 1, Odds: 15%, Roll: 43, Result: MISS
[Peer: 440931918] [Turn 3] [color=red]MISS![/color]
[Peer: 440931918] [Turn 3] CA Carrion firing Laser Battery 2 at F Fighter D
[Peer: 440931918] [Turn 3] CA Carrion firing Laser Battery 2 at F Fighter D
Combat Roll: Distance 7, Chance 15%, Rolled 52
[Peer: 440931918] [Turn 3] Firing Ship: CA Carrion, Weapon: Laser Battery 2, Odds: 15%, Roll: 52, Result: MISS
[Peer: 440931918] [Turn 3] [color=red]MISS![/color]
[Peer: 440931918] [Turn 3] Firing Ship: CA Carrion, Weapon: Laser Battery 2, Odds: 15%, Roll: 52, Result: MISS
[Peer: 440931918] [Turn 3] CA Carrion firing Proton Battery at F Fighter D
Combat Roll: Distance 7, Chance 25%, Rolled 62
[Peer: 440931918] [Turn 3] Firing Ship: CA Carrion, Weapon: Proton Battery, Odds: 25%, Roll: 62, Result: MISS
[Peer: 440931918] [Turn 3] [color=red]MISS![/color]
[Peer: 440931918] [Turn 3] CA Carrion firing Proton Battery at F Fighter D
[Peer: 440931918] [Turn 3] Firing Ship: CA Carrion, Weapon: Proton Battery, Odds: 25%, Roll: 62, Result: MISS
[Peer: 440931918] [Turn 3] CA Carrion firing Electron Battery at F Fighter D
Combat Roll: Distance 7, Chance 25%, Rolled 5
[Peer: 440931918] [Turn 3] Firing Ship: CA Carrion, Weapon: Electron Battery, Odds: 25%, Roll: 5, Result: HIT
Damage Roll: 1d10+0 -> 3
Damage Roll: d100(67) + DTM(10) = 77
[Peer: 440931918] [Turn 3] [color=green]HIT![/color] Rolling Damage Table (d100+10 = 77)
[Peer: 440931918] [Turn 3] CA Carrion firing Electron Battery at F Fighter D
[Peer: 440931918] [Turn 3] Firing Ship: CA Carrion, Weapon: Electron Battery, Odds: 25%, Roll: 5, Result: HIT
[Peer: 440931918] [Turn 3] [color=green]HIT![/color] Rolling Damage Table (d100+10 = 77)
[Peer: 440931918] [Turn 3] Fighter D: Defense Hit (PS, ES, SS, MS, ICM)
[Peer: 440931918] [Turn 3] [color=red]System missing/destroyed -> FALLBACK HULL HIT[/color]
[Peer: 440931918] [Turn 3] Fighter D takes 3 Fallback Damage (Converted Effect)
[Peer: 440931918] [Turn 3] CL Deathstroke firing Laser Battery at AS Lancet
Combat Roll: Distance 9, Chance 5%, Rolled 26
[Peer: 440931918] [Turn 3] Firing Ship: CL Deathstroke, Weapon: Laser Battery, Odds: 5%, Roll: 26, Result: MISS
[Peer: 440931918] [Turn 3] [color=red]MISS![/color]
[Peer: 440931918] [Turn 3] CL Deathstroke firing Laser Battery at AS Lancet
[Peer: 440931918] [Turn 3] Firing Ship: CL Deathstroke, Weapon: Laser Battery, Odds: 5%, Roll: 26, Result: MISS
[Peer: 440931918] [Turn 3] CL Deathstroke firing Electron Battery at AS Lancet
[Peer: 440931918] [Turn 3] CL Deathstroke firing Electron Battery at AS Lancet
Combat Roll: Distance 9, Chance 15%, Rolled 78
[Peer: 440931918] [Turn 3] Firing Ship: CL Deathstroke, Weapon: Electron Battery, Odds: 15%, Roll: 78, Result: MISS
[Peer: 440931918] [Turn 3] [color=red]MISS![/color]
[Peer: 440931918] [Turn 3] Firing Ship: CL Deathstroke, Weapon: Electron Battery, Odds: 15%, Roll: 78, Result: MISS
[Peer: 440931918] [Turn 3] CL Deathstroke firing Proton Battery at AS Lancet
[Peer: 440931918] [Turn 3] CL Deathstroke firing Proton Battery at AS Lancet
Combat Roll: Distance 9, Chance 15%, Rolled 19
[Peer: 440931918] [Turn 3] Firing Ship: CL Deathstroke, Weapon: Proton Battery, Odds: 15%, Roll: 19, Result: MISS
[Peer: 440931918] [Turn 3] [color=red]MISS![/color]
[Peer: 440931918] [Turn 3] Firing Ship: CL Deathstroke, Weapon: Proton Battery, Odds: 15%, Roll: 19, Result: MISS
[Peer: 440931918] [Turn 3] DD Bludgeon firing Laser Battery at F Fighter E
[Peer: 440931918] [Turn 3] DD Bludgeon firing Laser Battery at F Fighter E
Combat Roll: Distance 3, Chance 35%, Rolled 49
[Peer: 440931918] [Turn 3] Firing Ship: DD Bludgeon, Weapon: Laser Battery, Odds: 35%, Roll: 49, Result: MISS
[Peer: 440931918] [Turn 3] [color=red]MISS![/color]
[Peer: 440931918] [Turn 3] Firing Ship: DD Bludgeon, Weapon: Laser Battery, Odds: 35%, Roll: 49, Result: MISS
[Peer: 440931918] [Turn 3] DD Bludgeon firing Electron Battery at F Fighter E
[Peer: 440931918] [Turn 3] Firing Ship: DD Bludgeon, Weapon: Electron Battery, Odds: 45%, Roll: 33, Result: HIT
[Peer: 440931918] [Turn 3] [color=green]HIT![/color] Rolling Damage Table (d100+10 = 53)
[Peer: 440931918] [Turn 3] DD Bludgeon firing Electron Battery at F Fighter E
Combat Roll: Distance 3, Chance 45%, Rolled 33
[Peer: 440931918] [Turn 3] Firing Ship: DD Bludgeon, Weapon: Electron Battery, Odds: 45%, Roll: 33, Result: HIT
Damage Roll: 1d10+0 -> 2
Damage Roll: d100(43) + DTM(10) = 53
[Peer: 440931918] [Turn 3] [color=green]HIT![/color] Rolling Damage Table (d100+10 = 53)
[Peer: 440931918] [Turn 3] Fighter E: Drive Hit (All ADF)
[Peer: 440931918] [Turn 3] DD Bludgeon firing Rocket Batteries at F Fighter E
[Peer: 440931918] [Turn 3] DD Bludgeon firing Rocket Batteries at F Fighter E
Combat Roll: Distance 3, Chance 40%, Rolled 89
[Peer: 440931918] [Turn 3] Firing Ship: DD Bludgeon, Weapon: Rocket Batteries, Odds: 40%, Roll: 89, Result: MISS
[Peer: 440931918] [Turn 3] [color=red]MISS![/color]
[Peer: 440931918] [Turn 3] Firing Ship: DD Bludgeon, Weapon: Rocket Batteries, Odds: 40%, Roll: 89, Result: MISS
[Peer: 440931918] [Turn 3] Resolution Phase Complete.
[Peer: 440931918] [Turn 3] Turn Segment Complete.
[DEBUG] start_combat_active: Side 1 firing (Active Side)
[Peer: 440931918] [Turn 3] Combat Planning: Side 1
[DEBUG] TARGET CHECK P1. Ships: 11
[DEBUG] VALID: Ken'zah Station found target with Laser Battery
[Peer: 440931918] [Turn 3] Resolving 4 attacks...
[Peer: 440931918] [Turn 3] ST Ken'zah Station firing Laser Battery at DD Bludgeon
Combat Roll: Distance 9, Chance 5%, Rolled 100
[Peer: 440931918] [Turn 3] Firing Ship: ST Ken'zah Station, Weapon: Laser Battery, Odds: 5%, Roll: 100, Result: MISS
[Peer: 440931918] [Turn 3] [color=red]MISS![/color]
[Peer: 440931918] [Turn 3] ST Ken'zah Station firing Laser Battery at DD Bludgeon
[Peer: 440931918] [Turn 3] Firing Ship: ST Ken'zah Station, Weapon: Laser Battery, Odds: 5%, Roll: 100, Result: MISS
[Peer: 440931918] [Turn 3] ST Ken'zah Station firing Laser Battery at DD Bludgeon
[Peer: 440931918] [Turn 3] Firing Ship: ST Ken'zah Station, Weapon: Laser Battery, Odds: 5%, Roll: 87, Result: MISS
[Peer: 440931918] [Turn 3] ST Ken'zah Station firing Laser Battery at DD Bludgeon
Combat Roll: Distance 9, Chance 5%, Rolled 87
[Peer: 440931918] [Turn 3] Firing Ship: ST Ken'zah Station, Weapon: Laser Battery, Odds: 5%, Roll: 87, Result: MISS
[Peer: 440931918] [Turn 3] [color=red]MISS![/color]
[Peer: 440931918] [Turn 3] FG Shimmer firing Laser Battery at F Sathar Fighter E
[Peer: 440931918] [Turn 3] Firing Ship: FG Shimmer, Weapon: Laser Battery, Odds: 5%, Roll: 17, Result: MISS
[Peer: 440931918] [Turn 3] FG Shimmer firing Laser Battery at F Sathar Fighter E
Combat Roll: Distance 9, Chance 5%, Rolled 17
[Peer: 440931918] [Turn 3] Firing Ship: FG Shimmer, Weapon: Laser Battery, Odds: 5%, Roll: 17, Result: MISS
[Peer: 440931918] [Turn 3] [color=red]MISS![/color]
[Peer: 440931918] [Turn 3] AS Lancet firing Laser Battery at F Sathar Fighter C
[Peer: 440931918] [Turn 3] Firing Ship: AS Lancet, Weapon: Laser Battery, Odds: 30%, Roll: 76, Result: MISS
[Peer: 440931918] [Turn 3] AS Lancet firing Laser Battery at F Sathar Fighter C
Combat Roll: Distance 4, Chance 30%, Rolled 76
[Peer: 440931918] [Turn 3] Firing Ship: AS Lancet, Weapon: Laser Battery, Odds: 30%, Roll: 76, Result: MISS
[Peer: 440931918] [Turn 3] [color=red]MISS![/color]
[Peer: 440931918] [Turn 3] [color=orange]Fire damage on Fighter D![/color]
[Peer: 440931918] [Turn 3] Fire Roll: d100+20 = 83 -> Defense Hit (ICM, SS, PS, ES, MS)
[Peer: 440931918] [Turn 3] Fighter D: Defense Hit (ICM, SS, PS, ES, MS)
[Peer: 440931918] [Turn 3] [color=red]System missing/destroyed -> FALLBACK HULL HIT[/color]
[Peer: 440931918] [Turn 3] Ship destroyed: Fighter D
[Peer: 440931918] [Turn 3] Fighter D takes 10 Fallback Damage
[Peer: 440931918] [Turn 3] Resolution Phase Complete.
[Peer: 440931918] [Turn 3] Turn Segment Complete.
[Peer: 440931918] [Turn 3] === Turn Start: Side Sathar ===
DEBUG: Rejected Ken'zah Station Side:1 CurSide:2 Moved:false
DEBUG: Rejected Z'Rak't Zoz Side:1 CurSide:2 Moved:false
DEBUG: Rejected Shimmer Side:1 CurSide:2 Moved:false
DEBUG: Rejected Zz'Nakk'T Side:1 CurSide:2 Moved:false
DEBUG: Rejected Lancet Side:1 CurSide:2 Moved:false
DEBUG: Rejected Fighter A Side:1 CurSide:2 Moved:false
DEBUG: Rejected Fighter B Side:1 CurSide:2 Moved:false
DEBUG: Rejected Fighter C Side:1 CurSide:2 Moved:false
DEBUG: Rejected Fighter E Side:1 CurSide:2 Moved:false
DEBUG: Rejected Fighter F Side:1 CurSide:2 Moved:false
DEBUG: start_movement_phase. Side: 2 Available: 11
DEBUG: First available: Maelstrom ID: 2 Moved: false
DEBUG: Skip Auto-Orbit Check: Maelstrom (Class: Assault Carrier, Orbit: 0)
DEBUG: Skip Auto-Orbit Check: Carrion (Class: Heavy Cruiser, Orbit: 0)
DEBUG: Skip Auto-Orbit Check: Deathstroke (Class: Light Cruiser, Orbit: 0)
DEBUG: Skip Auto-Orbit Check: Bludgeon (Class: Destroyer, Orbit: 0)
DEBUG: Skip Auto-Orbit Check: Viper (Class: Destroyer, Orbit: 0)
DEBUG: Skip Auto-Orbit Check: Sathar Fighter A (Class: Fighter, Orbit: 0)
DEBUG: Skip Auto-Orbit Check: Sathar Fighter B (Class: Fighter, Orbit: 0)
DEBUG: Skip Auto-Orbit Check: Sathar Fighter C (Class: Fighter, Orbit: 0)
DEBUG: Skip Auto-Orbit Check: Sathar Fighter D (Class: Fighter, Orbit: 0)
DEBUG: Skip Auto-Orbit Check: Sathar Fighter E (Class: Fighter, Orbit: 0)
DEBUG: Skip Auto-Orbit Check: Sathar Fighter F (Class: Fighter, Orbit: 0)
[DEBUG] Standard move start for Maelstrom
[Peer: 440931918] [Turn 3] [color=yellow]AI Computer Opponent Planning Movement...[/color]
[Peer: 440931918] [Turn 3] [color=gray]AI Thinking: Evaluating Maelstrom (Unmoved left: 11)[/color]
[Peer: 440931918] [Turn 3] [color=gray]AI Thinking: Nearest target for Maelstrom is Lancet[/color]
[Peer: 440931918] [Turn 3] [color=gray]AI Thinking: Maelstrom constraints -> Speed [1, 5], MR 1[/color]
[Peer: 440931918] [Turn 3] [color=gray]AI Thinking: Explored 25 possible paths matching speed bounds.[/color]
[Peer: 440931918] [Turn 3] [color=gray]AI Move Eval -> Ship: AC Maelstrom | Start Speed: 3 | Final Speed: 3 (ADF: 2) | MR Used: 1/1[/color]
[Peer: 440931918] [Turn 3] AI plotted movement for AC Maelstrom (Speed 3 -> 3, 3 hexes)
[Peer: 440931918] [Turn 3] Synced Orders for Maelstrom
[Peer: 440931918] [Turn 3] [color=gray]AI Thinking: Evaluating Carrion (Unmoved left: 10)[/color]
[Peer: 440931918] [Turn 3] [color=gray]AI Thinking: Nearest target for Carrion is Lancet[/color]
[Peer: 440931918] [Turn 3] [color=gray]AI Thinking: Carrion constraints -> Speed [1, 3], MR 1[/color]
[Peer: 440931918] [Turn 3] [color=gray]AI Thinking: Explored 9 possible paths matching speed bounds.[/color]
[Peer: 440931918] [Turn 3] [color=gray]AI Move Eval -> Ship: CA Carrion | Start Speed: 2 | Final Speed: 3 (ADF: 1) | MR Used: 1/1[/color]
[Peer: 440931918] [Turn 3] AI plotted movement for CA Carrion (Speed 2 -> 3, 3 hexes)
[Peer: 440931918] [Turn 3] Synced Orders for Carrion
[Peer: 440931918] [Turn 3] [color=gray]AI Thinking: Evaluating Deathstroke (Unmoved left: 9)[/color]
[Peer: 440931918] [Turn 3] [color=gray]AI Thinking: Nearest target for Deathstroke is Lancet[/color]
[Peer: 440931918] [Turn 3] [color=gray]AI Thinking: Deathstroke constraints -> Speed [6, 12], MR 2[/color]
[Peer: 440931918] [Turn 3] [color=gray]AI Thinking: Explored 959 possible paths matching speed bounds.[/color]
[Peer: 440931918] [Turn 3] [color=gray]AI Move Eval -> Ship: CL Deathstroke | Start Speed: 9 | Final Speed: 8 (ADF: 3) | MR Used: 2/2[/color]
[Peer: 440931918] [Turn 3] AI plotted movement for CL Deathstroke (Speed 9 -> 8, 8 hexes)
[Peer: 440931918] [Turn 3] Synced Orders for Deathstroke
[Peer: 440931918] [Turn 3] [color=gray]AI Thinking: Evaluating Bludgeon (Unmoved left: 8)[/color]
[Peer: 440931918] [Turn 3] [color=gray]AI Thinking: Nearest target for Bludgeon is Fighter E[/color]
[Peer: 440931918] [Turn 3] [color=gray]AI Thinking: Bludgeon constraints -> Speed [3, 9], MR 2[/color]
[Peer: 440931918] [Turn 3] [color=gray]AI Thinking: Explored 413 possible paths matching speed bounds.[/color]
[Peer: 440931918] [Turn 3] [color=gray]AI Move Eval -> Ship: DD Bludgeon | Start Speed: 6 | Final Speed: 5 (ADF: 3) | MR Used: 2/2[/color]
[Peer: 440931918] [Turn 3] AI plotted movement for DD Bludgeon (Speed 6 -> 5, 5 hexes)
[Peer: 440931918] [Turn 3] Synced Orders for Bludgeon
[Peer: 440931918] [Turn 3] [color=gray]AI Thinking: Evaluating Viper (Unmoved left: 7)[/color]
[Peer: 440931918] [Turn 3] [color=gray]AI Thinking: Nearest target for Viper is Lancet[/color]
[Peer: 440931918] [Turn 3] [color=gray]AI Thinking: Viper constraints -> Speed [7, 13], MR 2[/color]
[Peer: 440931918] [Turn 3] [color=gray]AI Thinking: Explored 1197 possible paths matching speed bounds.[/color]
[Peer: 440931918] [Turn 3] [color=gray]AI Move Eval -> Ship: DD Viper | Start Speed: 10 | Final Speed: 13 (ADF: 3) | MR Used: 2/2[/color]
[Peer: 440931918] [Turn 3] AI plotted movement for DD Viper (Speed 10 -> 13, 13 hexes)
[Peer: 440931918] [Turn 3] Synced Orders for Viper
[Peer: 440931918] [Turn 3] [color=gray]AI Thinking: Evaluating Sathar Fighter A (Unmoved left: 6)[/color]
[Peer: 440931918] [Turn 3] [color=gray]AI Thinking: Nearest target for Sathar Fighter A is Lancet[/color]
[Peer: 440931918] [Turn 3] [color=gray]AI Thinking: Sathar Fighter A constraints -> Speed [5, 15], MR 5[/color]
[Peer: 440931918] [Turn 3] [color=gray]AI Thinking: Explored 2000 possible paths matching speed bounds.[/color]
[Peer: 440931918] [Turn 3] [color=gray]AI Move Eval -> Ship: F Sathar Fighter A | Start Speed: 10 | Final Speed: 12 (ADF: 5) | MR Used: 5/5[/color]
[Peer: 440931918] [Turn 3] AI plotted movement for F Sathar Fighter A (Speed 10 -> 12, 12 hexes)
[Peer: 440931918] [Turn 3] Synced Orders for Sathar Fighter A
[Peer: 440931918] [Turn 3] [color=gray]AI Thinking: Evaluating Sathar Fighter B (Unmoved left: 5)[/color]
[Peer: 440931918] [Turn 3] [color=gray]AI Thinking: Nearest target for Sathar Fighter B is Lancet[/color]
[Peer: 440931918] [Turn 3] [color=gray]AI Thinking: Sathar Fighter B constraints -> Speed [3, 13], MR 5[/color]
[Peer: 440931918] [Turn 3] [color=gray]AI Thinking: Explored 2000 possible paths matching speed bounds.[/color]
[Peer: 440931918] [Turn 3] [color=gray]AI Move Eval -> Ship: F Sathar Fighter B | Start Speed: 8 | Final Speed: 11 (ADF: 5) | MR Used: 5/5[/color]
[Peer: 440931918] [Turn 3] AI plotted movement for F Sathar Fighter B (Speed 8 -> 11, 11 hexes)
[Peer: 440931918] [Turn 3] Synced Orders for Sathar Fighter B
[Peer: 440931918] [Turn 3] [color=gray]AI Thinking: Evaluating Sathar Fighter C (Unmoved left: 4)[/color]
[Peer: 440931918] [Turn 3] [color=gray]AI Thinking: Nearest target for Sathar Fighter C is Lancet[/color]
[Peer: 440931918] [Turn 3] [color=gray]AI Thinking: Sathar Fighter C constraints -> Speed [2, 12], MR 5[/color]
[Peer: 440931918] [Turn 3] [color=gray]AI Thinking: Explored 2000 possible paths matching speed bounds.[/color]
[Peer: 440931918] [Turn 3] [color=gray]AI Move Eval -> Ship: F Sathar Fighter C | Start Speed: 7 | Final Speed: 10 (ADF: 5) | MR Used: 4/5[/color]
[Peer: 440931918] [Turn 3] AI plotted movement for F Sathar Fighter C (Speed 7 -> 10, 10 hexes)
[Peer: 440931918] [Turn 3] Synced Orders for Sathar Fighter C
[Peer: 440931918] [Turn 3] [color=gray]AI Thinking: Evaluating Sathar Fighter D (Unmoved left: 3)[/color]
[Peer: 440931918] [Turn 3] [color=gray]AI Thinking: Nearest target for Sathar Fighter D is Lancet[/color]
[Peer: 440931918] [Turn 3] [color=gray]AI Thinking: Sathar Fighter D constraints -> Speed [5, 15], MR 5[/color]
[Peer: 440931918] [Turn 3] [color=gray]AI Thinking: Explored 2000 possible paths matching speed bounds.[/color]
[Peer: 440931918] [Turn 3] [color=gray]AI Move Eval -> Ship: F Sathar Fighter D | Start Speed: 10 | Final Speed: 12 (ADF: 5) | MR Used: 5/5[/color]
[Peer: 440931918] [Turn 3] AI plotted movement for F Sathar Fighter D (Speed 10 -> 12, 12 hexes)
[Peer: 440931918] [Turn 3] Synced Orders for Sathar Fighter D
[Peer: 440931918] [Turn 3] [color=gray]AI Thinking: Evaluating Sathar Fighter E (Unmoved left: 2)[/color]
[Peer: 440931918] [Turn 3] [color=gray]AI Thinking: Nearest target for Sathar Fighter E is Fighter E[/color]
[Peer: 440931918] [Turn 3] [color=gray]AI Thinking: Sathar Fighter E constraints -> Speed [3, 13], MR 5[/color]
[Peer: 440931918] [Turn 3] [color=gray]AI Thinking: Explored 2000 possible paths matching speed bounds.[/color]
[Peer: 440931918] [Turn 3] [color=gray]AI Move Eval -> Ship: F Sathar Fighter E | Start Speed: 8 | Final Speed: 13 (ADF: 5) | MR Used: 5/5[/color]
[Peer: 440931918] [Turn 3] AI plotted movement for F Sathar Fighter E (Speed 8 -> 13, 13 hexes)
[Peer: 440931918] [Turn 3] Synced Orders for Sathar Fighter E
[Peer: 440931918] [Turn 3] [color=gray]AI Thinking: Evaluating Sathar Fighter F (Unmoved left: 1)[/color]
[Peer: 440931918] [Turn 3] [color=gray]AI Thinking: Nearest target for Sathar Fighter F is Shimmer[/color]
[Peer: 440931918] [Turn 3] [color=gray]AI Thinking: Sathar Fighter F constraints -> Speed [5, 15], MR 5[/color]
[Peer: 440931918] [Turn 3] [color=gray]AI Thinking: Explored 2000 possible paths matching speed bounds.[/color]
[Peer: 440931918] [Turn 3] [color=gray]AI Move Eval -> Ship: F Sathar Fighter F | Start Speed: 10 | Final Speed: 15 (ADF: 5) | MR Used: 5/5[/color]
[Peer: 440931918] [Turn 3] AI plotted movement for F Sathar Fighter F (Speed 10 -> 15, 15 hexes)
[Peer: 440931918] [Turn 3] Synced Orders for Sathar Fighter F
>>> DIAGNOSTIC: execute_all_movement running for side: 2 on peer: 440931918
[Peer: 440931918] [Turn 3] Executing Movement Phase for Side Sathar
[Peer: 440931918] [Turn 3] [color=yellow]EXECUTE LOOP: Checking Ship Maelstrom (Class: Assault Carrier, Mines: 0)[/color]
[Peer: 440931918] [Turn 3] [color=yellow]EXECUTE LOOP: Checking Ship Carrion (Class: Heavy Cruiser, Mines: 0)[/color]
[Peer: 440931918] [Turn 3] [color=yellow]EXECUTE LOOP: Checking Ship Deathstroke (Class: Light Cruiser, Mines: 0)[/color]
[Peer: 440931918] [Turn 3] [color=yellow]EXECUTE LOOP: Checking Ship Bludgeon (Class: Destroyer, Mines: 0)[/color]
[Peer: 440931918] [Turn 3] [color=yellow]EXECUTE LOOP: Checking Ship Viper (Class: Destroyer, Mines: 0)[/color]
[Peer: 440931918] [Turn 3] [color=yellow]EXECUTE LOOP: Checking Ship Sathar Fighter A (Class: Fighter, Mines: 0)[/color]
[Peer: 440931918] [Turn 3] [color=yellow]EXECUTE LOOP: Checking Ship Sathar Fighter B (Class: Fighter, Mines: 0)[/color]
[Peer: 440931918] [Turn 3] [color=yellow]EXECUTE LOOP: Checking Ship Sathar Fighter C (Class: Fighter, Mines: 0)[/color]
[Peer: 440931918] [Turn 3] [color=yellow]EXECUTE LOOP: Checking Ship Sathar Fighter D (Class: Fighter, Mines: 0)[/color]
[Peer: 440931918] [Turn 3] [color=yellow]EXECUTE LOOP: Checking Ship Sathar Fighter E (Class: Fighter, Mines: 0)[/color]
[Peer: 440931918] [Turn 3] [color=yellow]EXECUTE LOOP: Checking Ship Sathar Fighter F (Class: Fighter, Mines: 0)[/color]
>>> DIAGNOSTIC: Entering Mine Detonations. Active Mines: 20 on peer: 440931918
[Peer: 440931918] [Turn 3] [color=cyan]!!! DEBUG !!! Entering Mine Detonations. Active Mines: 20[/color]
[Peer: 440931918] [Turn 3] [color=cyan]  Mine at (-4.000000, 8.000000, -4.000000) (Side 1)[/color]
[Peer: 440931918] [Turn 3] [color=cyan]  Mine at (-4.000000, -4.000000, 8.000000) (Side 1)[/color]
[Peer: 440931918] [Turn 3] [color=cyan]  Mine at (-1.000000, -6.000000, 7.000000) (Side 1)[/color]
[Peer: 440931918] [Turn 3] [color=cyan]  Mine at (9.000000, -1.000000, -8.000000) (Side 1)[/color]
[Peer: 440931918] [Turn 3] [color=cyan]  Mine at (-9.000000, 0.000000, 9.000000) (Side 1)[/color]
[Peer: 440931918] [Turn 3] [color=cyan]  Mine at (-9.000000, 1.000000, 8.000000) (Side 1)[/color]
[Peer: 440931918] [Turn 3] [color=cyan]  Mine at (-8.000000, 7.000000, 1.000000) (Side 1)[/color]
[Peer: 440931918] [Turn 3] [color=cyan]  Mine at (8.000000, -9.000000, 1.000000) (Side 1)[/color]
[Peer: 440931918] [Turn 3] [color=cyan]  Mine at (6.000000, -7.000000, 1.000000) (Side 1)[/color]
[Peer: 440931918] [Turn 3] [color=cyan]  Mine at (7.000000, 0.000000, -7.000000) (Side 1)[/color]
[Peer: 440931918] [Turn 3] [color=cyan]  Mine at (-8.000000, 3.000000, 5.000000) (Side 1)[/color]
[Peer: 440931918] [Turn 3] [color=cyan]  Mine at (-7.000000, 1.000000, 6.000000) (Side 1)[/color]
[Peer: 440931918] [Turn 3] [color=cyan]  Mine at (-7.000000, 7.000000, 0.000000) (Side 1)[/color]
[Peer: 440931918] [Turn 3] [color=cyan]  Mine at (-2.000000, 9.000000, -7.000000) (Side 1)[/color]
[Peer: 440931918] [Turn 3] [color=cyan]  Mine at (0.000000, 7.000000, -7.000000) (Side 1)[/color]
[Peer: 440931918] [Turn 3] [color=cyan]  Mine at (-5.000000, 8.000000, -3.000000) (Side 1)[/color]
[Peer: 440931918] [Turn 3] [color=cyan]  Mine at (-3.000000, -6.000000, 9.000000) (Side 1)[/color]
[Peer: 440931918] [Turn 3] [color=cyan]  Mine at (-4.000000, -3.000000, 7.000000) (Side 1)[/color]
[Peer: 440931918] [Turn 3] [color=cyan]  Mine at (6.000000, -9.000000, 3.000000) (Side 1)[/color]
[Peer: 440931918] [Turn 3] [color=cyan]  Mine at (-7.000000, 4.000000, 3.000000) (Side 1)[/color]
[Peer: 440931918] [Turn 3] [color=cyan]  Checking ship Maelstrom (Side 2) at (16.000000, -20.000000, 4.000000) with path [(13, -18, 5), (14, -18, 4), (15, -19, 4), (16, -20, 4)][/color]
[Peer: 440931918] [Turn 3] [color=cyan]  Checking ship Carrion (Side 2) at (15.000000, -21.000000, 6.000000) with path [(12, -19, 7), (13, -19, 6), (14, -20, 6), (15, -21, 6)][/color]
[Peer: 440931918] [Turn 3] [color=cyan]  Checking ship Deathstroke (Side 2) at (7.000000, -24.000000, 17.000000) with path [(14, -28, 14), (13, -28, 15), (12, -28, 16), (11, -28, 17), (10, -28, 18), (9, -27, 18), (8, -26, 18), (7, -25, 18), (7, -24, 17)][/color]
[Peer: 440931918] [Turn 3] [color=cyan]  Checking ship Bludgeon (Side 2) at (2.000000, -5.000000, 3.000000) with path [(3, -9, 6), (4, -9, 5), (4, -8, 4), (4, -7, 3), (3, -6, 3), (2, -5, 3)][/color]
[Peer: 440931918] [Turn 3] [color=cyan]  Checking ship Viper (Side 2) at (8.000000, -24.000000, 16.000000) with path [(20, -26, 6), (20, -25, 5), (19, -24, 5), (18, -24, 6), (17, -24, 7), (16, -24, 8), (15, -24, 9), (14, -24, 10), (13, -24, 11), (12, -24, 12), (11, -24, 13), (10, -24, 14), (9, -24, 15), (8, -24, 16)][/color]
[Peer: 440931918] [Turn 3] [color=cyan]  Checking ship Sathar Fighter A (Side 2) at (2.000000, -20.000000, 18.000000) with path [(7, -15, 8), (6, -14, 8), (5, -14, 9), (4, -14, 10), (3, -14, 11), (2, -14, 12), (2, -15, 13), (3, -16, 13), (3, -17, 14), (3, -18, 15), (3, -19, 16), (3, -20, 17), (2, -20, 18)][/color]
[Peer: 440931918] [Turn 3] [color=cyan]  Checking ship Sathar Fighter B (Side 2) at (4.000000, -20.000000, 16.000000) with path [(9, -18, 9), (8, -18, 10), (7, -17, 10), (6, -16, 10), (5, -15, 10), (4, -15, 11), (3, -15, 12), (3, -16, 13), (3, -17, 14), (3, -18, 15), (4, -19, 15), (4, -20, 16)][/color]
[Peer: 440931918] [Turn 3] [color=cyan]  Checking ship Sathar Fighter C (Side 2) at (2.000000, -21.000000, 19.000000) with path [(5, -18, 13), (4, -17, 13), (4, -16, 12), (3, -15, 12), (2, -15, 13), (2, -16, 14), (2, -17, 15), (2, -18, 16), (2, -19, 17), (2, -20, 18), (2, -21, 19)][/color]
[Peer: 440931918] [Turn 3] [color=cyan]  Checking ship Sathar Fighter D (Side 2) at (7.000000, -21.000000, 14.000000) with path [(6, -15, 9), (5, -15, 10), (5, -16, 11), (5, -17, 12), (4, -17, 13), (3, -17, 14), (2, -17, 15), (2, -18, 16), (3, -19, 16), (4, -20, 16), (5, -21, 16), (6, -21, 15), (7, -21, 14)][/color]
[Peer: 440931918] [Turn 3] [color=cyan]  Checking ship Sathar Fighter E (Side 2) at (-3.000000, -3.000000, 6.000000) with path [(4, -10, 6), (3, -10, 7), (2, -10, 8), (1, -9, 8), (0, -8, 8), (-1, -7, 8), (-2, -6, 8), (-3, -6, 9), (-4, -6, 10), (-5, -5, 10), (-5, -4, 9), (-5, -3, 8), (-4, -3, 7), (-3, -3, 6)][/color]
[Peer: 440931918] [Turn 3] [color=cyan]  Checking ship Sathar Fighter F (Side 2) at (13.000000, -12.000000, -1.000000) with path [(22, -21, -1), (23, -21, -2), (24, -22, -2), (24, -23, -1), (23, -23, 0), (22, -22, 0), (21, -21, 0), (20, -20, 0), (19, -19, 0), (18, -18, 0), (17, -17, 0), (16, -16, 0), (15, -15, 0), (14, -14, 0), (13, -13, 0), (13, -12, -1)][/color]
[Peer: 440931918] [Turn 3] Mines check complete. Hit ships size: 0
[Peer: 440931918] [Turn 3] [color=cyan]  Checking ship Maelstrom (Side 2) at (16.000000, -20.000000, 4.000000) with path [(13, -18, 5), (14, -18, 4), (15, -19, 4), (16, -20, 4)][/color]
[Peer: 440931918] [Turn 3] [color=cyan]  Checking ship Carrion (Side 2) at (15.000000, -21.000000, 6.000000) with path [(12, -19, 7), (13, -19, 6), (14, -20, 6), (15, -21, 6)][/color]
[Peer: 440931918] [Turn 3] [color=cyan]  Checking ship Deathstroke (Side 2) at (7.000000, -24.000000, 17.000000) with path [(14, -28, 14), (13, -28, 15), (12, -28, 16), (11, -28, 17), (10, -28, 18), (9, -27, 18), (8, -26, 18), (7, -25, 18), (7, -24, 17)][/color]
[Peer: 440931918] [Turn 3] [color=cyan]  Checking ship Bludgeon (Side 2) at (2.000000, -5.000000, 3.000000) with path [(3, -9, 6), (4, -9, 5), (4, -8, 4), (4, -7, 3), (3, -6, 3), (2, -5, 3)][/color]
[Peer: 440931918] [Turn 3] [color=cyan]  Checking ship Viper (Side 2) at (8.000000, -24.000000, 16.000000) with path [(20, -26, 6), (20, -25, 5), (19, -24, 5), (18, -24, 6), (17, -24, 7), (16, -24, 8), (15, -24, 9), (14, -24, 10), (13, -24, 11), (12, -24, 12), (11, -24, 13), (10, -24, 14), (9, -24, 15), (8, -24, 16)][/color]
[Peer: 440931918] [Turn 3] [color=cyan]  Checking ship Sathar Fighter A (Side 2) at (2.000000, -20.000000, 18.000000) with path [(7, -15, 8), (6, -14, 8), (5, -14, 9), (4, -14, 10), (3, -14, 11), (2, -14, 12), (2, -15, 13), (3, -16, 13), (3, -17, 14), (3, -18, 15), (3, -19, 16), (3, -20, 17), (2, -20, 18)][/color]
[Peer: 440931918] [Turn 3] [color=cyan]  Checking ship Sathar Fighter B (Side 2) at (4.000000, -20.000000, 16.000000) with path [(9, -18, 9), (8, -18, 10), (7, -17, 10), (6, -16, 10), (5, -15, 10), (4, -15, 11), (3, -15, 12), (3, -16, 13), (3, -17, 14), (3, -18, 15), (4, -19, 15), (4, -20, 16)][/color]
[Peer: 440931918] [Turn 3] [color=cyan]  Checking ship Sathar Fighter C (Side 2) at (2.000000, -21.000000, 19.000000) with path [(5, -18, 13), (4, -17, 13), (4, -16, 12), (3, -15, 12), (2, -15, 13), (2, -16, 14), (2, -17, 15), (2, -18, 16), (2, -19, 17), (2, -20, 18), (2, -21, 19)][/color]
[Peer: 440931918] [Turn 3] [color=cyan]  Checking ship Sathar Fighter D (Side 2) at (7.000000, -21.000000, 14.000000) with path [(6, -15, 9), (5, -15, 10), (5, -16, 11), (5, -17, 12), (4, -17, 13), (3, -17, 14), (2, -17, 15), (2, -18, 16), (3, -19, 16), (4, -20, 16), (5, -21, 16), (6, -21, 15), (7, -21, 14)][/color]
[Peer: 440931918] [Turn 3] [color=cyan]  Checking ship Sathar Fighter E (Side 2) at (-3.000000, -3.000000, 6.000000) with path [(4, -10, 6), (3, -10, 7), (2, -10, 8), (1, -9, 8), (0, -8, 8), (-1, -7, 8), (-2, -6, 8), (-3, -6, 9), (-4, -6, 10), (-5, -5, 10), (-5, -4, 9), (-5, -3, 8), (-4, -3, 7), (-3, -3, 6)][/color]
[Peer: 440931918] [Turn 3] [color=cyan]  Checking ship Sathar Fighter F (Side 2) at (13.000000, -12.000000, -1.000000) with path [(22, -21, -1), (23, -21, -2), (24, -22, -2), (24, -23, -1), (23, -23, 0), (22, -22, 0), (21, -21, 0), (20, -20, 0), (19, -19, 0), (18, -18, 0), (17, -17, 0), (16, -16, 0), (15, -15, 0), (14, -14, 0), (13, -13, 0), (13, -12, -1)][/color]
[Peer: 440931918] [Turn 3] Mines check complete. Hit ships size: 0
[Peer: 440931918] [Turn 3] [color=cyan]  Checking ship Maelstrom (Side 2) at (16.000000, -20.000000, 4.000000) with path [(13, -18, 5), (14, -18, 4), (15, -19, 4), (16, -20, 4)][/color]
[Peer: 440931918] [Turn 3] [color=cyan]  Checking ship Carrion (Side 2) at (15.000000, -21.000000, 6.000000) with path [(12, -19, 7), (13, -19, 6), (14, -20, 6), (15, -21, 6)][/color]
[Peer: 440931918] [Turn 3] [color=cyan]  Checking ship Deathstroke (Side 2) at (7.000000, -24.000000, 17.000000) with path [(14, -28, 14), (13, -28, 15), (12, -28, 16), (11, -28, 17), (10, -28, 18), (9, -27, 18), (8, -26, 18), (7, -25, 18), (7, -24, 17)][/color]
[Peer: 440931918] [Turn 3] [color=cyan]  Checking ship Bludgeon (Side 2) at (2.000000, -5.000000, 3.000000) with path [(3, -9, 6), (4, -9, 5), (4, -8, 4), (4, -7, 3), (3, -6, 3), (2, -5, 3)][/color]
[Peer: 440931918] [Turn 3] [color=cyan]  Checking ship Viper (Side 2) at (8.000000, -24.000000, 16.000000) with path [(20, -26, 6), (20, -25, 5), (19, -24, 5), (18, -24, 6), (17, -24, 7), (16, -24, 8), (15, -24, 9), (14, -24, 10), (13, -24, 11), (12, -24, 12), (11, -24, 13), (10, -24, 14), (9, -24, 15), (8, -24, 16)][/color]
[Peer: 440931918] [Turn 3] [color=cyan]  Checking ship Sathar Fighter A (Side 2) at (2.000000, -20.000000, 18.000000) with path [(7, -15, 8), (6, -14, 8), (5, -14, 9), (4, -14, 10), (3, -14, 11), (2, -14, 12), (2, -15, 13), (3, -16, 13), (3, -17, 14), (3, -18, 15), (3, -19, 16), (3, -20, 17), (2, -20, 18)][/color]
[Peer: 440931918] [Turn 3] [color=cyan]  Checking ship Sathar Fighter B (Side 2) at (4.000000, -20.000000, 16.000000) with path [(9, -18, 9), (8, -18, 10), (7, -17, 10), (6, -16, 10), (5, -15, 10), (4, -15, 11), (3, -15, 12), (3, -16, 13), (3, -17, 14), (3, -18, 15), (4, -19, 15), (4, -20, 16)][/color]
[Peer: 440931918] [Turn 3] [color=cyan]  Checking ship Sathar Fighter C (Side 2) at (2.000000, -21.000000, 19.000000) with path [(5, -18, 13), (4, -17, 13), (4, -16, 12), (3, -15, 12), (2, -15, 13), (2, -16, 14), (2, -17, 15), (2, -18, 16), (2, -19, 17), (2, -20, 18), (2, -21, 19)][/color]
[Peer: 440931918] [Turn 3] [color=cyan]  Checking ship Sathar Fighter D (Side 2) at (7.000000, -21.000000, 14.000000) with path [(6, -15, 9), (5, -15, 10), (5, -16, 11), (5, -17, 12), (4, -17, 13), (3, -17, 14), (2, -17, 15), (2, -18, 16), (3, -19, 16), (4, -20, 16), (5, -21, 16), (6, -21, 15), (7, -21, 14)][/color]
[Peer: 440931918] [Turn 3] [color=cyan]  Checking ship Sathar Fighter E (Side 2) at (-3.000000, -3.000000, 6.000000) with path [(4, -10, 6), (3, -10, 7), (2, -10, 8), (1, -9, 8), (0, -8, 8), (-1, -7, 8), (-2, -6, 8), (-3, -6, 9), (-4, -6, 10), (-5, -5, 10), (-5, -4, 9), (-5, -3, 8), (-4, -3, 7), (-3, -3, 6)][/color]
[Peer: 440931918] [Turn 3] [color=cyan]  Checking ship Sathar Fighter F (Side 2) at (13.000000, -12.000000, -1.000000) with path [(22, -21, -1), (23, -21, -2), (24, -22, -2), (24, -23, -1), (23, -23, 0), (22, -22, 0), (21, -21, 0), (20, -20, 0), (19, -19, 0), (18, -18, 0), (17, -17, 0), (16, -16, 0), (15, -15, 0), (14, -14, 0), (13, -13, 0), (13, -12, -1)][/color]
[Peer: 440931918] [Turn 3] Mines check complete. Hit ships size: 0
[Peer: 440931918] [Turn 3] [color=cyan]  Checking ship Maelstrom (Side 2) at (16.000000, -20.000000, 4.000000) with path [(13, -18, 5), (14, -18, 4), (15, -19, 4), (16, -20, 4)][/color]
[Peer: 440931918] [Turn 3] [color=cyan]  Checking ship Carrion (Side 2) at (15.000000, -21.000000, 6.000000) with path [(12, -19, 7), (13, -19, 6), (14, -20, 6), (15, -21, 6)][/color]
[Peer: 440931918] [Turn 3] [color=cyan]  Checking ship Deathstroke (Side 2) at (7.000000, -24.000000, 17.000000) with path [(14, -28, 14), (13, -28, 15), (12, -28, 16), (11, -28, 17), (10, -28, 18), (9, -27, 18), (8, -26, 18), (7, -25, 18), (7, -24, 17)][/color]
[Peer: 440931918] [Turn 3] [color=cyan]  Checking ship Bludgeon (Side 2) at (2.000000, -5.000000, 3.000000) with path [(3, -9, 6), (4, -9, 5), (4, -8, 4), (4, -7, 3), (3, -6, 3), (2, -5, 3)][/color]
[Peer: 440931918] [Turn 3] [color=cyan]  Checking ship Viper (Side 2) at (8.000000, -24.000000, 16.000000) with path [(20, -26, 6), (20, -25, 5), (19, -24, 5), (18, -24, 6), (17, -24, 7), (16, -24, 8), (15, -24, 9), (14, -24, 10), (13, -24, 11), (12, -24, 12), (11, -24, 13), (10, -24, 14), (9, -24, 15), (8, -24, 16)][/color]
[Peer: 440931918] [Turn 3] [color=cyan]  Checking ship Sathar Fighter A (Side 2) at (2.000000, -20.000000, 18.000000) with path [(7, -15, 8), (6, -14, 8), (5, -14, 9), (4, -14, 10), (3, -14, 11), (2, -14, 12), (2, -15, 13), (3, -16, 13), (3, -17, 14), (3, -18, 15), (3, -19, 16), (3, -20, 17), (2, -20, 18)][/color]
[Peer: 440931918] [Turn 3] [color=cyan]  Checking ship Sathar Fighter B (Side 2) at (4.000000, -20.000000, 16.000000) with path [(9, -18, 9), (8, -18, 10), (7, -17, 10), (6, -16, 10), (5, -15, 10), (4, -15, 11), (3, -15, 12), (3, -16, 13), (3, -17, 14), (3, -18, 15), (4, -19, 15), (4, -20, 16)][/color]
[Peer: 440931918] [Turn 3] [color=cyan]  Checking ship Sathar Fighter C (Side 2) at (2.000000, -21.000000, 19.000000) with path [(5, -18, 13), (4, -17, 13), (4, -16, 12), (3, -15, 12), (2, -15, 13), (2, -16, 14), (2, -17, 15), (2, -18, 16), (2, -19, 17), (2, -20, 18), (2, -21, 19)][/color]
[Peer: 440931918] [Turn 3] [color=cyan]  Checking ship Sathar Fighter D (Side 2) at (7.000000, -21.000000, 14.000000) with path [(6, -15, 9), (5, -15, 10), (5, -16, 11), (5, -17, 12), (4, -17, 13), (3, -17, 14), (2, -17, 15), (2, -18, 16), (3, -19, 16), (4, -20, 16), (5, -21, 16), (6, -21, 15), (7, -21, 14)][/color]
[Peer: 440931918] [Turn 3] [color=cyan]  Checking ship Sathar Fighter E (Side 2) at (-3.000000, -3.000000, 6.000000) with path [(4, -10, 6), (3, -10, 7), (2, -10, 8), (1, -9, 8), (0, -8, 8), (-1, -7, 8), (-2, -6, 8), (-3, -6, 9), (-4, -6, 10), (-5, -5, 10), (-5, -4, 9), (-5, -3, 8), (-4, -3, 7), (-3, -3, 6)][/color]
[Peer: 440931918] [Turn 3] [color=cyan]  Checking ship Sathar Fighter F (Side 2) at (13.000000, -12.000000, -1.000000) with path [(22, -21, -1), (23, -21, -2), (24, -22, -2), (24, -23, -1), (23, -23, 0), (22, -22, 0), (21, -21, 0), (20, -20, 0), (19, -19, 0), (18, -18, 0), (17, -17, 0), (16, -16, 0), (15, -15, 0), (14, -14, 0), (13, -13, 0), (13, -12, -1)][/color]
[Peer: 440931918] [Turn 3] Mines check complete. Hit ships size: 0
[Peer: 440931918] [Turn 3] [color=cyan]  Checking ship Maelstrom (Side 2) at (16.000000, -20.000000, 4.000000) with path [(13, -18, 5), (14, -18, 4), (15, -19, 4), (16, -20, 4)][/color]
[Peer: 440931918] [Turn 3] [color=cyan]  Checking ship Carrion (Side 2) at (15.000000, -21.000000, 6.000000) with path [(12, -19, 7), (13, -19, 6), (14, -20, 6), (15, -21, 6)][/color]
[Peer: 440931918] [Turn 3] [color=cyan]  Checking ship Deathstroke (Side 2) at (7.000000, -24.000000, 17.000000) with path [(14, -28, 14), (13, -28, 15), (12, -28, 16), (11, -28, 17), (10, -28, 18), (9, -27, 18), (8, -26, 18), (7, -25, 18), (7, -24, 17)][/color]
[Peer: 440931918] [Turn 3] [color=cyan]  Checking ship Bludgeon (Side 2) at (2.000000, -5.000000, 3.000000) with path [(3, -9, 6), (4, -9, 5), (4, -8, 4), (4, -7, 3), (3, -6, 3), (2, -5, 3)][/color]
[Peer: 440931918] [Turn 3] [color=cyan]  Checking ship Viper (Side 2) at (8.000000, -24.000000, 16.000000) with path [(20, -26, 6), (20, -25, 5), (19, -24, 5), (18, -24, 6), (17, -24, 7), (16, -24, 8), (15, -24, 9), (14, -24, 10), (13, -24, 11), (12, -24, 12), (11, -24, 13), (10, -24, 14), (9, -24, 15), (8, -24, 16)][/color]
[Peer: 440931918] [Turn 3] [color=cyan]  Checking ship Sathar Fighter A (Side 2) at (2.000000, -20.000000, 18.000000) with path [(7, -15, 8), (6, -14, 8), (5, -14, 9), (4, -14, 10), (3, -14, 11), (2, -14, 12), (2, -15, 13), (3, -16, 13), (3, -17, 14), (3, -18, 15), (3, -19, 16), (3, -20, 17), (2, -20, 18)][/color]
[Peer: 440931918] [Turn 3] [color=cyan]  Checking ship Sathar Fighter B (Side 2) at (4.000000, -20.000000, 16.000000) with path [(9, -18, 9), (8, -18, 10), (7, -17, 10), (6, -16, 10), (5, -15, 10), (4, -15, 11), (3, -15, 12), (3, -16, 13), (3, -17, 14), (3, -18, 15), (4, -19, 15), (4, -20, 16)][/color]
[Peer: 440931918] [Turn 3] [color=cyan]  Checking ship Sathar Fighter C (Side 2) at (2.000000, -21.000000, 19.000000) with path [(5, -18, 13), (4, -17, 13), (4, -16, 12), (3, -15, 12), (2, -15, 13), (2, -16, 14), (2, -17, 15), (2, -18, 16), (2, -19, 17), (2, -20, 18), (2, -21, 19)][/color]
[Peer: 440931918] [Turn 3] [color=cyan]  Checking ship Sathar Fighter D (Side 2) at (7.000000, -21.000000, 14.000000) with path [(6, -15, 9), (5, -15, 10), (5, -16, 11), (5, -17, 12), (4, -17, 13), (3, -17, 14), (2, -17, 15), (2, -18, 16), (3, -19, 16), (4, -20, 16), (5, -21, 16), (6, -21, 15), (7, -21, 14)][/color]
[Peer: 440931918] [Turn 3] [color=cyan]  Checking ship Sathar Fighter E (Side 2) at (-3.000000, -3.000000, 6.000000) with path [(4, -10, 6), (3, -10, 7), (2, -10, 8), (1, -9, 8), (0, -8, 8), (-1, -7, 8), (-2, -6, 8), (-3, -6, 9), (-4, -6, 10), (-5, -5, 10), (-5, -4, 9), (-5, -3, 8), (-4, -3, 7), (-3, -3, 6)][/color]
[Peer: 440931918] [Turn 3] [color=cyan]  Checking ship Sathar Fighter F (Side 2) at (13.000000, -12.000000, -1.000000) with path [(22, -21, -1), (23, -21, -2), (24, -22, -2), (24, -23, -1), (23, -23, 0), (22, -22, 0), (21, -21, 0), (20, -20, 0), (19, -19, 0), (18, -18, 0), (17, -17, 0), (16, -16, 0), (15, -15, 0), (14, -14, 0), (13, -13, 0), (13, -12, -1)][/color]
[Peer: 440931918] [Turn 3] Mines check complete. Hit ships size: 0
[Peer: 440931918] [Turn 3] [color=cyan]  Checking ship Maelstrom (Side 2) at (16.000000, -20.000000, 4.000000) with path [(13, -18, 5), (14, -18, 4), (15, -19, 4), (16, -20, 4)][/color]
[Peer: 440931918] [Turn 3] [color=cyan]  Checking ship Carrion (Side 2) at (15.000000, -21.000000, 6.000000) with path [(12, -19, 7), (13, -19, 6), (14, -20, 6), (15, -21, 6)][/color]
[Peer: 440931918] [Turn 3] [color=cyan]  Checking ship Deathstroke (Side 2) at (7.000000, -24.000000, 17.000000) with path [(14, -28, 14), (13, -28, 15), (12, -28, 16), (11, -28, 17), (10, -28, 18), (9, -27, 18), (8, -26, 18), (7, -25, 18), (7, -24, 17)][/color]
[Peer: 440931918] [Turn 3] [color=cyan]  Checking ship Bludgeon (Side 2) at (2.000000, -5.000000, 3.000000) with path [(3, -9, 6), (4, -9, 5), (4, -8, 4), (4, -7, 3), (3, -6, 3), (2, -5, 3)][/color]
[Peer: 440931918] [Turn 3] [color=cyan]  Checking ship Viper (Side 2) at (8.000000, -24.000000, 16.000000) with path [(20, -26, 6), (20, -25, 5), (19, -24, 5), (18, -24, 6), (17, -24, 7), (16, -24, 8), (15, -24, 9), (14, -24, 10), (13, -24, 11), (12, -24, 12), (11, -24, 13), (10, -24, 14), (9, -24, 15), (8, -24, 16)][/color]
[Peer: 440931918] [Turn 3] [color=cyan]  Checking ship Sathar Fighter A (Side 2) at (2.000000, -20.000000, 18.000000) with path [(7, -15, 8), (6, -14, 8), (5, -14, 9), (4, -14, 10), (3, -14, 11), (2, -14, 12), (2, -15, 13), (3, -16, 13), (3, -17, 14), (3, -18, 15), (3, -19, 16), (3, -20, 17), (2, -20, 18)][/color]
[Peer: 440931918] [Turn 3] [color=cyan]  Checking ship Sathar Fighter B (Side 2) at (4.000000, -20.000000, 16.000000) with path [(9, -18, 9), (8, -18, 10), (7, -17, 10), (6, -16, 10), (5, -15, 10), (4, -15, 11), (3, -15, 12), (3, -16, 13), (3, -17, 14), (3, -18, 15), (4, -19, 15), (4, -20, 16)][/color]
[Peer: 440931918] [Turn 3] [color=cyan]  Checking ship Sathar Fighter C (Side 2) at (2.000000, -21.000000, 19.000000) with path [(5, -18, 13), (4, -17, 13), (4, -16, 12), (3, -15, 12), (2, -15, 13), (2, -16, 14), (2, -17, 15), (2, -18, 16), (2, -19, 17), (2, -20, 18), (2, -21, 19)][/color]
[Peer: 440931918] [Turn 3] [color=cyan]  Checking ship Sathar Fighter D (Side 2) at (7.000000, -21.000000, 14.000000) with path [(6, -15, 9), (5, -15, 10), (5, -16, 11), (5, -17, 12), (4, -17, 13), (3, -17, 14), (2, -17, 15), (2, -18, 16), (3, -19, 16), (4, -20, 16), (5, -21, 16), (6, -21, 15), (7, -21, 14)][/color]
[Peer: 440931918] [Turn 3] [color=cyan]  Checking ship Sathar Fighter E (Side 2) at (-3.000000, -3.000000, 6.000000) with path [(4, -10, 6), (3, -10, 7), (2, -10, 8), (1, -9, 8), (0, -8, 8), (-1, -7, 8), (-2, -6, 8), (-3, -6, 9), (-4, -6, 10), (-5, -5, 10), (-5, -4, 9), (-5, -3, 8), (-4, -3, 7), (-3, -3, 6)][/color]
[Peer: 440931918] [Turn 3] [color=cyan]  Checking ship Sathar Fighter F (Side 2) at (13.000000, -12.000000, -1.000000) with path [(22, -21, -1), (23, -21, -2), (24, -22, -2), (24, -23, -1), (23, -23, 0), (22, -22, 0), (21, -21, 0), (20, -20, 0), (19, -19, 0), (18, -18, 0), (17, -17, 0), (16, -16, 0), (15, -15, 0), (14, -14, 0), (13, -13, 0), (13, -12, -1)][/color]
[Peer: 440931918] [Turn 3] Mines check complete. Hit ships size: 0
[Peer: 440931918] [Turn 3] [color=cyan]  Checking ship Maelstrom (Side 2) at (16.000000, -20.000000, 4.000000) with path [(13, -18, 5), (14, -18, 4), (15, -19, 4), (16, -20, 4)][/color]
[Peer: 440931918] [Turn 3] [color=cyan]  Checking ship Carrion (Side 2) at (15.000000, -21.000000, 6.000000) with path [(12, -19, 7), (13, -19, 6), (14, -20, 6), (15, -21, 6)][/color]
[Peer: 440931918] [Turn 3] [color=cyan]  Checking ship Deathstroke (Side 2) at (7.000000, -24.000000, 17.000000) with path [(14, -28, 14), (13, -28, 15), (12, -28, 16), (11, -28, 17), (10, -28, 18), (9, -27, 18), (8, -26, 18), (7, -25, 18), (7, -24, 17)][/color]
[Peer: 440931918] [Turn 3] [color=cyan]  Checking ship Bludgeon (Side 2) at (2.000000, -5.000000, 3.000000) with path [(3, -9, 6), (4, -9, 5), (4, -8, 4), (4, -7, 3), (3, -6, 3), (2, -5, 3)][/color]
[Peer: 440931918] [Turn 3] [color=cyan]  Checking ship Viper (Side 2) at (8.000000, -24.000000, 16.000000) with path [(20, -26, 6), (20, -25, 5), (19, -24, 5), (18, -24, 6), (17, -24, 7), (16, -24, 8), (15, -24, 9), (14, -24, 10), (13, -24, 11), (12, -24, 12), (11, -24, 13), (10, -24, 14), (9, -24, 15), (8, -24, 16)][/color]
[Peer: 440931918] [Turn 3] [color=cyan]  Checking ship Sathar Fighter A (Side 2) at (2.000000, -20.000000, 18.000000) with path [(7, -15, 8), (6, -14, 8), (5, -14, 9), (4, -14, 10), (3, -14, 11), (2, -14, 12), (2, -15, 13), (3, -16, 13), (3, -17, 14), (3, -18, 15), (3, -19, 16), (3, -20, 17), (2, -20, 18)][/color]
[Peer: 440931918] [Turn 3] [color=cyan]  Checking ship Sathar Fighter B (Side 2) at (4.000000, -20.000000, 16.000000) with path [(9, -18, 9), (8, -18, 10), (7, -17, 10), (6, -16, 10), (5, -15, 10), (4, -15, 11), (3, -15, 12), (3, -16, 13), (3, -17, 14), (3, -18, 15), (4, -19, 15), (4, -20, 16)][/color]
[Peer: 440931918] [Turn 3] [color=cyan]  Checking ship Sathar Fighter C (Side 2) at (2.000000, -21.000000, 19.000000) with path [(5, -18, 13), (4, -17, 13), (4, -16, 12), (3, -15, 12), (2, -15, 13), (2, -16, 14), (2, -17, 15), (2, -18, 16), (2, -19, 17), (2, -20, 18), (2, -21, 19)][/color]
[Peer: 440931918] [Turn 3] [color=cyan]  Checking ship Sathar Fighter D (Side 2) at (7.000000, -21.000000, 14.000000) with path [(6, -15, 9), (5, -15, 10), (5, -16, 11), (5, -17, 12), (4, -17, 13), (3, -17, 14), (2, -17, 15), (2, -18, 16), (3, -19, 16), (4, -20, 16), (5, -21, 16), (6, -21, 15), (7, -21, 14)][/color]
[Peer: 440931918] [Turn 3] [color=cyan]  Checking ship Sathar Fighter E (Side 2) at (-3.000000, -3.000000, 6.000000) with path [(4, -10, 6), (3, -10, 7), (2, -10, 8), (1, -9, 8), (0, -8, 8), (-1, -7, 8), (-2, -6, 8), (-3, -6, 9), (-4, -6, 10), (-5, -5, 10), (-5, -4, 9), (-5, -3, 8), (-4, -3, 7), (-3, -3, 6)][/color]
[Peer: 440931918] [Turn 3] [color=cyan]  Checking ship Sathar Fighter F (Side 2) at (13.000000, -12.000000, -1.000000) with path [(22, -21, -1), (23, -21, -2), (24, -22, -2), (24, -23, -1), (23, -23, 0), (22, -22, 0), (21, -21, 0), (20, -20, 0), (19, -19, 0), (18, -18, 0), (17, -17, 0), (16, -16, 0), (15, -15, 0), (14, -14, 0), (13, -13, 0), (13, -12, -1)][/color]
[Peer: 440931918] [Turn 3] Mines check complete. Hit ships size: 0
[Peer: 440931918] [Turn 3] [color=cyan]  Checking ship Maelstrom (Side 2) at (16.000000, -20.000000, 4.000000) with path [(13, -18, 5), (14, -18, 4), (15, -19, 4), (16, -20, 4)][/color]
[Peer: 440931918] [Turn 3] [color=cyan]  Checking ship Carrion (Side 2) at (15.000000, -21.000000, 6.000000) with path [(12, -19, 7), (13, -19, 6), (14, -20, 6), (15, -21, 6)][/color]
[Peer: 440931918] [Turn 3] [color=cyan]  Checking ship Deathstroke (Side 2) at (7.000000, -24.000000, 17.000000) with path [(14, -28, 14), (13, -28, 15), (12, -28, 16), (11, -28, 17), (10, -28, 18), (9, -27, 18), (8, -26, 18), (7, -25, 18), (7, -24, 17)][/color]
[Peer: 440931918] [Turn 3] [color=cyan]  Checking ship Bludgeon (Side 2) at (2.000000, -5.000000, 3.000000) with path [(3, -9, 6), (4, -9, 5), (4, -8, 4), (4, -7, 3), (3, -6, 3), (2, -5, 3)][/color]
[Peer: 440931918] [Turn 3] [color=cyan]  Checking ship Viper (Side 2) at (8.000000, -24.000000, 16.000000) with path [(20, -26, 6), (20, -25, 5), (19, -24, 5), (18, -24, 6), (17, -24, 7), (16, -24, 8), (15, -24, 9), (14, -24, 10), (13, -24, 11), (12, -24, 12), (11, -24, 13), (10, -24, 14), (9, -24, 15), (8, -24, 16)][/color]
[Peer: 440931918] [Turn 3] [color=cyan]  Checking ship Sathar Fighter A (Side 2) at (2.000000, -20.000000, 18.000000) with path [(7, -15, 8), (6, -14, 8), (5, -14, 9), (4, -14, 10), (3, -14, 11), (2, -14, 12), (2, -15, 13), (3, -16, 13), (3, -17, 14), (3, -18, 15), (3, -19, 16), (3, -20, 17), (2, -20, 18)][/color]
[Peer: 440931918] [Turn 3] [color=cyan]  Checking ship Sathar Fighter B (Side 2) at (4.000000, -20.000000, 16.000000) with path [(9, -18, 9), (8, -18, 10), (7, -17, 10), (6, -16, 10), (5, -15, 10), (4, -15, 11), (3, -15, 12), (3, -16, 13), (3, -17, 14), (3, -18, 15), (4, -19, 15), (4, -20, 16)][/color]
[Peer: 440931918] [Turn 3] [color=cyan]  Checking ship Sathar Fighter C (Side 2) at (2.000000, -21.000000, 19.000000) with path [(5, -18, 13), (4, -17, 13), (4, -16, 12), (3, -15, 12), (2, -15, 13), (2, -16, 14), (2, -17, 15), (2, -18, 16), (2, -19, 17), (2, -20, 18), (2, -21, 19)][/color]
[Peer: 440931918] [Turn 3] [color=cyan]  Checking ship Sathar Fighter D (Side 2) at (7.000000, -21.000000, 14.000000) with path [(6, -15, 9), (5, -15, 10), (5, -16, 11), (5, -17, 12), (4, -17, 13), (3, -17, 14), (2, -17, 15), (2, -18, 16), (3, -19, 16), (4, -20, 16), (5, -21, 16), (6, -21, 15), (7, -21, 14)][/color]
[Peer: 440931918] [Turn 3] [color=cyan]  Checking ship Sathar Fighter E (Side 2) at (-3.000000, -3.000000, 6.000000) with path [(4, -10, 6), (3, -10, 7), (2, -10, 8), (1, -9, 8), (0, -8, 8), (-1, -7, 8), (-2, -6, 8), (-3, -6, 9), (-4, -6, 10), (-5, -5, 10), (-5, -4, 9), (-5, -3, 8), (-4, -3, 7), (-3, -3, 6)][/color]
[Peer: 440931918] [Turn 3] [color=cyan]  Checking ship Sathar Fighter F (Side 2) at (13.000000, -12.000000, -1.000000) with path [(22, -21, -1), (23, -21, -2), (24, -22, -2), (24, -23, -1), (23, -23, 0), (22, -22, 0), (21, -21, 0), (20, -20, 0), (19, -19, 0), (18, -18, 0), (17, -17, 0), (16, -16, 0), (15, -15, 0), (14, -14, 0), (13, -13, 0), (13, -12, -1)][/color]
[Peer: 440931918] [Turn 3] Mines check complete. Hit ships size: 0
[Peer: 440931918] [Turn 3] [color=cyan]  Checking ship Maelstrom (Side 2) at (16.000000, -20.000000, 4.000000) with path [(13, -18, 5), (14, -18, 4), (15, -19, 4), (16, -20, 4)][/color]
[Peer: 440931918] [Turn 3] [color=cyan]  Checking ship Carrion (Side 2) at (15.000000, -21.000000, 6.000000) with path [(12, -19, 7), (13, -19, 6), (14, -20, 6), (15, -21, 6)][/color]
[Peer: 440931918] [Turn 3] [color=cyan]  Checking ship Deathstroke (Side 2) at (7.000000, -24.000000, 17.000000) with path [(14, -28, 14), (13, -28, 15), (12, -28, 16), (11, -28, 17), (10, -28, 18), (9, -27, 18), (8, -26, 18), (7, -25, 18), (7, -24, 17)][/color]
[Peer: 440931918] [Turn 3] [color=cyan]  Checking ship Bludgeon (Side 2) at (2.000000, -5.000000, 3.000000) with path [(3, -9, 6), (4, -9, 5), (4, -8, 4), (4, -7, 3), (3, -6, 3), (2, -5, 3)][/color]
[Peer: 440931918] [Turn 3] [color=cyan]  Checking ship Viper (Side 2) at (8.000000, -24.000000, 16.000000) with path [(20, -26, 6), (20, -25, 5), (19, -24, 5), (18, -24, 6), (17, -24, 7), (16, -24, 8), (15, -24, 9), (14, -24, 10), (13, -24, 11), (12, -24, 12), (11, -24, 13), (10, -24, 14), (9, -24, 15), (8, -24, 16)][/color]
[Peer: 440931918] [Turn 3] [color=cyan]  Checking ship Sathar Fighter A (Side 2) at (2.000000, -20.000000, 18.000000) with path [(7, -15, 8), (6, -14, 8), (5, -14, 9), (4, -14, 10), (3, -14, 11), (2, -14, 12), (2, -15, 13), (3, -16, 13), (3, -17, 14), (3, -18, 15), (3, -19, 16), (3, -20, 17), (2, -20, 18)][/color]
[Peer: 440931918] [Turn 3] [color=cyan]  Checking ship Sathar Fighter B (Side 2) at (4.000000, -20.000000, 16.000000) with path [(9, -18, 9), (8, -18, 10), (7, -17, 10), (6, -16, 10), (5, -15, 10), (4, -15, 11), (3, -15, 12), (3, -16, 13), (3, -17, 14), (3, -18, 15), (4, -19, 15), (4, -20, 16)][/color]
[Peer: 440931918] [Turn 3] [color=cyan]  Checking ship Sathar Fighter C (Side 2) at (2.000000, -21.000000, 19.000000) with path [(5, -18, 13), (4, -17, 13), (4, -16, 12), (3, -15, 12), (2, -15, 13), (2, -16, 14), (2, -17, 15), (2, -18, 16), (2, -19, 17), (2, -20, 18), (2, -21, 19)][/color]
[Peer: 440931918] [Turn 3] [color=cyan]  Checking ship Sathar Fighter D (Side 2) at (7.000000, -21.000000, 14.000000) with path [(6, -15, 9), (5, -15, 10), (5, -16, 11), (5, -17, 12), (4, -17, 13), (3, -17, 14), (2, -17, 15), (2, -18, 16), (3, -19, 16), (4, -20, 16), (5, -21, 16), (6, -21, 15), (7, -21, 14)][/color]
[Peer: 440931918] [Turn 3] [color=cyan]  Checking ship Sathar Fighter E (Side 2) at (-3.000000, -3.000000, 6.000000) with path [(4, -10, 6), (3, -10, 7), (2, -10, 8), (1, -9, 8), (0, -8, 8), (-1, -7, 8), (-2, -6, 8), (-3, -6, 9), (-4, -6, 10), (-5, -5, 10), (-5, -4, 9), (-5, -3, 8), (-4, -3, 7), (-3, -3, 6)][/color]
[Peer: 440931918] [Turn 3] [color=cyan]  Checking ship Sathar Fighter F (Side 2) at (13.000000, -12.000000, -1.000000) with path [(22, -21, -1), (23, -21, -2), (24, -22, -2), (24, -23, -1), (23, -23, 0), (22, -22, 0), (21, -21, 0), (20, -20, 0), (19, -19, 0), (18, -18, 0), (17, -17, 0), (16, -16, 0), (15, -15, 0), (14, -14, 0), (13, -13, 0), (13, -12, -1)][/color]
[Peer: 440931918] [Turn 3] Mines check complete. Hit ships size: 0
[Peer: 440931918] [Turn 3] [color=cyan]  Checking ship Maelstrom (Side 2) at (16.000000, -20.000000, 4.000000) with path [(13, -18, 5), (14, -18, 4), (15, -19, 4), (16, -20, 4)][/color]
[Peer: 440931918] [Turn 3] [color=cyan]  Checking ship Carrion (Side 2) at (15.000000, -21.000000, 6.000000) with path [(12, -19, 7), (13, -19, 6), (14, -20, 6), (15, -21, 6)][/color]
[Peer: 440931918] [Turn 3] [color=cyan]  Checking ship Deathstroke (Side 2) at (7.000000, -24.000000, 17.000000) with path [(14, -28, 14), (13, -28, 15), (12, -28, 16), (11, -28, 17), (10, -28, 18), (9, -27, 18), (8, -26, 18), (7, -25, 18), (7, -24, 17)][/color]
[Peer: 440931918] [Turn 3] [color=cyan]  Checking ship Bludgeon (Side 2) at (2.000000, -5.000000, 3.000000) with path [(3, -9, 6), (4, -9, 5), (4, -8, 4), (4, -7, 3), (3, -6, 3), (2, -5, 3)][/color]
[Peer: 440931918] [Turn 3] [color=cyan]  Checking ship Viper (Side 2) at (8.000000, -24.000000, 16.000000) with path [(20, -26, 6), (20, -25, 5), (19, -24, 5), (18, -24, 6), (17, -24, 7), (16, -24, 8), (15, -24, 9), (14, -24, 10), (13, -24, 11), (12, -24, 12), (11, -24, 13), (10, -24, 14), (9, -24, 15), (8, -24, 16)][/color]
[Peer: 440931918] [Turn 3] [color=cyan]  Checking ship Sathar Fighter A (Side 2) at (2.000000, -20.000000, 18.000000) with path [(7, -15, 8), (6, -14, 8), (5, -14, 9), (4, -14, 10), (3, -14, 11), (2, -14, 12), (2, -15, 13), (3, -16, 13), (3, -17, 14), (3, -18, 15), (3, -19, 16), (3, -20, 17), (2, -20, 18)][/color]
[Peer: 440931918] [Turn 3] [color=cyan]  Checking ship Sathar Fighter B (Side 2) at (4.000000, -20.000000, 16.000000) with path [(9, -18, 9), (8, -18, 10), (7, -17, 10), (6, -16, 10), (5, -15, 10), (4, -15, 11), (3, -15, 12), (3, -16, 13), (3, -17, 14), (3, -18, 15), (4, -19, 15), (4, -20, 16)][/color]
[Peer: 440931918] [Turn 3] [color=cyan]  Checking ship Sathar Fighter C (Side 2) at (2.000000, -21.000000, 19.000000) with path [(5, -18, 13), (4, -17, 13), (4, -16, 12), (3, -15, 12), (2, -15, 13), (2, -16, 14), (2, -17, 15), (2, -18, 16), (2, -19, 17), (2, -20, 18), (2, -21, 19)][/color]
[Peer: 440931918] [Turn 3] [color=cyan]  Checking ship Sathar Fighter D (Side 2) at (7.000000, -21.000000, 14.000000) with path [(6, -15, 9), (5, -15, 10), (5, -16, 11), (5, -17, 12), (4, -17, 13), (3, -17, 14), (2, -17, 15), (2, -18, 16), (3, -19, 16), (4, -20, 16), (5, -21, 16), (6, -21, 15), (7, -21, 14)][/color]
[Peer: 440931918] [Turn 3] [color=cyan]  Checking ship Sathar Fighter E (Side 2) at (-3.000000, -3.000000, 6.000000) with path [(4, -10, 6), (3, -10, 7), (2, -10, 8), (1, -9, 8), (0, -8, 8), (-1, -7, 8), (-2, -6, 8), (-3, -6, 9), (-4, -6, 10), (-5, -5, 10), (-5, -4, 9), (-5, -3, 8), (-4, -3, 7), (-3, -3, 6)][/color]
[Peer: 440931918] [Turn 3] [color=cyan]  Checking ship Sathar Fighter F (Side 2) at (13.000000, -12.000000, -1.000000) with path [(22, -21, -1), (23, -21, -2), (24, -22, -2), (24, -23, -1), (23, -23, 0), (22, -22, 0), (21, -21, 0), (20, -20, 0), (19, -19, 0), (18, -18, 0), (17, -17, 0), (16, -16, 0), (15, -15, 0), (14, -14, 0), (13, -13, 0), (13, -12, -1)][/color]
[Peer: 440931918] [Turn 3] Mines check complete. Hit ships size: 0
[Peer: 440931918] [Turn 3] [color=cyan]  Checking ship Maelstrom (Side 2) at (16.000000, -20.000000, 4.000000) with path [(13, -18, 5), (14, -18, 4), (15, -19, 4), (16, -20, 4)][/color]
[Peer: 440931918] [Turn 3] [color=cyan]  Checking ship Carrion (Side 2) at (15.000000, -21.000000, 6.000000) with path [(12, -19, 7), (13, -19, 6), (14, -20, 6), (15, -21, 6)][/color]
[Peer: 440931918] [Turn 3] [color=cyan]  Checking ship Deathstroke (Side 2) at (7.000000, -24.000000, 17.000000) with path [(14, -28, 14), (13, -28, 15), (12, -28, 16), (11, -28, 17), (10, -28, 18), (9, -27, 18), (8, -26, 18), (7, -25, 18), (7, -24, 17)][/color]
[Peer: 440931918] [Turn 3] [color=cyan]  Checking ship Bludgeon (Side 2) at (2.000000, -5.000000, 3.000000) with path [(3, -9, 6), (4, -9, 5), (4, -8, 4), (4, -7, 3), (3, -6, 3), (2, -5, 3)][/color]
[Peer: 440931918] [Turn 3] [color=cyan]  Checking ship Viper (Side 2) at (8.000000, -24.000000, 16.000000) with path [(20, -26, 6), (20, -25, 5), (19, -24, 5), (18, -24, 6), (17, -24, 7), (16, -24, 8), (15, -24, 9), (14, -24, 10), (13, -24, 11), (12, -24, 12), (11, -24, 13), (10, -24, 14), (9, -24, 15), (8, -24, 16)][/color]
[Peer: 440931918] [Turn 3] [color=cyan]  Checking ship Sathar Fighter A (Side 2) at (2.000000, -20.000000, 18.000000) with path [(7, -15, 8), (6, -14, 8), (5, -14, 9), (4, -14, 10), (3, -14, 11), (2, -14, 12), (2, -15, 13), (3, -16, 13), (3, -17, 14), (3, -18, 15), (3, -19, 16), (3, -20, 17), (2, -20, 18)][/color]
[Peer: 440931918] [Turn 3] [color=cyan]  Checking ship Sathar Fighter B (Side 2) at (4.000000, -20.000000, 16.000000) with path [(9, -18, 9), (8, -18, 10), (7, -17, 10), (6, -16, 10), (5, -15, 10), (4, -15, 11), (3, -15, 12), (3, -16, 13), (3, -17, 14), (3, -18, 15), (4, -19, 15), (4, -20, 16)][/color]
[Peer: 440931918] [Turn 3] [color=cyan]  Checking ship Sathar Fighter C (Side 2) at (2.000000, -21.000000, 19.000000) with path [(5, -18, 13), (4, -17, 13), (4, -16, 12), (3, -15, 12), (2, -15, 13), (2, -16, 14), (2, -17, 15), (2, -18, 16), (2, -19, 17), (2, -20, 18), (2, -21, 19)][/color]
[Peer: 440931918] [Turn 3] [color=cyan]  Checking ship Sathar Fighter D (Side 2) at (7.000000, -21.000000, 14.000000) with path [(6, -15, 9), (5, -15, 10), (5, -16, 11), (5, -17, 12), (4, -17, 13), (3, -17, 14), (2, -17, 15), (2, -18, 16), (3, -19, 16), (4, -20, 16), (5, -21, 16), (6, -21, 15), (7, -21, 14)][/color]
[Peer: 440931918] [Turn 3] [color=cyan]  Checking ship Sathar Fighter E (Side 2) at (-3.000000, -3.000000, 6.000000) with path [(4, -10, 6), (3, -10, 7), (2, -10, 8), (1, -9, 8), (0, -8, 8), (-1, -7, 8), (-2, -6, 8), (-3, -6, 9), (-4, -6, 10), (-5, -5, 10), (-5, -4, 9), (-5, -3, 8), (-4, -3, 7), (-3, -3, 6)][/color]
[Peer: 440931918] [Turn 3] [color=cyan]  Checking ship Sathar Fighter F (Side 2) at (13.000000, -12.000000, -1.000000) with path [(22, -21, -1), (23, -21, -2), (24, -22, -2), (24, -23, -1), (23, -23, 0), (22, -22, 0), (21, -21, 0), (20, -20, 0), (19, -19, 0), (18, -18, 0), (17, -17, 0), (16, -16, 0), (15, -15, 0), (14, -14, 0), (13, -13, 0), (13, -12, -1)][/color]
[Peer: 440931918] [Turn 3] Mines check complete. Hit ships size: 0
[Peer: 440931918] [Turn 3] [color=cyan]  Checking ship Maelstrom (Side 2) at (16.000000, -20.000000, 4.000000) with path [(13, -18, 5), (14, -18, 4), (15, -19, 4), (16, -20, 4)][/color]
[Peer: 440931918] [Turn 3] [color=cyan]  Checking ship Carrion (Side 2) at (15.000000, -21.000000, 6.000000) with path [(12, -19, 7), (13, -19, 6), (14, -20, 6), (15, -21, 6)][/color]
[Peer: 440931918] [Turn 3] [color=cyan]  Checking ship Deathstroke (Side 2) at (7.000000, -24.000000, 17.000000) with path [(14, -28, 14), (13, -28, 15), (12, -28, 16), (11, -28, 17), (10, -28, 18), (9, -27, 18), (8, -26, 18), (7, -25, 18), (7, -24, 17)][/color]
[Peer: 440931918] [Turn 3] [color=cyan]  Checking ship Bludgeon (Side 2) at (2.000000, -5.000000, 3.000000) with path [(3, -9, 6), (4, -9, 5), (4, -8, 4), (4, -7, 3), (3, -6, 3), (2, -5, 3)][/color]
[Peer: 440931918] [Turn 3] [color=cyan]  Checking ship Viper (Side 2) at (8.000000, -24.000000, 16.000000) with path [(20, -26, 6), (20, -25, 5), (19, -24, 5), (18, -24, 6), (17, -24, 7), (16, -24, 8), (15, -24, 9), (14, -24, 10), (13, -24, 11), (12, -24, 12), (11, -24, 13), (10, -24, 14), (9, -24, 15), (8, -24, 16)][/color]
[Peer: 440931918] [Turn 3] [color=cyan]  Checking ship Sathar Fighter A (Side 2) at (2.000000, -20.000000, 18.000000) with path [(7, -15, 8), (6, -14, 8), (5, -14, 9), (4, -14, 10), (3, -14, 11), (2, -14, 12), (2, -15, 13), (3, -16, 13), (3, -17, 14), (3, -18, 15), (3, -19, 16), (3, -20, 17), (2, -20, 18)][/color]
[Peer: 440931918] [Turn 3] [color=cyan]  Checking ship Sathar Fighter B (Side 2) at (4.000000, -20.000000, 16.000000) with path [(9, -18, 9), (8, -18, 10), (7, -17, 10), (6, -16, 10), (5, -15, 10), (4, -15, 11), (3, -15, 12), (3, -16, 13), (3, -17, 14), (3, -18, 15), (4, -19, 15), (4, -20, 16)][/color]
[Peer: 440931918] [Turn 3] [color=cyan]  Checking ship Sathar Fighter C (Side 2) at (2.000000, -21.000000, 19.000000) with path [(5, -18, 13), (4, -17, 13), (4, -16, 12), (3, -15, 12), (2, -15, 13), (2, -16, 14), (2, -17, 15), (2, -18, 16), (2, -19, 17), (2, -20, 18), (2, -21, 19)][/color]
[Peer: 440931918] [Turn 3] [color=cyan]  Checking ship Sathar Fighter D (Side 2) at (7.000000, -21.000000, 14.000000) with path [(6, -15, 9), (5, -15, 10), (5, -16, 11), (5, -17, 12), (4, -17, 13), (3, -17, 14), (2, -17, 15), (2, -18, 16), (3, -19, 16), (4, -20, 16), (5, -21, 16), (6, -21, 15), (7, -21, 14)][/color]
[Peer: 440931918] [Turn 3] [color=cyan]  Checking ship Sathar Fighter E (Side 2) at (-3.000000, -3.000000, 6.000000) with path [(4, -10, 6), (3, -10, 7), (2, -10, 8), (1, -9, 8), (0, -8, 8), (-1, -7, 8), (-2, -6, 8), (-3, -6, 9), (-4, -6, 10), (-5, -5, 10), (-5, -4, 9), (-5, -3, 8), (-4, -3, 7), (-3, -3, 6)][/color]
[Peer: 440931918] [Turn 3] [color=cyan]  Checking ship Sathar Fighter F (Side 2) at (13.000000, -12.000000, -1.000000) with path [(22, -21, -1), (23, -21, -2), (24, -22, -2), (24, -23, -1), (23, -23, 0), (22, -22, 0), (21, -21, 0), (20, -20, 0), (19, -19, 0), (18, -18, 0), (17, -17, 0), (16, -16, 0), (15, -15, 0), (14, -14, 0), (13, -13, 0), (13, -12, -1)][/color]
[Peer: 440931918] [Turn 3] Mines check complete. Hit ships size: 0
[Peer: 440931918] [Turn 3] [color=cyan]  Checking ship Maelstrom (Side 2) at (16.000000, -20.000000, 4.000000) with path [(13, -18, 5), (14, -18, 4), (15, -19, 4), (16, -20, 4)][/color]
[Peer: 440931918] [Turn 3] [color=cyan]  Checking ship Carrion (Side 2) at (15.000000, -21.000000, 6.000000) with path [(12, -19, 7), (13, -19, 6), (14, -20, 6), (15, -21, 6)][/color]
[Peer: 440931918] [Turn 3] [color=cyan]  Checking ship Deathstroke (Side 2) at (7.000000, -24.000000, 17.000000) with path [(14, -28, 14), (13, -28, 15), (12, -28, 16), (11, -28, 17), (10, -28, 18), (9, -27, 18), (8, -26, 18), (7, -25, 18), (7, -24, 17)][/color]
[Peer: 440931918] [Turn 3] [color=cyan]  Checking ship Bludgeon (Side 2) at (2.000000, -5.000000, 3.000000) with path [(3, -9, 6), (4, -9, 5), (4, -8, 4), (4, -7, 3), (3, -6, 3), (2, -5, 3)][/color]
[Peer: 440931918] [Turn 3] [color=cyan]  Checking ship Viper (Side 2) at (8.000000, -24.000000, 16.000000) with path [(20, -26, 6), (20, -25, 5), (19, -24, 5), (18, -24, 6), (17, -24, 7), (16, -24, 8), (15, -24, 9), (14, -24, 10), (13, -24, 11), (12, -24, 12), (11, -24, 13), (10, -24, 14), (9, -24, 15), (8, -24, 16)][/color]
[Peer: 440931918] [Turn 3] [color=cyan]  Checking ship Sathar Fighter A (Side 2) at (2.000000, -20.000000, 18.000000) with path [(7, -15, 8), (6, -14, 8), (5, -14, 9), (4, -14, 10), (3, -14, 11), (2, -14, 12), (2, -15, 13), (3, -16, 13), (3, -17, 14), (3, -18, 15), (3, -19, 16), (3, -20, 17), (2, -20, 18)][/color]
[Peer: 440931918] [Turn 3] [color=cyan]  Checking ship Sathar Fighter B (Side 2) at (4.000000, -20.000000, 16.000000) with path [(9, -18, 9), (8, -18, 10), (7, -17, 10), (6, -16, 10), (5, -15, 10), (4, -15, 11), (3, -15, 12), (3, -16, 13), (3, -17, 14), (3, -18, 15), (4, -19, 15), (4, -20, 16)][/color]
[Peer: 440931918] [Turn 3] [color=cyan]  Checking ship Sathar Fighter C (Side 2) at (2.000000, -21.000000, 19.000000) with path [(5, -18, 13), (4, -17, 13), (4, -16, 12), (3, -15, 12), (2, -15, 13), (2, -16, 14), (2, -17, 15), (2, -18, 16), (2, -19, 17), (2, -20, 18), (2, -21, 19)][/color]
[Peer: 440931918] [Turn 3] [color=cyan]  Checking ship Sathar Fighter D (Side 2) at (7.000000, -21.000000, 14.000000) with path [(6, -15, 9), (5, -15, 10), (5, -16, 11), (5, -17, 12), (4, -17, 13), (3, -17, 14), (2, -17, 15), (2, -18, 16), (3, -19, 16), (4, -20, 16), (5, -21, 16), (6, -21, 15), (7, -21, 14)][/color]
[Peer: 440931918] [Turn 3] [color=cyan]  Checking ship Sathar Fighter E (Side 2) at (-3.000000, -3.000000, 6.000000) with path [(4, -10, 6), (3, -10, 7), (2, -10, 8), (1, -9, 8), (0, -8, 8), (-1, -7, 8), (-2, -6, 8), (-3, -6, 9), (-4, -6, 10), (-5, -5, 10), (-5, -4, 9), (-5, -3, 8), (-4, -3, 7), (-3, -3, 6)][/color]
[Peer: 440931918] [Turn 3] [color=cyan]  Checking ship Sathar Fighter F (Side 2) at (13.000000, -12.000000, -1.000000) with path [(22, -21, -1), (23, -21, -2), (24, -22, -2), (24, -23, -1), (23, -23, 0), (22, -22, 0), (21, -21, 0), (20, -20, 0), (19, -19, 0), (18, -18, 0), (17, -17, 0), (16, -16, 0), (15, -15, 0), (14, -14, 0), (13, -13, 0), (13, -12, -1)][/color]
[Peer: 440931918] [Turn 3] Mines check complete. Hit ships size: 0
[Peer: 440931918] [Turn 3] [color=cyan]  Checking ship Maelstrom (Side 2) at (16.000000, -20.000000, 4.000000) with path [(13, -18, 5), (14, -18, 4), (15, -19, 4), (16, -20, 4)][/color]
[Peer: 440931918] [Turn 3] [color=cyan]  Checking ship Carrion (Side 2) at (15.000000, -21.000000, 6.000000) with path [(12, -19, 7), (13, -19, 6), (14, -20, 6), (15, -21, 6)][/color]
[Peer: 440931918] [Turn 3] [color=cyan]  Checking ship Deathstroke (Side 2) at (7.000000, -24.000000, 17.000000) with path [(14, -28, 14), (13, -28, 15), (12, -28, 16), (11, -28, 17), (10, -28, 18), (9, -27, 18), (8, -26, 18), (7, -25, 18), (7, -24, 17)][/color]
[Peer: 440931918] [Turn 3] [color=cyan]  Checking ship Bludgeon (Side 2) at (2.000000, -5.000000, 3.000000) with path [(3, -9, 6), (4, -9, 5), (4, -8, 4), (4, -7, 3), (3, -6, 3), (2, -5, 3)][/color]
[Peer: 440931918] [Turn 3] [color=cyan]  Checking ship Viper (Side 2) at (8.000000, -24.000000, 16.000000) with path [(20, -26, 6), (20, -25, 5), (19, -24, 5), (18, -24, 6), (17, -24, 7), (16, -24, 8), (15, -24, 9), (14, -24, 10), (13, -24, 11), (12, -24, 12), (11, -24, 13), (10, -24, 14), (9, -24, 15), (8, -24, 16)][/color]
[Peer: 440931918] [Turn 3] [color=cyan]  Checking ship Sathar Fighter A (Side 2) at (2.000000, -20.000000, 18.000000) with path [(7, -15, 8), (6, -14, 8), (5, -14, 9), (4, -14, 10), (3, -14, 11), (2, -14, 12), (2, -15, 13), (3, -16, 13), (3, -17, 14), (3, -18, 15), (3, -19, 16), (3, -20, 17), (2, -20, 18)][/color]
[Peer: 440931918] [Turn 3] [color=cyan]  Checking ship Sathar Fighter B (Side 2) at (4.000000, -20.000000, 16.000000) with path [(9, -18, 9), (8, -18, 10), (7, -17, 10), (6, -16, 10), (5, -15, 10), (4, -15, 11), (3, -15, 12), (3, -16, 13), (3, -17, 14), (3, -18, 15), (4, -19, 15), (4, -20, 16)][/color]
[Peer: 440931918] [Turn 3] [color=cyan]  Checking ship Sathar Fighter C (Side 2) at (2.000000, -21.000000, 19.000000) with path [(5, -18, 13), (4, -17, 13), (4, -16, 12), (3, -15, 12), (2, -15, 13), (2, -16, 14), (2, -17, 15), (2, -18, 16), (2, -19, 17), (2, -20, 18), (2, -21, 19)][/color]
[Peer: 440931918] [Turn 3] [color=cyan]  Checking ship Sathar Fighter D (Side 2) at (7.000000, -21.000000, 14.000000) with path [(6, -15, 9), (5, -15, 10), (5, -16, 11), (5, -17, 12), (4, -17, 13), (3, -17, 14), (2, -17, 15), (2, -18, 16), (3, -19, 16), (4, -20, 16), (5, -21, 16), (6, -21, 15), (7, -21, 14)][/color]
[Peer: 440931918] [Turn 3] [color=cyan]  Checking ship Sathar Fighter E (Side 2) at (-3.000000, -3.000000, 6.000000) with path [(4, -10, 6), (3, -10, 7), (2, -10, 8), (1, -9, 8), (0, -8, 8), (-1, -7, 8), (-2, -6, 8), (-3, -6, 9), (-4, -6, 10), (-5, -5, 10), (-5, -4, 9), (-5, -3, 8), (-4, -3, 7), (-3, -3, 6)][/color]
[Peer: 440931918] [Turn 3] [color=cyan]  Checking ship Sathar Fighter F (Side 2) at (13.000000, -12.000000, -1.000000) with path [(22, -21, -1), (23, -21, -2), (24, -22, -2), (24, -23, -1), (23, -23, 0), (22, -22, 0), (21, -21, 0), (20, -20, 0), (19, -19, 0), (18, -18, 0), (17, -17, 0), (16, -16, 0), (15, -15, 0), (14, -14, 0), (13, -13, 0), (13, -12, -1)][/color]
[Peer: 440931918] [Turn 3] Mines check complete. Hit ships size: 0
[Peer: 440931918] [Turn 3] [color=cyan]  Checking ship Maelstrom (Side 2) at (16.000000, -20.000000, 4.000000) with path [(13, -18, 5), (14, -18, 4), (15, -19, 4), (16, -20, 4)][/color]
[Peer: 440931918] [Turn 3] [color=cyan]  Checking ship Carrion (Side 2) at (15.000000, -21.000000, 6.000000) with path [(12, -19, 7), (13, -19, 6), (14, -20, 6), (15, -21, 6)][/color]
[Peer: 440931918] [Turn 3] [color=cyan]  Checking ship Deathstroke (Side 2) at (7.000000, -24.000000, 17.000000) with path [(14, -28, 14), (13, -28, 15), (12, -28, 16), (11, -28, 17), (10, -28, 18), (9, -27, 18), (8, -26, 18), (7, -25, 18), (7, -24, 17)][/color]
[Peer: 440931918] [Turn 3] [color=cyan]  Checking ship Bludgeon (Side 2) at (2.000000, -5.000000, 3.000000) with path [(3, -9, 6), (4, -9, 5), (4, -8, 4), (4, -7, 3), (3, -6, 3), (2, -5, 3)][/color]
[Peer: 440931918] [Turn 3] [color=cyan]  Checking ship Viper (Side 2) at (8.000000, -24.000000, 16.000000) with path [(20, -26, 6), (20, -25, 5), (19, -24, 5), (18, -24, 6), (17, -24, 7), (16, -24, 8), (15, -24, 9), (14, -24, 10), (13, -24, 11), (12, -24, 12), (11, -24, 13), (10, -24, 14), (9, -24, 15), (8, -24, 16)][/color]
[Peer: 440931918] [Turn 3] [color=cyan]  Checking ship Sathar Fighter A (Side 2) at (2.000000, -20.000000, 18.000000) with path [(7, -15, 8), (6, -14, 8), (5, -14, 9), (4, -14, 10), (3, -14, 11), (2, -14, 12), (2, -15, 13), (3, -16, 13), (3, -17, 14), (3, -18, 15), (3, -19, 16), (3, -20, 17), (2, -20, 18)][/color]
[Peer: 440931918] [Turn 3] [color=cyan]  Checking ship Sathar Fighter B (Side 2) at (4.000000, -20.000000, 16.000000) with path [(9, -18, 9), (8, -18, 10), (7, -17, 10), (6, -16, 10), (5, -15, 10), (4, -15, 11), (3, -15, 12), (3, -16, 13), (3, -17, 14), (3, -18, 15), (4, -19, 15), (4, -20, 16)][/color]
[Peer: 440931918] [Turn 3] [color=cyan]  Checking ship Sathar Fighter C (Side 2) at (2.000000, -21.000000, 19.000000) with path [(5, -18, 13), (4, -17, 13), (4, -16, 12), (3, -15, 12), (2, -15, 13), (2, -16, 14), (2, -17, 15), (2, -18, 16), (2, -19, 17), (2, -20, 18), (2, -21, 19)][/color]
[Peer: 440931918] [Turn 3] [color=cyan]  Checking ship Sathar Fighter D (Side 2) at (7.000000, -21.000000, 14.000000) with path [(6, -15, 9), (5, -15, 10), (5, -16, 11), (5, -17, 12), (4, -17, 13), (3, -17, 14), (2, -17, 15), (2, -18, 16), (3, -19, 16), (4, -20, 16), (5, -21, 16), (6, -21, 15), (7, -21, 14)][/color]
[Peer: 440931918] [Turn 3] [color=cyan]  Checking ship Sathar Fighter E (Side 2) at (-3.000000, -3.000000, 6.000000) with path [(4, -10, 6), (3, -10, 7), (2, -10, 8), (1, -9, 8), (0, -8, 8), (-1, -7, 8), (-2, -6, 8), (-3, -6, 9), (-4, -6, 10), (-5, -5, 10), (-5, -4, 9), (-5, -3, 8), (-4, -3, 7), (-3, -3, 6)][/color]
[Peer: 440931918] [Turn 3] [color=cyan]  Checking ship Sathar Fighter F (Side 2) at (13.000000, -12.000000, -1.000000) with path [(22, -21, -1), (23, -21, -2), (24, -22, -2), (24, -23, -1), (23, -23, 0), (22, -22, 0), (21, -21, 0), (20, -20, 0), (19, -19, 0), (18, -18, 0), (17, -17, 0), (16, -16, 0), (15, -15, 0), (14, -14, 0), (13, -13, 0), (13, -12, -1)][/color]
[Peer: 440931918] [Turn 3] Mines check complete. Hit ships size: 0
[Peer: 440931918] [Turn 3] [color=cyan]  Checking ship Maelstrom (Side 2) at (16.000000, -20.000000, 4.000000) with path [(13, -18, 5), (14, -18, 4), (15, -19, 4), (16, -20, 4)][/color]
[Peer: 440931918] [Turn 3] [color=cyan]  Checking ship Carrion (Side 2) at (15.000000, -21.000000, 6.000000) with path [(12, -19, 7), (13, -19, 6), (14, -20, 6), (15, -21, 6)][/color]
[Peer: 440931918] [Turn 3] [color=cyan]  Checking ship Deathstroke (Side 2) at (7.000000, -24.000000, 17.000000) with path [(14, -28, 14), (13, -28, 15), (12, -28, 16), (11, -28, 17), (10, -28, 18), (9, -27, 18), (8, -26, 18), (7, -25, 18), (7, -24, 17)][/color]
[Peer: 440931918] [Turn 3] [color=cyan]  Checking ship Bludgeon (Side 2) at (2.000000, -5.000000, 3.000000) with path [(3, -9, 6), (4, -9, 5), (4, -8, 4), (4, -7, 3), (3, -6, 3), (2, -5, 3)][/color]
[Peer: 440931918] [Turn 3] [color=cyan]  Checking ship Viper (Side 2) at (8.000000, -24.000000, 16.000000) with path [(20, -26, 6), (20, -25, 5), (19, -24, 5), (18, -24, 6), (17, -24, 7), (16, -24, 8), (15, -24, 9), (14, -24, 10), (13, -24, 11), (12, -24, 12), (11, -24, 13), (10, -24, 14), (9, -24, 15), (8, -24, 16)][/color]
[Peer: 440931918] [Turn 3] [color=cyan]  Checking ship Sathar Fighter A (Side 2) at (2.000000, -20.000000, 18.000000) with path [(7, -15, 8), (6, -14, 8), (5, -14, 9), (4, -14, 10), (3, -14, 11), (2, -14, 12), (2, -15, 13), (3, -16, 13), (3, -17, 14), (3, -18, 15), (3, -19, 16), (3, -20, 17), (2, -20, 18)][/color]
[Peer: 440931918] [Turn 3] [color=cyan]  Checking ship Sathar Fighter B (Side 2) at (4.000000, -20.000000, 16.000000) with path [(9, -18, 9), (8, -18, 10), (7, -17, 10), (6, -16, 10), (5, -15, 10), (4, -15, 11), (3, -15, 12), (3, -16, 13), (3, -17, 14), (3, -18, 15), (4, -19, 15), (4, -20, 16)][/color]
[Peer: 440931918] [Turn 3] [color=cyan]  Checking ship Sathar Fighter C (Side 2) at (2.000000, -21.000000, 19.000000) with path [(5, -18, 13), (4, -17, 13), (4, -16, 12), (3, -15, 12), (2, -15, 13), (2, -16, 14), (2, -17, 15), (2, -18, 16), (2, -19, 17), (2, -20, 18), (2, -21, 19)][/color]
[Peer: 440931918] [Turn 3] [color=cyan]  Checking ship Sathar Fighter D (Side 2) at (7.000000, -21.000000, 14.000000) with path [(6, -15, 9), (5, -15, 10), (5, -16, 11), (5, -17, 12), (4, -17, 13), (3, -17, 14), (2, -17, 15), (2, -18, 16), (3, -19, 16), (4, -20, 16), (5, -21, 16), (6, -21, 15), (7, -21, 14)][/color]
[Peer: 440931918] [Turn 3] [color=cyan]  Checking ship Sathar Fighter E (Side 2) at (-3.000000, -3.000000, 6.000000) with path [(4, -10, 6), (3, -10, 7), (2, -10, 8), (1, -9, 8), (0, -8, 8), (-1, -7, 8), (-2, -6, 8), (-3, -6, 9), (-4, -6, 10), (-5, -5, 10), (-5, -4, 9), (-5, -3, 8), (-4, -3, 7), (-3, -3, 6)][/color]
[Peer: 440931918] [Turn 3] [color=cyan]  Checking ship Sathar Fighter F (Side 2) at (13.000000, -12.000000, -1.000000) with path [(22, -21, -1), (23, -21, -2), (24, -22, -2), (24, -23, -1), (23, -23, 0), (22, -22, 0), (21, -21, 0), (20, -20, 0), (19, -19, 0), (18, -18, 0), (17, -17, 0), (16, -16, 0), (15, -15, 0), (14, -14, 0), (13, -13, 0), (13, -12, -1)][/color]
[Peer: 440931918] [Turn 3] Mines check complete. Hit ships size: 0
[Peer: 440931918] [Turn 3] [color=cyan]  Checking ship Maelstrom (Side 2) at (16.000000, -20.000000, 4.000000) with path [(13, -18, 5), (14, -18, 4), (15, -19, 4), (16, -20, 4)][/color]
[Peer: 440931918] [Turn 3] [color=cyan]  Checking ship Carrion (Side 2) at (15.000000, -21.000000, 6.000000) with path [(12, -19, 7), (13, -19, 6), (14, -20, 6), (15, -21, 6)][/color]
[Peer: 440931918] [Turn 3] [color=cyan]  Checking ship Deathstroke (Side 2) at (7.000000, -24.000000, 17.000000) with path [(14, -28, 14), (13, -28, 15), (12, -28, 16), (11, -28, 17), (10, -28, 18), (9, -27, 18), (8, -26, 18), (7, -25, 18), (7, -24, 17)][/color]
[Peer: 440931918] [Turn 3] [color=cyan]  Checking ship Bludgeon (Side 2) at (2.000000, -5.000000, 3.000000) with path [(3, -9, 6), (4, -9, 5), (4, -8, 4), (4, -7, 3), (3, -6, 3), (2, -5, 3)][/color]
[Peer: 440931918] [Turn 3] [color=cyan]  Checking ship Viper (Side 2) at (8.000000, -24.000000, 16.000000) with path [(20, -26, 6), (20, -25, 5), (19, -24, 5), (18, -24, 6), (17, -24, 7), (16, -24, 8), (15, -24, 9), (14, -24, 10), (13, -24, 11), (12, -24, 12), (11, -24, 13), (10, -24, 14), (9, -24, 15), (8, -24, 16)][/color]
[Peer: 440931918] [Turn 3] [color=cyan]  Checking ship Sathar Fighter A (Side 2) at (2.000000, -20.000000, 18.000000) with path [(7, -15, 8), (6, -14, 8), (5, -14, 9), (4, -14, 10), (3, -14, 11), (2, -14, 12), (2, -15, 13), (3, -16, 13), (3, -17, 14), (3, -18, 15), (3, -19, 16), (3, -20, 17), (2, -20, 18)][/color]
[Peer: 440931918] [Turn 3] [color=cyan]  Checking ship Sathar Fighter B (Side 2) at (4.000000, -20.000000, 16.000000) with path [(9, -18, 9), (8, -18, 10), (7, -17, 10), (6, -16, 10), (5, -15, 10), (4, -15, 11), (3, -15, 12), (3, -16, 13), (3, -17, 14), (3, -18, 15), (4, -19, 15), (4, -20, 16)][/color]
[Peer: 440931918] [Turn 3] [color=cyan]  Checking ship Sathar Fighter C (Side 2) at (2.000000, -21.000000, 19.000000) with path [(5, -18, 13), (4, -17, 13), (4, -16, 12), (3, -15, 12), (2, -15, 13), (2, -16, 14), (2, -17, 15), (2, -18, 16), (2, -19, 17), (2, -20, 18), (2, -21, 19)][/color]
[Peer: 440931918] [Turn 3] [color=cyan]  Checking ship Sathar Fighter D (Side 2) at (7.000000, -21.000000, 14.000000) with path [(6, -15, 9), (5, -15, 10), (5, -16, 11), (5, -17, 12), (4, -17, 13), (3, -17, 14), (2, -17, 15), (2, -18, 16), (3, -19, 16), (4, -20, 16), (5, -21, 16), (6, -21, 15), (7, -21, 14)][/color]
[Peer: 440931918] [Turn 3] [color=cyan]  Checking ship Sathar Fighter E (Side 2) at (-3.000000, -3.000000, 6.000000) with path [(4, -10, 6), (3, -10, 7), (2, -10, 8), (1, -9, 8), (0, -8, 8), (-1, -7, 8), (-2, -6, 8), (-3, -6, 9), (-4, -6, 10), (-5, -5, 10), (-5, -4, 9), (-5, -3, 8), (-4, -3, 7), (-3, -3, 6)][/color]
[Peer: 440931918] [Turn 3] Target Sathar Fighter E HIT by mine!
[Peer: 440931918] [Turn 3] [color=cyan]  Checking ship Sathar Fighter F (Side 2) at (13.000000, -12.000000, -1.000000) with path [(22, -21, -1), (23, -21, -2), (24, -22, -2), (24, -23, -1), (23, -23, 0), (22, -22, 0), (21, -21, 0), (20, -20, 0), (19, -19, 0), (18, -18, 0), (17, -17, 0), (16, -16, 0), (15, -15, 0), (14, -14, 0), (13, -13, 0), (13, -12, -1)][/color]
[Peer: 440931918] [Turn 3] Mines check complete. Hit ships size: 1
[Peer: 440931918] [Turn 3] MINE DETONATED at (-3.000000, -6.000000, 9.000000)!
Combat Roll: Distance 0, Chance 60%, Rolled 85
[Peer: 440931918] [Turn 3] Firing Ship: Spatial Mine, Weapon: Proximity Detonation, Odds: 60%, Roll: 85, Result: MISS
[Peer: 440931918] [Turn 3] Mine exploded harmlessly against F Sathar Fighter E defenses.
[Peer: 440931918] [Turn 3] [color=gray]AI Poll: Movement Phase active but no unmoved ships left.[/color]
[Peer: 440931918] [Turn 3] Firing Ship: Spatial Mine, Weapon: Proximity Detonation, Odds: 60%, Roll: 18, Result: HIT
[Peer: 440931918] [Turn 3] F Sathar Fighter E took 27 damage from spatial mine at location -3, -6!
[Peer: 440931918] [Turn 3] Ship destroyed: Sathar Fighter E
[Peer: 440931918] [Turn 3] [color=cyan]  Checking ship Maelstrom (Side 2) at (16.000000, -20.000000, 4.000000) with path [(13, -18, 5), (14, -18, 4), (15, -19, 4), (16, -20, 4)][/color]
[Peer: 440931918] [Turn 3] [color=cyan]  Checking ship Carrion (Side 2) at (15.000000, -21.000000, 6.000000) with path [(12, -19, 7), (13, -19, 6), (14, -20, 6), (15, -21, 6)][/color]
[Peer: 440931918] [Turn 3] [color=cyan]  Checking ship Deathstroke (Side 2) at (7.000000, -24.000000, 17.000000) with path [(14, -28, 14), (13, -28, 15), (12, -28, 16), (11, -28, 17), (10, -28, 18), (9, -27, 18), (8, -26, 18), (7, -25, 18), (7, -24, 17)][/color]
[Peer: 440931918] [Turn 3] [color=cyan]  Checking ship Bludgeon (Side 2) at (2.000000, -5.000000, 3.000000) with path [(3, -9, 6), (4, -9, 5), (4, -8, 4), (4, -7, 3), (3, -6, 3), (2, -5, 3)][/color]
[Peer: 440931918] [Turn 3] [color=cyan]  Checking ship Viper (Side 2) at (8.000000, -24.000000, 16.000000) with path [(20, -26, 6), (20, -25, 5), (19, -24, 5), (18, -24, 6), (17, -24, 7), (16, -24, 8), (15, -24, 9), (14, -24, 10), (13, -24, 11), (12, -24, 12), (11, -24, 13), (10, -24, 14), (9, -24, 15), (8, -24, 16)][/color]
[Peer: 440931918] [Turn 3] [color=cyan]  Checking ship Sathar Fighter A (Side 2) at (2.000000, -20.000000, 18.000000) with path [(7, -15, 8), (6, -14, 8), (5, -14, 9), (4, -14, 10), (3, -14, 11), (2, -14, 12), (2, -15, 13), (3, -16, 13), (3, -17, 14), (3, -18, 15), (3, -19, 16), (3, -20, 17), (2, -20, 18)][/color]
[Peer: 440931918] [Turn 3] [color=cyan]  Checking ship Sathar Fighter B (Side 2) at (4.000000, -20.000000, 16.000000) with path [(9, -18, 9), (8, -18, 10), (7, -17, 10), (6, -16, 10), (5, -15, 10), (4, -15, 11), (3, -15, 12), (3, -16, 13), (3, -17, 14), (3, -18, 15), (4, -19, 15), (4, -20, 16)][/color]
[Peer: 440931918] [Turn 3] [color=cyan]  Checking ship Sathar Fighter C (Side 2) at (2.000000, -21.000000, 19.000000) with path [(5, -18, 13), (4, -17, 13), (4, -16, 12), (3, -15, 12), (2, -15, 13), (2, -16, 14), (2, -17, 15), (2, -18, 16), (2, -19, 17), (2, -20, 18), (2, -21, 19)][/color]
[Peer: 440931918] [Turn 3] [color=cyan]  Checking ship Sathar Fighter D (Side 2) at (7.000000, -21.000000, 14.000000) with path [(6, -15, 9), (5, -15, 10), (5, -16, 11), (5, -17, 12), (4, -17, 13), (3, -17, 14), (2, -17, 15), (2, -18, 16), (3, -19, 16), (4, -20, 16), (5, -21, 16), (6, -21, 15), (7, -21, 14)][/color]
[Peer: 440931918] [Turn 3] [color=cyan]  Checking ship Sathar Fighter F (Side 2) at (13.000000, -12.000000, -1.000000) with path [(22, -21, -1), (23, -21, -2), (24, -22, -2), (24, -23, -1), (23, -23, 0), (22, -22, 0), (21, -21, 0), (20, -20, 0), (19, -19, 0), (18, -18, 0), (17, -17, 0), (16, -16, 0), (15, -15, 0), (14, -14, 0), (13, -13, 0), (13, -12, -1)][/color]
[Peer: 440931918] [Turn 3] Mines check complete. Hit ships size: 0
[Peer: 440931918] [Turn 3] [color=cyan]  Checking ship Maelstrom (Side 2) at (16.000000, -20.000000, 4.000000) with path [(13, -18, 5), (14, -18, 4), (15, -19, 4), (16, -20, 4)][/color]
[Peer: 440931918] [Turn 3] [color=cyan]  Checking ship Carrion (Side 2) at (15.000000, -21.000000, 6.000000) with path [(12, -19, 7), (13, -19, 6), (14, -20, 6), (15, -21, 6)][/color]
[Peer: 440931918] [Turn 3] [color=cyan]  Checking ship Deathstroke (Side 2) at (7.000000, -24.000000, 17.000000) with path [(14, -28, 14), (13, -28, 15), (12, -28, 16), (11, -28, 17), (10, -28, 18), (9, -27, 18), (8, -26, 18), (7, -25, 18), (7, -24, 17)][/color]
[Peer: 440931918] [Turn 3] [color=cyan]  Checking ship Bludgeon (Side 2) at (2.000000, -5.000000, 3.000000) with path [(3, -9, 6), (4, -9, 5), (4, -8, 4), (4, -7, 3), (3, -6, 3), (2, -5, 3)][/color]
[Peer: 440931918] [Turn 3] [color=cyan]  Checking ship Viper (Side 2) at (8.000000, -24.000000, 16.000000) with path [(20, -26, 6), (20, -25, 5), (19, -24, 5), (18, -24, 6), (17, -24, 7), (16, -24, 8), (15, -24, 9), (14, -24, 10), (13, -24, 11), (12, -24, 12), (11, -24, 13), (10, -24, 14), (9, -24, 15), (8, -24, 16)][/color]
[Peer: 440931918] [Turn 3] [color=cyan]  Checking ship Sathar Fighter A (Side 2) at (2.000000, -20.000000, 18.000000) with path [(7, -15, 8), (6, -14, 8), (5, -14, 9), (4, -14, 10), (3, -14, 11), (2, -14, 12), (2, -15, 13), (3, -16, 13), (3, -17, 14), (3, -18, 15), (3, -19, 16), (3, -20, 17), (2, -20, 18)][/color]
[Peer: 440931918] [Turn 3] [color=cyan]  Checking ship Sathar Fighter B (Side 2) at (4.000000, -20.000000, 16.000000) with path [(9, -18, 9), (8, -18, 10), (7, -17, 10), (6, -16, 10), (5, -15, 10), (4, -15, 11), (3, -15, 12), (3, -16, 13), (3, -17, 14), (3, -18, 15), (4, -19, 15), (4, -20, 16)][/color]
[Peer: 440931918] [Turn 3] [color=cyan]  Checking ship Sathar Fighter C (Side 2) at (2.000000, -21.000000, 19.000000) with path [(5, -18, 13), (4, -17, 13), (4, -16, 12), (3, -15, 12), (2, -15, 13), (2, -16, 14), (2, -17, 15), (2, -18, 16), (2, -19, 17), (2, -20, 18), (2, -21, 19)][/color]
[Peer: 440931918] [Turn 3] [color=cyan]  Checking ship Sathar Fighter D (Side 2) at (7.000000, -21.000000, 14.000000) with path [(6, -15, 9), (5, -15, 10), (5, -16, 11), (5, -17, 12), (4, -17, 13), (3, -17, 14), (2, -17, 15), (2, -18, 16), (3, -19, 16), (4, -20, 16), (5, -21, 16), (6, -21, 15), (7, -21, 14)][/color]
[Peer: 440931918] [Turn 3] [color=cyan]  Checking ship Sathar Fighter F (Side 2) at (13.000000, -12.000000, -1.000000) with path [(22, -21, -1), (23, -21, -2), (24, -22, -2), (24, -23, -1), (23, -23, 0), (22, -22, 0), (21, -21, 0), (20, -20, 0), (19, -19, 0), (18, -18, 0), (17, -17, 0), (16, -16, 0), (15, -15, 0), (14, -14, 0), (13, -13, 0), (13, -12, -1)][/color]
[Peer: 440931918] [Turn 3] Mines check complete. Hit ships size: 0
[Peer: 440931918] [Turn 3] [color=cyan]  Checking ship Maelstrom (Side 2) at (16.000000, -20.000000, 4.000000) with path [(13, -18, 5), (14, -18, 4), (15, -19, 4), (16, -20, 4)][/color]
[Peer: 440931918] [Turn 3] [color=cyan]  Checking ship Carrion (Side 2) at (15.000000, -21.000000, 6.000000) with path [(12, -19, 7), (13, -19, 6), (14, -20, 6), (15, -21, 6)][/color]
[Peer: 440931918] [Turn 3] [color=cyan]  Checking ship Deathstroke (Side 2) at (7.000000, -24.000000, 17.000000) with path [(14, -28, 14), (13, -28, 15), (12, -28, 16), (11, -28, 17), (10, -28, 18), (9, -27, 18), (8, -26, 18), (7, -25, 18), (7, -24, 17)][/color]
[Peer: 440931918] [Turn 3] [color=cyan]  Checking ship Bludgeon (Side 2) at (2.000000, -5.000000, 3.000000) with path [(3, -9, 6), (4, -9, 5), (4, -8, 4), (4, -7, 3), (3, -6, 3), (2, -5, 3)][/color]
[Peer: 440931918] [Turn 3] [color=cyan]  Checking ship Viper (Side 2) at (8.000000, -24.000000, 16.000000) with path [(20, -26, 6), (20, -25, 5), (19, -24, 5), (18, -24, 6), (17, -24, 7), (16, -24, 8), (15, -24, 9), (14, -24, 10), (13, -24, 11), (12, -24, 12), (11, -24, 13), (10, -24, 14), (9, -24, 15), (8, -24, 16)][/color]
[Peer: 440931918] [Turn 3] [color=cyan]  Checking ship Sathar Fighter A (Side 2) at (2.000000, -20.000000, 18.000000) with path [(7, -15, 8), (6, -14, 8), (5, -14, 9), (4, -14, 10), (3, -14, 11), (2, -14, 12), (2, -15, 13), (3, -16, 13), (3, -17, 14), (3, -18, 15), (3, -19, 16), (3, -20, 17), (2, -20, 18)][/color]
[Peer: 440931918] [Turn 3] [color=cyan]  Checking ship Sathar Fighter B (Side 2) at (4.000000, -20.000000, 16.000000) with path [(9, -18, 9), (8, -18, 10), (7, -17, 10), (6, -16, 10), (5, -15, 10), (4, -15, 11), (3, -15, 12), (3, -16, 13), (3, -17, 14), (3, -18, 15), (4, -19, 15), (4, -20, 16)][/color]
[Peer: 440931918] [Turn 3] [color=cyan]  Checking ship Sathar Fighter C (Side 2) at (2.000000, -21.000000, 19.000000) with path [(5, -18, 13), (4, -17, 13), (4, -16, 12), (3, -15, 12), (2, -15, 13), (2, -16, 14), (2, -17, 15), (2, -18, 16), (2, -19, 17), (2, -20, 18), (2, -21, 19)][/color]
[Peer: 440931918] [Turn 3] [color=cyan]  Checking ship Sathar Fighter D (Side 2) at (7.000000, -21.000000, 14.000000) with path [(6, -15, 9), (5, -15, 10), (5, -16, 11), (5, -17, 12), (4, -17, 13), (3, -17, 14), (2, -17, 15), (2, -18, 16), (3, -19, 16), (4, -20, 16), (5, -21, 16), (6, -21, 15), (7, -21, 14)][/color]
[Peer: 440931918] [Turn 3] [color=cyan]  Checking ship Sathar Fighter F (Side 2) at (13.000000, -12.000000, -1.000000) with path [(22, -21, -1), (23, -21, -2), (24, -22, -2), (24, -23, -1), (23, -23, 0), (22, -22, 0), (21, -21, 0), (20, -20, 0), (19, -19, 0), (18, -18, 0), (17, -17, 0), (16, -16, 0), (15, -15, 0), (14, -14, 0), (13, -13, 0), (13, -12, -1)][/color]
[Peer: 440931918] [Turn 3] Mines check complete. Hit ships size: 0
[Peer: 440931918] [Turn 3] [color=cyan]!!! DEBUG !!! Entering Seeker Movement. Active Seekers: 4[/color]
[Peer: 440931918] [Turn 3] Movement Phase Complete for Side 2. Starting Combat.
[DEBUG] start_combat_passive: Side 1 firing (Opponent of Moving Side 2)
[Peer: 440931918] [Turn 3] Combat Planning: Side 1
[DEBUG] TARGET CHECK P1. Ships: 10
[DEBUG] VALID: Ken'zah Station found target with Laser Battery
[Peer: 440931918] [Turn 3] Resolving 5 attacks...
[Peer: 440931918] [Turn 3] ST Ken'zah Station firing Laser Battery at DD Bludgeon
Combat Roll: Distance 5, Chance 25%, Rolled 83
[Peer: 440931918] [Turn 3] Firing Ship: ST Ken'zah Station, Weapon: Laser Battery, Odds: 25%, Roll: 83, Result: MISS
[Peer: 440931918] [Turn 3] [color=red]MISS![/color]
[Peer: 440931918] [Turn 3] ST Ken'zah Station firing Laser Battery at DD Bludgeon
[Peer: 440931918] [Turn 3] Firing Ship: ST Ken'zah Station, Weapon: Laser Battery, Odds: 25%, Roll: 83, Result: MISS
[Peer: 440931918] [Turn 3] ST Ken'zah Station firing Laser Battery at DD Bludgeon
[Peer: 440931918] [Turn 3] Firing Ship: ST Ken'zah Station, Weapon: Laser Battery, Odds: 25%, Roll: 86, Result: MISS
[Peer: 440931918] [Turn 3] ST Ken'zah Station firing Laser Battery at DD Bludgeon
Combat Roll: Distance 5, Chance 25%, Rolled 86
[Peer: 440931918] [Turn 3] Firing Ship: ST Ken'zah Station, Weapon: Laser Battery, Odds: 25%, Roll: 86, Result: MISS
[Peer: 440931918] [Turn 3] [color=red]MISS![/color]
[Peer: 440931918] [Turn 3] FG Shimmer firing Laser Battery at DD Bludgeon
[Peer: 440931918] [Turn 3] Firing Ship: FG Shimmer, Weapon: Laser Battery, Odds: 20%, Roll: 57, Result: MISS
[Peer: 440931918] [Turn 3] FG Shimmer firing Laser Battery at DD Bludgeon
Combat Roll: Distance 6, Chance 20%, Rolled 57
[Peer: 440931918] [Turn 3] Firing Ship: FG Shimmer, Weapon: Laser Battery, Odds: 20%, Roll: 57, Result: MISS
[Peer: 440931918] [Turn 3] [color=red]MISS![/color]
[Peer: 440931918] [Turn 3] FG Shimmer firing Laser Canon at DD Bludgeon
[Peer: 440931918] [Turn 3] Firing Ship: FG Shimmer, Weapon: Laser Canon, Odds: 40%, Roll: 50, Result: MISS
[Peer: 440931918] [Turn 3] FG Shimmer firing Laser Canon at DD Bludgeon
Combat Roll: Distance 6, Chance 40%, Rolled 50
[Peer: 440931918] [Turn 3] Firing Ship: FG Shimmer, Weapon: Laser Canon, Odds: 40%, Roll: 50, Result: MISS
[Peer: 440931918] [Turn 3] [color=red]MISS![/color]
[Peer: 440931918] [Turn 3] AS Lancet firing Laser Battery at DD Viper
[Peer: 440931918] [Turn 3] Firing Ship: AS Lancet, Weapon: Laser Battery, Odds: 35%, Roll: 1, Result: HIT
[Peer: 440931918] [Turn 3] [color=green]HIT![/color] Rolling Damage Table (d100+0 = 88)
[Peer: 440931918] [Turn 3] AS Lancet firing Laser Battery at DD Viper
Combat Roll: Distance 3, Chance 35%, Rolled 1
[Peer: 440931918] [Turn 3] Firing Ship: AS Lancet, Weapon: Laser Battery, Odds: 35%, Roll: 1, Result: HIT
Damage Roll: 1d10+0 -> 5
Damage Roll: d100(88) + DTM(0) = 88
[Peer: 440931918] [Turn 3] [color=green]HIT![/color] Rolling Damage Table (d100+0 = 88)
[Peer: 440931918] [Turn 3] Viper: Combat Control System Hit (-10% Hit Chance)
[Peer: 440931918] [Turn 3] Resolution Phase Complete.
[Peer: 440931918] [Turn 3] Turn Segment Complete.
[DEBUG] start_combat_active: Side 2 firing (Active Side)
[Peer: 440931918] [Turn 3] Combat Planning: Side 2
[DEBUG] TARGET CHECK P2. Ships: 10
[DEBUG] VALID: Carrion found target with Proton Battery
[Peer: 440931918] [Turn 3] AI Planning: CA Carrion -> AS Lancet with Proton Battery (Utility: -1.35)
[Peer: 440931918] [Turn 3] AI Planning: CL Deathstroke -> AS Lancet with Laser Battery (Utility: 7.83)
[Peer: 440931918] [Turn 3] AI Planning: CL Deathstroke -> AS Lancet with Electron Battery (Utility: 7.26)
[Peer: 440931918] [Turn 3] AI Planning: CL Deathstroke -> AS Lancet with Proton Battery (Utility: 9.47)
[Peer: 440931918] [Turn 3] AI Planning: CL Deathstroke -> AS Lancet with Rocket Batteries (Utility: 6.49)
[Peer: 440931918] [Turn 3] AI Planning: CL Deathstroke -> AS Lancet with Torpedoes (Utility: 9.70)
[Peer: 440931918] [Turn 3] AI Planning: DD Bludgeon -> F Fighter E with Laser Battery (Utility: 8.34)
[Peer: 440931918] [Turn 3] AI Planning: DD Bludgeon -> FG Shimmer with Electron Battery (Utility: 6.31)
[Peer: 440931918] [Turn 3] AI Planning: DD Bludgeon -> F Fighter E with Rocket Batteries (Utility: 9.74)
[Peer: 440931918] [Turn 3] AI Planning: DD Bludgeon -> F Fighter E with Torpedoes (Utility: 8.92)
[Peer: 440931918] [Turn 3] AI Planning: DD Viper -> AS Lancet with Laser Battery (Utility: 7.79)
[Peer: 440931918] [Turn 3] AI Planning: DD Viper -> AS Lancet with Electron Battery (Utility: 6.24)
[Peer: 440931918] [Turn 3] AI Planning: DD Viper -> AS Lancet with Rocket Batteries (Utility: 8.22)
[Peer: 440931918] [Turn 3] AI Planning: DD Viper -> AS Lancet with Torpedoes (Utility: 5.47)
[Peer: 440931918] [Turn 3] AI Planning: F Sathar Fighter B -> AS Lancet with Assault Rockets (Utility: 8.51)
[Peer: 440931918] [Turn 3] Resolving 15 attacks...
[Peer: 440931918] [Turn 3] CA Carrion firing Proton Battery at AS Lancet
Combat Roll: Distance 11, Chance 5%, Rolled 26
[Peer: 440931918] [Turn 3] Firing Ship: CA Carrion, Weapon: Proton Battery, Odds: 5%, Roll: 26, Result: MISS
[Peer: 440931918] [Turn 3] [color=red]MISS![/color]
[Peer: 440931918] [Turn 3] CA Carrion firing Proton Battery at AS Lancet
[Peer: 440931918] [Turn 3] Firing Ship: CA Carrion, Weapon: Proton Battery, Odds: 5%, Roll: 26, Result: MISS
[Peer: 440931918] [Turn 3] CL Deathstroke firing Laser Battery at AS Lancet
Combat Roll: Distance 2, Chance 40%, Rolled 30
[Peer: 440931918] [Turn 3] Firing Ship: CL Deathstroke, Weapon: Laser Battery, Odds: 40%, Roll: 30, Result: HIT
Damage Roll: 1d10+0 -> 10
Damage Roll: d100(40) + DTM(0) = 40
[Peer: 440931918] [Turn 3] [color=green]HIT![/color] Rolling Damage Table (d100+0 = 40)
[Peer: 440931918] [Turn 3] CL Deathstroke firing Laser Battery at AS Lancet
[Peer: 440931918] [Turn 3] Firing Ship: CL Deathstroke, Weapon: Laser Battery, Odds: 40%, Roll: 30, Result: HIT
[Peer: 440931918] [Turn 3] [color=green]HIT![/color] Rolling Damage Table (d100+0 = 40)
[Peer: 440931918] [Turn 3] Ship destroyed: Lancet
[Peer: 440931918] [Turn 3] Lancet: Hull Hit (10 Damage)
[Peer: 440931918] [Turn 3] CL Deathstroke firing at WRECK of AS Lancet! (Wasted)
[Peer: 440931918] [Turn 3] CL Deathstroke firing at WRECK of AS Lancet! (Wasted)
[Peer: 440931918] [Turn 3] CL Deathstroke firing at WRECK of AS Lancet! (Wasted)
[Peer: 440931918] [Turn 3] CL Deathstroke firing at WRECK of AS Lancet! (Wasted)
[Peer: 440931918] [Turn 3] CL Deathstroke firing at WRECK of AS Lancet! (Wasted)
[Peer: 440931918] [Turn 3] CL Deathstroke firing at WRECK of AS Lancet! (Wasted)
[Peer: 440931918] [Turn 3] CL Deathstroke firing at WRECK of AS Lancet! (Wasted)
[Peer: 440931918] [Turn 3] CL Deathstroke firing at WRECK of AS Lancet! (Wasted)
[Peer: 440931918] [Turn 3] DD Bludgeon firing Laser Battery at F Fighter E
Combat Roll: Distance 3, Chance 35%, Rolled 74
[Peer: 440931918] [Turn 3] Firing Ship: DD Bludgeon, Weapon: Laser Battery, Odds: 35%, Roll: 74, Result: MISS
[Peer: 440931918] [Turn 3] [color=red]MISS![/color]
[Peer: 440931918] [Turn 3] DD Bludgeon firing Laser Battery at F Fighter E
[Peer: 440931918] [Turn 3] Firing Ship: DD Bludgeon, Weapon: Laser Battery, Odds: 35%, Roll: 74, Result: MISS
[Peer: 440931918] [Turn 3] DD Bludgeon firing Electron Battery at FG Shimmer
Combat Roll: Distance 6, Chance 30%, Rolled 64
[Peer: 440931918] [Turn 3] Firing Ship: DD Bludgeon, Weapon: Electron Battery, Odds: 30%, Roll: 64, Result: MISS
[Peer: 440931918] [Turn 3] [color=red]MISS![/color]
[Peer: 440931918] [Turn 3] DD Bludgeon firing Electron Battery at FG Shimmer
[Peer: 440931918] [Turn 3] Firing Ship: DD Bludgeon, Weapon: Electron Battery, Odds: 30%, Roll: 64, Result: MISS
[Peer: 440931918] [Turn 3] DD Bludgeon firing Rocket Batteries at F Fighter E
Combat Roll: Distance 3, Chance 40%, Rolled 80
[Peer: 440931918] [Turn 3] Firing Ship: DD Bludgeon, Weapon: Rocket Batteries, Odds: 40%, Roll: 80, Result: MISS
[Peer: 440931918] [Turn 3] [color=red]MISS![/color]
[Peer: 440931918] [Turn 3] DD Bludgeon firing Rocket Batteries at F Fighter E
[Peer: 440931918] [Turn 3] Firing Ship: DD Bludgeon, Weapon: Rocket Batteries, Odds: 40%, Roll: 80, Result: MISS
[Peer: 440931918] [Turn 3] DD Bludgeon firing Torpedoes at F Fighter E
Combat Roll: Distance 3, Chance 70%, Rolled 72
[Peer: 440931918] [Turn 3] Firing Ship: DD Bludgeon, Weapon: Torpedoes, Odds: 70%, Roll: 72, Result: MISS
[Peer: 440931918] [Turn 3] [color=red]MISS![/color]
[Peer: 440931918] [Turn 3] DD Bludgeon firing Torpedoes at F Fighter E
[Peer: 440931918] [Turn 3] Firing Ship: DD Bludgeon, Weapon: Torpedoes, Odds: 70%, Roll: 72, Result: MISS
[Peer: 440931918] [Turn 3] DD Viper firing at WRECK of AS Lancet! (Wasted)
[Peer: 440931918] [Turn 3] DD Viper firing at WRECK of AS Lancet! (Wasted)
[Peer: 440931918] [Turn 3] DD Viper firing at WRECK of AS Lancet! (Wasted)
[Peer: 440931918] [Turn 3] DD Viper firing at WRECK of AS Lancet! (Wasted)
[Peer: 440931918] [Turn 3] DD Viper firing at WRECK of AS Lancet! (Wasted)
[Peer: 440931918] [Turn 3] DD Viper firing at WRECK of AS Lancet! (Wasted)
[Peer: 440931918] [Turn 3] DD Viper firing at WRECK of AS Lancet! (Wasted)
[Peer: 440931918] [Turn 3] DD Viper firing at WRECK of AS Lancet! (Wasted)
[Peer: 440931918] [Turn 3] F Sathar Fighter B firing at WRECK of AS Lancet! (Wasted)
[Peer: 440931918] [Turn 3] F Sathar Fighter B firing at WRECK of AS Lancet! (Wasted)
[Peer: 440931918] [Turn 3] Resolution Phase Complete.
[Peer: 440931918] [Turn 3] Turn Segment Complete.
[Peer: 440931918] [Turn 3] [color=cyan]=== REPAIR TURN Phase ===[/color]
[DEBUG] _update_repair_ui called - Subphase: 1, my_side_id: 2
[Peer: 440931918] [Turn 3] [DEBUG] Updating Repair UI for Phase: 1
[DEBUG] _update_repair_ui called - Subphase: 2, my_side_id: 2
[Peer: 440931918] [Turn 3] [DEBUG] Updating Repair UI for Phase: 2
[DEBUG] _update_repair_ui FINISHED. Items in list_repair: 2
[Peer: 440931918] [Turn 3] Repairing: Fighter E, System: ADF, Odds: 30%, Roll: 53, Result: FAILED
[Peer: 440931918] [Turn 3] Repairing: Fighter E, System: ADF, Odds: 30%, Roll: 53, Result: FAILED
[Peer: 440931918] [Turn 3] AI Auto-Repairing Ships...
[Peer: 440931918] [Turn 3] [color=gray]AI Auto-Repair processing for side 2[/color]
[Peer: 440931918] [Turn 3] AI Submitting Repairs...
[DEBUG] _update_repair_ui called - Subphase: 3, my_side_id: 2
[Peer: 440931918] [Turn 3] [DEBUG] Updating Repair UI for Phase: 3
[Peer: 440931918] [Turn 3] Repairing: Bludgeon, System: HULL, Odds: 75%, Roll: 84, Result: FAILED
[Peer: 440931918] [Turn 3] Repairing: Bludgeon, System: HULL, Odds: 75%, Roll: 84, Result: FAILED
[Peer: 440931918] [Turn 3] Repairing: Viper, System: CCS, Odds: 75%, Roll: 83, Result: FAILED
[Peer: 440931918] [Turn 3] Repairing: Viper, System: CCS, Odds: 75%, Roll: 83, Result: FAILED
[Peer: 440931918] [Turn 4] Round Complete (After Repair). Starting New Round.
[Peer: 440931918] [Turn 4] === Turn Start: Side UPF ===
DEBUG: Rejected Maelstrom Side:2 CurSide:1 Moved:false
DEBUG: Rejected Carrion Side:2 CurSide:1 Moved:false
DEBUG: Rejected Deathstroke Side:2 CurSide:1 Moved:false
DEBUG: Rejected Bludgeon Side:2 CurSide:1 Moved:false
DEBUG: Rejected Viper Side:2 CurSide:1 Moved:false
DEBUG: Rejected Sathar Fighter A Side:2 CurSide:1 Moved:false
DEBUG: Rejected Sathar Fighter B Side:2 CurSide:1 Moved:false
DEBUG: Rejected Sathar Fighter C Side:2 CurSide:1 Moved:false
DEBUG: Rejected Sathar Fighter D Side:2 CurSide:1 Moved:false
DEBUG: Rejected Sathar Fighter F Side:2 CurSide:1 Moved:false
DEBUG: start_movement_phase. Side: 1 Available: 9
DEBUG: First available: Ken'zah Station ID: 1 Moved: false
DEBUG: Auto-Orbit Candidate Found: Ken'zah Station (Class: Space Station, Orbit: 1)
[Peer: 440931918] [Turn 4] Synced Orders for Ken'zah Station
[Peer: 440931918] [Turn 4] Synced Orders for Z'Rak't Zoz
[Peer: 440931918] [Turn 4] Synced Orders for Shimmer
[Peer: 440931918] [Turn 4] Synced Orders for Zz'Nakk'T
[Peer: 440931918] [Turn 4] Synced Orders for Fighter A
[Peer: 440931918] [Turn 4] Synced Orders for Fighter B
[Peer: 440931918] [Turn 4] Synced Orders for Fighter C
[Peer: 440931918] [Turn 4] Synced Orders for Fighter E
[Peer: 440931918] [Turn 4] Synced Orders for Fighter F
>>> DIAGNOSTIC: execute_all_movement running for side: 1 on peer: 440931918
[Peer: 440931918] [Turn 4] Executing Movement Phase for Side UPF
[Peer: 440931918] [Turn 4] [color=yellow]EXECUTE LOOP: Checking Ship Ken'zah Station (Class: Space Station, Mines: 0)[/color]
[Peer: 440931918] [Turn 4] [color=yellow]EXECUTE LOOP: Checking Ship Z'Rak't Zoz (Class: Minelayer, Mines: 0)[/color]
[Peer: 440931918] [Turn 4] [color=yellow]EXECUTE LOOP: Checking Ship Shimmer (Class: Frigate, Mines: 0)[/color]
[Peer: 440931918] [Turn 4] [color=yellow]EXECUTE LOOP: Checking Ship Zz'Nakk'T (Class: Frigate, Mines: 0)[/color]
[Peer: 440931918] [Turn 4] [color=yellow]EXECUTE LOOP: Checking Ship Fighter A (Class: Fighter, Mines: 0)[/color]
[Peer: 440931918] [Turn 4] [color=yellow]EXECUTE LOOP: Checking Ship Fighter B (Class: Fighter, Mines: 0)[/color]
[Peer: 440931918] [Turn 4] [color=yellow]EXECUTE LOOP: Checking Ship Fighter C (Class: Fighter, Mines: 0)[/color]
[Peer: 440931918] [Turn 4] [color=yellow]EXECUTE LOOP: Checking Ship Fighter E (Class: Fighter, Mines: 0)[/color]
[Peer: 440931918] [Turn 4] [color=yellow]EXECUTE LOOP: Checking Ship Fighter F (Class: Fighter, Mines: 0)[/color]
>>> DIAGNOSTIC: Entering Mine Detonations. Active Mines: 19 on peer: 440931918
[Peer: 440931918] [Turn 4] [color=cyan]!!! DEBUG !!! Entering Mine Detonations. Active Mines: 19[/color]
[Peer: 440931918] [Turn 4] [color=cyan]  Mine at (-4.000000, 8.000000, -4.000000) (Side 1)[/color]
[Peer: 440931918] [Turn 4] [color=cyan]  Mine at (-4.000000, -4.000000, 8.000000) (Side 1)[/color]
[Peer: 440931918] [Turn 4] [color=cyan]  Mine at (-1.000000, -6.000000, 7.000000) (Side 1)[/color]
[Peer: 440931918] [Turn 4] [color=cyan]  Mine at (9.000000, -1.000000, -8.000000) (Side 1)[/color]
[Peer: 440931918] [Turn 4] [color=cyan]  Mine at (-9.000000, 0.000000, 9.000000) (Side 1)[/color]
[Peer: 440931918] [Turn 4] [color=cyan]  Mine at (-9.000000, 1.000000, 8.000000) (Side 1)[/color]
[Peer: 440931918] [Turn 4] [color=cyan]  Mine at (-8.000000, 7.000000, 1.000000) (Side 1)[/color]
[Peer: 440931918] [Turn 4] [color=cyan]  Mine at (8.000000, -9.000000, 1.000000) (Side 1)[/color]
[Peer: 440931918] [Turn 4] [color=cyan]  Mine at (6.000000, -7.000000, 1.000000) (Side 1)[/color]
[Peer: 440931918] [Turn 4] [color=cyan]  Mine at (7.000000, 0.000000, -7.000000) (Side 1)[/color]
[Peer: 440931918] [Turn 4] [color=cyan]  Mine at (-8.000000, 3.000000, 5.000000) (Side 1)[/color]
[Peer: 440931918] [Turn 4] [color=cyan]  Mine at (-7.000000, 1.000000, 6.000000) (Side 1)[/color]
[Peer: 440931918] [Turn 4] [color=cyan]  Mine at (-7.000000, 7.000000, 0.000000) (Side 1)[/color]
[Peer: 440931918] [Turn 4] [color=cyan]  Mine at (-2.000000, 9.000000, -7.000000) (Side 1)[/color]
[Peer: 440931918] [Turn 4] [color=cyan]  Mine at (0.000000, 7.000000, -7.000000) (Side 1)[/color]
[Peer: 440931918] [Turn 4] [color=cyan]  Mine at (-5.000000, 8.000000, -3.000000) (Side 1)[/color]
[Peer: 440931918] [Turn 4] [color=cyan]  Mine at (-4.000000, -3.000000, 7.000000) (Side 1)[/color]
[Peer: 440931918] [Turn 4] [color=cyan]  Mine at (6.000000, -9.000000, 3.000000) (Side 1)[/color]
[Peer: 440931918] [Turn 4] [color=cyan]  Mine at (-7.000000, 4.000000, 3.000000) (Side 1)[/color]
[Peer: 440931918] [Turn 4] [color=cyan]  Checking ship Maelstrom (Side 2) at (16.000000, -20.000000, 4.000000) with path [(13, -18, 5), (14, -18, 4), (15, -19, 4), (16, -20, 4)][/color]
[Peer: 440931918] [Turn 4] [color=cyan]  Checking ship Carrion (Side 2) at (15.000000, -21.000000, 6.000000) with path [(12, -19, 7), (13, -19, 6), (14, -20, 6), (15, -21, 6)][/color]
[Peer: 440931918] [Turn 4] [color=cyan]  Checking ship Deathstroke (Side 2) at (7.000000, -24.000000, 17.000000) with path [(14, -28, 14), (13, -28, 15), (12, -28, 16), (11, -28, 17), (10, -28, 18), (9, -27, 18), (8, -26, 18), (7, -25, 18), (7, -24, 17)][/color]
[Peer: 440931918] [Turn 4] [color=cyan]  Checking ship Bludgeon (Side 2) at (2.000000, -5.000000, 3.000000) with path [(3, -9, 6), (4, -9, 5), (4, -8, 4), (4, -7, 3), (3, -6, 3), (2, -5, 3)][/color]
[Peer: 440931918] [Turn 4] [color=cyan]  Checking ship Viper (Side 2) at (8.000000, -24.000000, 16.000000) with path [(20, -26, 6), (20, -25, 5), (19, -24, 5), (18, -24, 6), (17, -24, 7), (16, -24, 8), (15, -24, 9), (14, -24, 10), (13, -24, 11), (12, -24, 12), (11, -24, 13), (10, -24, 14), (9, -24, 15), (8, -24, 16)][/color]
[Peer: 440931918] [Turn 4] [color=cyan]  Checking ship Sathar Fighter A (Side 2) at (2.000000, -20.000000, 18.000000) with path [(7, -15, 8), (6, -14, 8), (5, -14, 9), (4, -14, 10), (3, -14, 11), (2, -14, 12), (2, -15, 13), (3, -16, 13), (3, -17, 14), (3, -18, 15), (3, -19, 16), (3, -20, 17), (2, -20, 18)][/color]
[Peer: 440931918] [Turn 4] [color=cyan]  Checking ship Sathar Fighter B (Side 2) at (4.000000, -20.000000, 16.000000) with path [(9, -18, 9), (8, -18, 10), (7, -17, 10), (6, -16, 10), (5, -15, 10), (4, -15, 11), (3, -15, 12), (3, -16, 13), (3, -17, 14), (3, -18, 15), (4, -19, 15), (4, -20, 16)][/color]
[Peer: 440931918] [Turn 4] [color=cyan]  Checking ship Sathar Fighter C (Side 2) at (2.000000, -21.000000, 19.000000) with path [(5, -18, 13), (4, -17, 13), (4, -16, 12), (3, -15, 12), (2, -15, 13), (2, -16, 14), (2, -17, 15), (2, -18, 16), (2, -19, 17), (2, -20, 18), (2, -21, 19)][/color]
[Peer: 440931918] [Turn 4] [color=cyan]  Checking ship Sathar Fighter D (Side 2) at (7.000000, -21.000000, 14.000000) with path [(6, -15, 9), (5, -15, 10), (5, -16, 11), (5, -17, 12), (4, -17, 13), (3, -17, 14), (2, -17, 15), (2, -18, 16), (3, -19, 16), (4, -20, 16), (5, -21, 16), (6, -21, 15), (7, -21, 14)][/color]
[Peer: 440931918] [Turn 4] [color=cyan]  Checking ship Sathar Fighter F (Side 2) at (13.000000, -12.000000, -1.000000) with path [(22, -21, -1), (23, -21, -2), (24, -22, -2), (24, -23, -1), (23, -23, 0), (22, -22, 0), (21, -21, 0), (20, -20, 0), (19, -19, 0), (18, -18, 0), (17, -17, 0), (16, -16, 0), (15, -15, 0), (14, -14, 0), (13, -13, 0), (13, -12, -1)][/color]
[Peer: 440931918] [Turn 4] Mines check complete. Hit ships size: 0
[Peer: 440931918] [Turn 4] [color=cyan]  Checking ship Maelstrom (Side 2) at (16.000000, -20.000000, 4.000000) with path [(13, -18, 5), (14, -18, 4), (15, -19, 4), (16, -20, 4)][/color]
[Peer: 440931918] [Turn 4] [color=cyan]  Checking ship Carrion (Side 2) at (15.000000, -21.000000, 6.000000) with path [(12, -19, 7), (13, -19, 6), (14, -20, 6), (15, -21, 6)][/color]
[Peer: 440931918] [Turn 4] [color=cyan]  Checking ship Deathstroke (Side 2) at (7.000000, -24.000000, 17.000000) with path [(14, -28, 14), (13, -28, 15), (12, -28, 16), (11, -28, 17), (10, -28, 18), (9, -27, 18), (8, -26, 18), (7, -25, 18), (7, -24, 17)][/color]
[Peer: 440931918] [Turn 4] [color=cyan]  Checking ship Bludgeon (Side 2) at (2.000000, -5.000000, 3.000000) with path [(3, -9, 6), (4, -9, 5), (4, -8, 4), (4, -7, 3), (3, -6, 3), (2, -5, 3)][/color]
[Peer: 440931918] [Turn 4] [color=cyan]  Checking ship Viper (Side 2) at (8.000000, -24.000000, 16.000000) with path [(20, -26, 6), (20, -25, 5), (19, -24, 5), (18, -24, 6), (17, -24, 7), (16, -24, 8), (15, -24, 9), (14, -24, 10), (13, -24, 11), (12, -24, 12), (11, -24, 13), (10, -24, 14), (9, -24, 15), (8, -24, 16)][/color]
[Peer: 440931918] [Turn 4] [color=cyan]  Checking ship Sathar Fighter A (Side 2) at (2.000000, -20.000000, 18.000000) with path [(7, -15, 8), (6, -14, 8), (5, -14, 9), (4, -14, 10), (3, -14, 11), (2, -14, 12), (2, -15, 13), (3, -16, 13), (3, -17, 14), (3, -18, 15), (3, -19, 16), (3, -20, 17), (2, -20, 18)][/color]
[Peer: 440931918] [Turn 4] [color=cyan]  Checking ship Sathar Fighter B (Side 2) at (4.000000, -20.000000, 16.000000) with path [(9, -18, 9), (8, -18, 10), (7, -17, 10), (6, -16, 10), (5, -15, 10), (4, -15, 11), (3, -15, 12), (3, -16, 13), (3, -17, 14), (3, -18, 15), (4, -19, 15), (4, -20, 16)][/color]
[Peer: 440931918] [Turn 4] [color=cyan]  Checking ship Sathar Fighter C (Side 2) at (2.000000, -21.000000, 19.000000) with path [(5, -18, 13), (4, -17, 13), (4, -16, 12), (3, -15, 12), (2, -15, 13), (2, -16, 14), (2, -17, 15), (2, -18, 16), (2, -19, 17), (2, -20, 18), (2, -21, 19)][/color]
[Peer: 440931918] [Turn 4] [color=cyan]  Checking ship Sathar Fighter D (Side 2) at (7.000000, -21.000000, 14.000000) with path [(6, -15, 9), (5, -15, 10), (5, -16, 11), (5, -17, 12), (4, -17, 13), (3, -17, 14), (2, -17, 15), (2, -18, 16), (3, -19, 16), (4, -20, 16), (5, -21, 16), (6, -21, 15), (7, -21, 14)][/color]
[Peer: 440931918] [Turn 4] [color=cyan]  Checking ship Sathar Fighter F (Side 2) at (13.000000, -12.000000, -1.000000) with path [(22, -21, -1), (23, -21, -2), (24, -22, -2), (24, -23, -1), (23, -23, 0), (22, -22, 0), (21, -21, 0), (20, -20, 0), (19, -19, 0), (18, -18, 0), (17, -17, 0), (16, -16, 0), (15, -15, 0), (14, -14, 0), (13, -13, 0), (13, -12, -1)][/color]
[Peer: 440931918] [Turn 4] Mines check complete. Hit ships size: 0
[Peer: 440931918] [Turn 4] [color=cyan]  Checking ship Maelstrom (Side 2) at (16.000000, -20.000000, 4.000000) with path [(13, -18, 5), (14, -18, 4), (15, -19, 4), (16, -20, 4)][/color]
[Peer: 440931918] [Turn 4] [color=cyan]  Checking ship Carrion (Side 2) at (15.000000, -21.000000, 6.000000) with path [(12, -19, 7), (13, -19, 6), (14, -20, 6), (15, -21, 6)][/color]
[Peer: 440931918] [Turn 4] [color=cyan]  Checking ship Deathstroke (Side 2) at (7.000000, -24.000000, 17.000000) with path [(14, -28, 14), (13, -28, 15), (12, -28, 16), (11, -28, 17), (10, -28, 18), (9, -27, 18), (8, -26, 18), (7, -25, 18), (7, -24, 17)][/color]
[Peer: 440931918] [Turn 4] [color=cyan]  Checking ship Bludgeon (Side 2) at (2.000000, -5.000000, 3.000000) with path [(3, -9, 6), (4, -9, 5), (4, -8, 4), (4, -7, 3), (3, -6, 3), (2, -5, 3)][/color]
[Peer: 440931918] [Turn 4] [color=cyan]  Checking ship Viper (Side 2) at (8.000000, -24.000000, 16.000000) with path [(20, -26, 6), (20, -25, 5), (19, -24, 5), (18, -24, 6), (17, -24, 7), (16, -24, 8), (15, -24, 9), (14, -24, 10), (13, -24, 11), (12, -24, 12), (11, -24, 13), (10, -24, 14), (9, -24, 15), (8, -24, 16)][/color]
[Peer: 440931918] [Turn 4] [color=cyan]  Checking ship Sathar Fighter A (Side 2) at (2.000000, -20.000000, 18.000000) with path [(7, -15, 8), (6, -14, 8), (5, -14, 9), (4, -14, 10), (3, -14, 11), (2, -14, 12), (2, -15, 13), (3, -16, 13), (3, -17, 14), (3, -18, 15), (3, -19, 16), (3, -20, 17), (2, -20, 18)][/color]
[Peer: 440931918] [Turn 4] [color=cyan]  Checking ship Sathar Fighter B (Side 2) at (4.000000, -20.000000, 16.000000) with path [(9, -18, 9), (8, -18, 10), (7, -17, 10), (6, -16, 10), (5, -15, 10), (4, -15, 11), (3, -15, 12), (3, -16, 13), (3, -17, 14), (3, -18, 15), (4, -19, 15), (4, -20, 16)][/color]
[Peer: 440931918] [Turn 4] [color=cyan]  Checking ship Sathar Fighter C (Side 2) at (2.000000, -21.000000, 19.000000) with path [(5, -18, 13), (4, -17, 13), (4, -16, 12), (3, -15, 12), (2, -15, 13), (2, -16, 14), (2, -17, 15), (2, -18, 16), (2, -19, 17), (2, -20, 18), (2, -21, 19)][/color]
[Peer: 440931918] [Turn 4] [color=cyan]  Checking ship Sathar Fighter D (Side 2) at (7.000000, -21.000000, 14.000000) with path [(6, -15, 9), (5, -15, 10), (5, -16, 11), (5, -17, 12), (4, -17, 13), (3, -17, 14), (2, -17, 15), (2, -18, 16), (3, -19, 16), (4, -20, 16), (5, -21, 16), (6, -21, 15), (7, -21, 14)][/color]
[Peer: 440931918] [Turn 4] [color=cyan]  Checking ship Sathar Fighter F (Side 2) at (13.000000, -12.000000, -1.000000) with path [(22, -21, -1), (23, -21, -2), (24, -22, -2), (24, -23, -1), (23, -23, 0), (22, -22, 0), (21, -21, 0), (20, -20, 0), (19, -19, 0), (18, -18, 0), (17, -17, 0), (16, -16, 0), (15, -15, 0), (14, -14, 0), (13, -13, 0), (13, -12, -1)][/color]
[Peer: 440931918] [Turn 4] Mines check complete. Hit ships size: 0
[Peer: 440931918] [Turn 4] [color=cyan]  Checking ship Maelstrom (Side 2) at (16.000000, -20.000000, 4.000000) with path [(13, -18, 5), (14, -18, 4), (15, -19, 4), (16, -20, 4)][/color]
[Peer: 440931918] [Turn 4] [color=cyan]  Checking ship Carrion (Side 2) at (15.000000, -21.000000, 6.000000) with path [(12, -19, 7), (13, -19, 6), (14, -20, 6), (15, -21, 6)][/color]
[Peer: 440931918] [Turn 4] [color=cyan]  Checking ship Deathstroke (Side 2) at (7.000000, -24.000000, 17.000000) with path [(14, -28, 14), (13, -28, 15), (12, -28, 16), (11, -28, 17), (10, -28, 18), (9, -27, 18), (8, -26, 18), (7, -25, 18), (7, -24, 17)][/color]
[Peer: 440931918] [Turn 4] [color=cyan]  Checking ship Bludgeon (Side 2) at (2.000000, -5.000000, 3.000000) with path [(3, -9, 6), (4, -9, 5), (4, -8, 4), (4, -7, 3), (3, -6, 3), (2, -5, 3)][/color]
[Peer: 440931918] [Turn 4] [color=cyan]  Checking ship Viper (Side 2) at (8.000000, -24.000000, 16.000000) with path [(20, -26, 6), (20, -25, 5), (19, -24, 5), (18, -24, 6), (17, -24, 7), (16, -24, 8), (15, -24, 9), (14, -24, 10), (13, -24, 11), (12, -24, 12), (11, -24, 13), (10, -24, 14), (9, -24, 15), (8, -24, 16)][/color]
[Peer: 440931918] [Turn 4] [color=cyan]  Checking ship Sathar Fighter A (Side 2) at (2.000000, -20.000000, 18.000000) with path [(7, -15, 8), (6, -14, 8), (5, -14, 9), (4, -14, 10), (3, -14, 11), (2, -14, 12), (2, -15, 13), (3, -16, 13), (3, -17, 14), (3, -18, 15), (3, -19, 16), (3, -20, 17), (2, -20, 18)][/color]
[Peer: 440931918] [Turn 4] [color=cyan]  Checking ship Sathar Fighter B (Side 2) at (4.000000, -20.000000, 16.000000) with path [(9, -18, 9), (8, -18, 10), (7, -17, 10), (6, -16, 10), (5, -15, 10), (4, -15, 11), (3, -15, 12), (3, -16, 13), (3, -17, 14), (3, -18, 15), (4, -19, 15), (4, -20, 16)][/color]
[Peer: 440931918] [Turn 4] [color=cyan]  Checking ship Sathar Fighter C (Side 2) at (2.000000, -21.000000, 19.000000) with path [(5, -18, 13), (4, -17, 13), (4, -16, 12), (3, -15, 12), (2, -15, 13), (2, -16, 14), (2, -17, 15), (2, -18, 16), (2, -19, 17), (2, -20, 18), (2, -21, 19)][/color]
[Peer: 440931918] [Turn 4] [color=cyan]  Checking ship Sathar Fighter D (Side 2) at (7.000000, -21.000000, 14.000000) with path [(6, -15, 9), (5, -15, 10), (5, -16, 11), (5, -17, 12), (4, -17, 13), (3, -17, 14), (2, -17, 15), (2, -18, 16), (3, -19, 16), (4, -20, 16), (5, -21, 16), (6, -21, 15), (7, -21, 14)][/color]
[Peer: 440931918] [Turn 4] [color=cyan]  Checking ship Sathar Fighter F (Side 2) at (13.000000, -12.000000, -1.000000) with path [(22, -21, -1), (23, -21, -2), (24, -22, -2), (24, -23, -1), (23, -23, 0), (22, -22, 0), (21, -21, 0), (20, -20, 0), (19, -19, 0), (18, -18, 0), (17, -17, 0), (16, -16, 0), (15, -15, 0), (14, -14, 0), (13, -13, 0), (13, -12, -1)][/color]
[Peer: 440931918] [Turn 4] Mines check complete. Hit ships size: 0
[Peer: 440931918] [Turn 4] [color=cyan]  Checking ship Maelstrom (Side 2) at (16.000000, -20.000000, 4.000000) with path [(13, -18, 5), (14, -18, 4), (15, -19, 4), (16, -20, 4)][/color]
[Peer: 440931918] [Turn 4] [color=cyan]  Checking ship Carrion (Side 2) at (15.000000, -21.000000, 6.000000) with path [(12, -19, 7), (13, -19, 6), (14, -20, 6), (15, -21, 6)][/color]
[Peer: 440931918] [Turn 4] [color=cyan]  Checking ship Deathstroke (Side 2) at (7.000000, -24.000000, 17.000000) with path [(14, -28, 14), (13, -28, 15), (12, -28, 16), (11, -28, 17), (10, -28, 18), (9, -27, 18), (8, -26, 18), (7, -25, 18), (7, -24, 17)][/color]
[Peer: 440931918] [Turn 4] [color=cyan]  Checking ship Bludgeon (Side 2) at (2.000000, -5.000000, 3.000000) with path [(3, -9, 6), (4, -9, 5), (4, -8, 4), (4, -7, 3), (3, -6, 3), (2, -5, 3)][/color]
[Peer: 440931918] [Turn 4] [color=cyan]  Checking ship Viper (Side 2) at (8.000000, -24.000000, 16.000000) with path [(20, -26, 6), (20, -25, 5), (19, -24, 5), (18, -24, 6), (17, -24, 7), (16, -24, 8), (15, -24, 9), (14, -24, 10), (13, -24, 11), (12, -24, 12), (11, -24, 13), (10, -24, 14), (9, -24, 15), (8, -24, 16)][/color]
[Peer: 440931918] [Turn 4] [color=cyan]  Checking ship Sathar Fighter A (Side 2) at (2.000000, -20.000000, 18.000000) with path [(7, -15, 8), (6, -14, 8), (5, -14, 9), (4, -14, 10), (3, -14, 11), (2, -14, 12), (2, -15, 13), (3, -16, 13), (3, -17, 14), (3, -18, 15), (3, -19, 16), (3, -20, 17), (2, -20, 18)][/color]
[Peer: 440931918] [Turn 4] [color=cyan]  Checking ship Sathar Fighter B (Side 2) at (4.000000, -20.000000, 16.000000) with path [(9, -18, 9), (8, -18, 10), (7, -17, 10), (6, -16, 10), (5, -15, 10), (4, -15, 11), (3, -15, 12), (3, -16, 13), (3, -17, 14), (3, -18, 15), (4, -19, 15), (4, -20, 16)][/color]
[Peer: 440931918] [Turn 4] [color=cyan]  Checking ship Sathar Fighter C (Side 2) at (2.000000, -21.000000, 19.000000) with path [(5, -18, 13), (4, -17, 13), (4, -16, 12), (3, -15, 12), (2, -15, 13), (2, -16, 14), (2, -17, 15), (2, -18, 16), (2, -19, 17), (2, -20, 18), (2, -21, 19)][/color]
[Peer: 440931918] [Turn 4] [color=cyan]  Checking ship Sathar Fighter D (Side 2) at (7.000000, -21.000000, 14.000000) with path [(6, -15, 9), (5, -15, 10), (5, -16, 11), (5, -17, 12), (4, -17, 13), (3, -17, 14), (2, -17, 15), (2, -18, 16), (3, -19, 16), (4, -20, 16), (5, -21, 16), (6, -21, 15), (7, -21, 14)][/color]
[Peer: 440931918] [Turn 4] [color=cyan]  Checking ship Sathar Fighter F (Side 2) at (13.000000, -12.000000, -1.000000) with path [(22, -21, -1), (23, -21, -2), (24, -22, -2), (24, -23, -1), (23, -23, 0), (22, -22, 0), (21, -21, 0), (20, -20, 0), (19, -19, 0), (18, -18, 0), (17, -17, 0), (16, -16, 0), (15, -15, 0), (14, -14, 0), (13, -13, 0), (13, -12, -1)][/color]
[Peer: 440931918] [Turn 4] Mines check complete. Hit ships size: 0
[Peer: 440931918] [Turn 4] [color=cyan]  Checking ship Maelstrom (Side 2) at (16.000000, -20.000000, 4.000000) with path [(13, -18, 5), (14, -18, 4), (15, -19, 4), (16, -20, 4)][/color]
[Peer: 440931918] [Turn 4] [color=cyan]  Checking ship Carrion (Side 2) at (15.000000, -21.000000, 6.000000) with path [(12, -19, 7), (13, -19, 6), (14, -20, 6), (15, -21, 6)][/color]
[Peer: 440931918] [Turn 4] [color=cyan]  Checking ship Deathstroke (Side 2) at (7.000000, -24.000000, 17.000000) with path [(14, -28, 14), (13, -28, 15), (12, -28, 16), (11, -28, 17), (10, -28, 18), (9, -27, 18), (8, -26, 18), (7, -25, 18), (7, -24, 17)][/color]
[Peer: 440931918] [Turn 4] [color=cyan]  Checking ship Bludgeon (Side 2) at (2.000000, -5.000000, 3.000000) with path [(3, -9, 6), (4, -9, 5), (4, -8, 4), (4, -7, 3), (3, -6, 3), (2, -5, 3)][/color]
[Peer: 440931918] [Turn 4] [color=cyan]  Checking ship Viper (Side 2) at (8.000000, -24.000000, 16.000000) with path [(20, -26, 6), (20, -25, 5), (19, -24, 5), (18, -24, 6), (17, -24, 7), (16, -24, 8), (15, -24, 9), (14, -24, 10), (13, -24, 11), (12, -24, 12), (11, -24, 13), (10, -24, 14), (9, -24, 15), (8, -24, 16)][/color]
[Peer: 440931918] [Turn 4] [color=cyan]  Checking ship Sathar Fighter A (Side 2) at (2.000000, -20.000000, 18.000000) with path [(7, -15, 8), (6, -14, 8), (5, -14, 9), (4, -14, 10), (3, -14, 11), (2, -14, 12), (2, -15, 13), (3, -16, 13), (3, -17, 14), (3, -18, 15), (3, -19, 16), (3, -20, 17), (2, -20, 18)][/color]
[Peer: 440931918] [Turn 4] [color=cyan]  Checking ship Sathar Fighter B (Side 2) at (4.000000, -20.000000, 16.000000) with path [(9, -18, 9), (8, -18, 10), (7, -17, 10), (6, -16, 10), (5, -15, 10), (4, -15, 11), (3, -15, 12), (3, -16, 13), (3, -17, 14), (3, -18, 15), (4, -19, 15), (4, -20, 16)][/color]
[Peer: 440931918] [Turn 4] [color=cyan]  Checking ship Sathar Fighter C (Side 2) at (2.000000, -21.000000, 19.000000) with path [(5, -18, 13), (4, -17, 13), (4, -16, 12), (3, -15, 12), (2, -15, 13), (2, -16, 14), (2, -17, 15), (2, -18, 16), (2, -19, 17), (2, -20, 18), (2, -21, 19)][/color]
[Peer: 440931918] [Turn 4] [color=cyan]  Checking ship Sathar Fighter D (Side 2) at (7.000000, -21.000000, 14.000000) with path [(6, -15, 9), (5, -15, 10), (5, -16, 11), (5, -17, 12), (4, -17, 13), (3, -17, 14), (2, -17, 15), (2, -18, 16), (3, -19, 16), (4, -20, 16), (5, -21, 16), (6, -21, 15), (7, -21, 14)][/color]
[Peer: 440931918] [Turn 4] [color=cyan]  Checking ship Sathar Fighter F (Side 2) at (13.000000, -12.000000, -1.000000) with path [(22, -21, -1), (23, -21, -2), (24, -22, -2), (24, -23, -1), (23, -23, 0), (22, -22, 0), (21, -21, 0), (20, -20, 0), (19, -19, 0), (18, -18, 0), (17, -17, 0), (16, -16, 0), (15, -15, 0), (14, -14, 0), (13, -13, 0), (13, -12, -1)][/color]
[Peer: 440931918] [Turn 4] Mines check complete. Hit ships size: 0
[Peer: 440931918] [Turn 4] [color=cyan]  Checking ship Maelstrom (Side 2) at (16.000000, -20.000000, 4.000000) with path [(13, -18, 5), (14, -18, 4), (15, -19, 4), (16, -20, 4)][/color]
[Peer: 440931918] [Turn 4] [color=cyan]  Checking ship Carrion (Side 2) at (15.000000, -21.000000, 6.000000) with path [(12, -19, 7), (13, -19, 6), (14, -20, 6), (15, -21, 6)][/color]
[Peer: 440931918] [Turn 4] [color=cyan]  Checking ship Deathstroke (Side 2) at (7.000000, -24.000000, 17.000000) with path [(14, -28, 14), (13, -28, 15), (12, -28, 16), (11, -28, 17), (10, -28, 18), (9, -27, 18), (8, -26, 18), (7, -25, 18), (7, -24, 17)][/color]
[Peer: 440931918] [Turn 4] [color=cyan]  Checking ship Bludgeon (Side 2) at (2.000000, -5.000000, 3.000000) with path [(3, -9, 6), (4, -9, 5), (4, -8, 4), (4, -7, 3), (3, -6, 3), (2, -5, 3)][/color]
[Peer: 440931918] [Turn 4] [color=cyan]  Checking ship Viper (Side 2) at (8.000000, -24.000000, 16.000000) with path [(20, -26, 6), (20, -25, 5), (19, -24, 5), (18, -24, 6), (17, -24, 7), (16, -24, 8), (15, -24, 9), (14, -24, 10), (13, -24, 11), (12, -24, 12), (11, -24, 13), (10, -24, 14), (9, -24, 15), (8, -24, 16)][/color]
[Peer: 440931918] [Turn 4] [color=cyan]  Checking ship Sathar Fighter A (Side 2) at (2.000000, -20.000000, 18.000000) with path [(7, -15, 8), (6, -14, 8), (5, -14, 9), (4, -14, 10), (3, -14, 11), (2, -14, 12), (2, -15, 13), (3, -16, 13), (3, -17, 14), (3, -18, 15), (3, -19, 16), (3, -20, 17), (2, -20, 18)][/color]
[Peer: 440931918] [Turn 4] [color=cyan]  Checking ship Sathar Fighter B (Side 2) at (4.000000, -20.000000, 16.000000) with path [(9, -18, 9), (8, -18, 10), (7, -17, 10), (6, -16, 10), (5, -15, 10), (4, -15, 11), (3, -15, 12), (3, -16, 13), (3, -17, 14), (3, -18, 15), (4, -19, 15), (4, -20, 16)][/color]
[Peer: 440931918] [Turn 4] [color=cyan]  Checking ship Sathar Fighter C (Side 2) at (2.000000, -21.000000, 19.000000) with path [(5, -18, 13), (4, -17, 13), (4, -16, 12), (3, -15, 12), (2, -15, 13), (2, -16, 14), (2, -17, 15), (2, -18, 16), (2, -19, 17), (2, -20, 18), (2, -21, 19)][/color]
[Peer: 440931918] [Turn 4] [color=cyan]  Checking ship Sathar Fighter D (Side 2) at (7.000000, -21.000000, 14.000000) with path [(6, -15, 9), (5, -15, 10), (5, -16, 11), (5, -17, 12), (4, -17, 13), (3, -17, 14), (2, -17, 15), (2, -18, 16), (3, -19, 16), (4, -20, 16), (5, -21, 16), (6, -21, 15), (7, -21, 14)][/color]
[Peer: 440931918] [Turn 4] [color=cyan]  Checking ship Sathar Fighter F (Side 2) at (13.000000, -12.000000, -1.000000) with path [(22, -21, -1), (23, -21, -2), (24, -22, -2), (24, -23, -1), (23, -23, 0), (22, -22, 0), (21, -21, 0), (20, -20, 0), (19, -19, 0), (18, -18, 0), (17, -17, 0), (16, -16, 0), (15, -15, 0), (14, -14, 0), (13, -13, 0), (13, -12, -1)][/color]
[Peer: 440931918] [Turn 4] Mines check complete. Hit ships size: 0
[Peer: 440931918] [Turn 4] [color=cyan]  Checking ship Maelstrom (Side 2) at (16.000000, -20.000000, 4.000000) with path [(13, -18, 5), (14, -18, 4), (15, -19, 4), (16, -20, 4)][/color]
[Peer: 440931918] [Turn 4] [color=cyan]  Checking ship Carrion (Side 2) at (15.000000, -21.000000, 6.000000) with path [(12, -19, 7), (13, -19, 6), (14, -20, 6), (15, -21, 6)][/color]
[Peer: 440931918] [Turn 4] [color=cyan]  Checking ship Deathstroke (Side 2) at (7.000000, -24.000000, 17.000000) with path [(14, -28, 14), (13, -28, 15), (12, -28, 16), (11, -28, 17), (10, -28, 18), (9, -27, 18), (8, -26, 18), (7, -25, 18), (7, -24, 17)][/color]
[Peer: 440931918] [Turn 4] [color=cyan]  Checking ship Bludgeon (Side 2) at (2.000000, -5.000000, 3.000000) with path [(3, -9, 6), (4, -9, 5), (4, -8, 4), (4, -7, 3), (3, -6, 3), (2, -5, 3)][/color]
[Peer: 440931918] [Turn 4] [color=cyan]  Checking ship Viper (Side 2) at (8.000000, -24.000000, 16.000000) with path [(20, -26, 6), (20, -25, 5), (19, -24, 5), (18, -24, 6), (17, -24, 7), (16, -24, 8), (15, -24, 9), (14, -24, 10), (13, -24, 11), (12, -24, 12), (11, -24, 13), (10, -24, 14), (9, -24, 15), (8, -24, 16)][/color]
[Peer: 440931918] [Turn 4] [color=cyan]  Checking ship Sathar Fighter A (Side 2) at (2.000000, -20.000000, 18.000000) with path [(7, -15, 8), (6, -14, 8), (5, -14, 9), (4, -14, 10), (3, -14, 11), (2, -14, 12), (2, -15, 13), (3, -16, 13), (3, -17, 14), (3, -18, 15), (3, -19, 16), (3, -20, 17), (2, -20, 18)][/color]
[Peer: 440931918] [Turn 4] [color=cyan]  Checking ship Sathar Fighter B (Side 2) at (4.000000, -20.000000, 16.000000) with path [(9, -18, 9), (8, -18, 10), (7, -17, 10), (6, -16, 10), (5, -15, 10), (4, -15, 11), (3, -15, 12), (3, -16, 13), (3, -17, 14), (3, -18, 15), (4, -19, 15), (4, -20, 16)][/color]
[Peer: 440931918] [Turn 4] [color=cyan]  Checking ship Sathar Fighter C (Side 2) at (2.000000, -21.000000, 19.000000) with path [(5, -18, 13), (4, -17, 13), (4, -16, 12), (3, -15, 12), (2, -15, 13), (2, -16, 14), (2, -17, 15), (2, -18, 16), (2, -19, 17), (2, -20, 18), (2, -21, 19)][/color]
[Peer: 440931918] [Turn 4] [color=cyan]  Checking ship Sathar Fighter D (Side 2) at (7.000000, -21.000000, 14.000000) with path [(6, -15, 9), (5, -15, 10), (5, -16, 11), (5, -17, 12), (4, -17, 13), (3, -17, 14), (2, -17, 15), (2, -18, 16), (3, -19, 16), (4, -20, 16), (5, -21, 16), (6, -21, 15), (7, -21, 14)][/color]
[Peer: 440931918] [Turn 4] [color=cyan]  Checking ship Sathar Fighter F (Side 2) at (13.000000, -12.000000, -1.000000) with path [(22, -21, -1), (23, -21, -2), (24, -22, -2), (24, -23, -1), (23, -23, 0), (22, -22, 0), (21, -21, 0), (20, -20, 0), (19, -19, 0), (18, -18, 0), (17, -17, 0), (16, -16, 0), (15, -15, 0), (14, -14, 0), (13, -13, 0), (13, -12, -1)][/color]
[Peer: 440931918] [Turn 4] Mines check complete. Hit ships size: 0
[Peer: 440931918] [Turn 4] [color=cyan]  Checking ship Maelstrom (Side 2) at (16.000000, -20.000000, 4.000000) with path [(13, -18, 5), (14, -18, 4), (15, -19, 4), (16, -20, 4)][/color]
[Peer: 440931918] [Turn 4] [color=cyan]  Checking ship Carrion (Side 2) at (15.000000, -21.000000, 6.000000) with path [(12, -19, 7), (13, -19, 6), (14, -20, 6), (15, -21, 6)][/color]
[Peer: 440931918] [Turn 4] [color=cyan]  Checking ship Deathstroke (Side 2) at (7.000000, -24.000000, 17.000000) with path [(14, -28, 14), (13, -28, 15), (12, -28, 16), (11, -28, 17), (10, -28, 18), (9, -27, 18), (8, -26, 18), (7, -25, 18), (7, -24, 17)][/color]
[Peer: 440931918] [Turn 4] [color=cyan]  Checking ship Bludgeon (Side 2) at (2.000000, -5.000000, 3.000000) with path [(3, -9, 6), (4, -9, 5), (4, -8, 4), (4, -7, 3), (3, -6, 3), (2, -5, 3)][/color]
[Peer: 440931918] [Turn 4] [color=cyan]  Checking ship Viper (Side 2) at (8.000000, -24.000000, 16.000000) with path [(20, -26, 6), (20, -25, 5), (19, -24, 5), (18, -24, 6), (17, -24, 7), (16, -24, 8), (15, -24, 9), (14, -24, 10), (13, -24, 11), (12, -24, 12), (11, -24, 13), (10, -24, 14), (9, -24, 15), (8, -24, 16)][/color]
[Peer: 440931918] [Turn 4] [color=cyan]  Checking ship Sathar Fighter A (Side 2) at (2.000000, -20.000000, 18.000000) with path [(7, -15, 8), (6, -14, 8), (5, -14, 9), (4, -14, 10), (3, -14, 11), (2, -14, 12), (2, -15, 13), (3, -16, 13), (3, -17, 14), (3, -18, 15), (3, -19, 16), (3, -20, 17), (2, -20, 18)][/color]
[Peer: 440931918] [Turn 4] [color=cyan]  Checking ship Sathar Fighter B (Side 2) at (4.000000, -20.000000, 16.000000) with path [(9, -18, 9), (8, -18, 10), (7, -17, 10), (6, -16, 10), (5, -15, 10), (4, -15, 11), (3, -15, 12), (3, -16, 13), (3, -17, 14), (3, -18, 15), (4, -19, 15), (4, -20, 16)][/color]
[Peer: 440931918] [Turn 4] [color=cyan]  Checking ship Sathar Fighter C (Side 2) at (2.000000, -21.000000, 19.000000) with path [(5, -18, 13), (4, -17, 13), (4, -16, 12), (3, -15, 12), (2, -15, 13), (2, -16, 14), (2, -17, 15), (2, -18, 16), (2, -19, 17), (2, -20, 18), (2, -21, 19)][/color]
[Peer: 440931918] [Turn 4] [color=cyan]  Checking ship Sathar Fighter D (Side 2) at (7.000000, -21.000000, 14.000000) with path [(6, -15, 9), (5, -15, 10), (5, -16, 11), (5, -17, 12), (4, -17, 13), (3, -17, 14), (2, -17, 15), (2, -18, 16), (3, -19, 16), (4, -20, 16), (5, -21, 16), (6, -21, 15), (7, -21, 14)][/color]
[Peer: 440931918] [Turn 4] [color=cyan]  Checking ship Sathar Fighter F (Side 2) at (13.000000, -12.000000, -1.000000) with path [(22, -21, -1), (23, -21, -2), (24, -22, -2), (24, -23, -1), (23, -23, 0), (22, -22, 0), (21, -21, 0), (20, -20, 0), (19, -19, 0), (18, -18, 0), (17, -17, 0), (16, -16, 0), (15, -15, 0), (14, -14, 0), (13, -13, 0), (13, -12, -1)][/color]
[Peer: 440931918] [Turn 4] Mines check complete. Hit ships size: 0
[Peer: 440931918] [Turn 4] [color=cyan]  Checking ship Maelstrom (Side 2) at (16.000000, -20.000000, 4.000000) with path [(13, -18, 5), (14, -18, 4), (15, -19, 4), (16, -20, 4)][/color]
[Peer: 440931918] [Turn 4] [color=cyan]  Checking ship Carrion (Side 2) at (15.000000, -21.000000, 6.000000) with path [(12, -19, 7), (13, -19, 6), (14, -20, 6), (15, -21, 6)][/color]
[Peer: 440931918] [Turn 4] [color=cyan]  Checking ship Deathstroke (Side 2) at (7.000000, -24.000000, 17.000000) with path [(14, -28, 14), (13, -28, 15), (12, -28, 16), (11, -28, 17), (10, -28, 18), (9, -27, 18), (8, -26, 18), (7, -25, 18), (7, -24, 17)][/color]
[Peer: 440931918] [Turn 4] [color=cyan]  Checking ship Bludgeon (Side 2) at (2.000000, -5.000000, 3.000000) with path [(3, -9, 6), (4, -9, 5), (4, -8, 4), (4, -7, 3), (3, -6, 3), (2, -5, 3)][/color]
[Peer: 440931918] [Turn 4] [color=cyan]  Checking ship Viper (Side 2) at (8.000000, -24.000000, 16.000000) with path [(20, -26, 6), (20, -25, 5), (19, -24, 5), (18, -24, 6), (17, -24, 7), (16, -24, 8), (15, -24, 9), (14, -24, 10), (13, -24, 11), (12, -24, 12), (11, -24, 13), (10, -24, 14), (9, -24, 15), (8, -24, 16)][/color]
[Peer: 440931918] [Turn 4] [color=cyan]  Checking ship Sathar Fighter A (Side 2) at (2.000000, -20.000000, 18.000000) with path [(7, -15, 8), (6, -14, 8), (5, -14, 9), (4, -14, 10), (3, -14, 11), (2, -14, 12), (2, -15, 13), (3, -16, 13), (3, -17, 14), (3, -18, 15), (3, -19, 16), (3, -20, 17), (2, -20, 18)][/color]
[Peer: 440931918] [Turn 4] [color=cyan]  Checking ship Sathar Fighter B (Side 2) at (4.000000, -20.000000, 16.000000) with path [(9, -18, 9), (8, -18, 10), (7, -17, 10), (6, -16, 10), (5, -15, 10), (4, -15, 11), (3, -15, 12), (3, -16, 13), (3, -17, 14), (3, -18, 15), (4, -19, 15), (4, -20, 16)][/color]
[Peer: 440931918] [Turn 4] [color=cyan]  Checking ship Sathar Fighter C (Side 2) at (2.000000, -21.000000, 19.000000) with path [(5, -18, 13), (4, -17, 13), (4, -16, 12), (3, -15, 12), (2, -15, 13), (2, -16, 14), (2, -17, 15), (2, -18, 16), (2, -19, 17), (2, -20, 18), (2, -21, 19)][/color]
[Peer: 440931918] [Turn 4] [color=cyan]  Checking ship Sathar Fighter D (Side 2) at (7.000000, -21.000000, 14.000000) with path [(6, -15, 9), (5, -15, 10), (5, -16, 11), (5, -17, 12), (4, -17, 13), (3, -17, 14), (2, -17, 15), (2, -18, 16), (3, -19, 16), (4, -20, 16), (5, -21, 16), (6, -21, 15), (7, -21, 14)][/color]
[Peer: 440931918] [Turn 4] [color=cyan]  Checking ship Sathar Fighter F (Side 2) at (13.000000, -12.000000, -1.000000) with path [(22, -21, -1), (23, -21, -2), (24, -22, -2), (24, -23, -1), (23, -23, 0), (22, -22, 0), (21, -21, 0), (20, -20, 0), (19, -19, 0), (18, -18, 0), (17, -17, 0), (16, -16, 0), (15, -15, 0), (14, -14, 0), (13, -13, 0), (13, -12, -1)][/color]
[Peer: 440931918] [Turn 4] Mines check complete. Hit ships size: 0
[Peer: 440931918] [Turn 4] [color=cyan]  Checking ship Maelstrom (Side 2) at (16.000000, -20.000000, 4.000000) with path [(13, -18, 5), (14, -18, 4), (15, -19, 4), (16, -20, 4)][/color]
[Peer: 440931918] [Turn 4] [color=cyan]  Checking ship Carrion (Side 2) at (15.000000, -21.000000, 6.000000) with path [(12, -19, 7), (13, -19, 6), (14, -20, 6), (15, -21, 6)][/color]
[Peer: 440931918] [Turn 4] [color=cyan]  Checking ship Deathstroke (Side 2) at (7.000000, -24.000000, 17.000000) with path [(14, -28, 14), (13, -28, 15), (12, -28, 16), (11, -28, 17), (10, -28, 18), (9, -27, 18), (8, -26, 18), (7, -25, 18), (7, -24, 17)][/color]
[Peer: 440931918] [Turn 4] [color=cyan]  Checking ship Bludgeon (Side 2) at (2.000000, -5.000000, 3.000000) with path [(3, -9, 6), (4, -9, 5), (4, -8, 4), (4, -7, 3), (3, -6, 3), (2, -5, 3)][/color]
[Peer: 440931918] [Turn 4] [color=cyan]  Checking ship Viper (Side 2) at (8.000000, -24.000000, 16.000000) with path [(20, -26, 6), (20, -25, 5), (19, -24, 5), (18, -24, 6), (17, -24, 7), (16, -24, 8), (15, -24, 9), (14, -24, 10), (13, -24, 11), (12, -24, 12), (11, -24, 13), (10, -24, 14), (9, -24, 15), (8, -24, 16)][/color]
[Peer: 440931918] [Turn 4] [color=cyan]  Checking ship Sathar Fighter A (Side 2) at (2.000000, -20.000000, 18.000000) with path [(7, -15, 8), (6, -14, 8), (5, -14, 9), (4, -14, 10), (3, -14, 11), (2, -14, 12), (2, -15, 13), (3, -16, 13), (3, -17, 14), (3, -18, 15), (3, -19, 16), (3, -20, 17), (2, -20, 18)][/color]
[Peer: 440931918] [Turn 4] [color=cyan]  Checking ship Sathar Fighter B (Side 2) at (4.000000, -20.000000, 16.000000) with path [(9, -18, 9), (8, -18, 10), (7, -17, 10), (6, -16, 10), (5, -15, 10), (4, -15, 11), (3, -15, 12), (3, -16, 13), (3, -17, 14), (3, -18, 15), (4, -19, 15), (4, -20, 16)][/color]
[Peer: 440931918] [Turn 4] [color=cyan]  Checking ship Sathar Fighter C (Side 2) at (2.000000, -21.000000, 19.000000) with path [(5, -18, 13), (4, -17, 13), (4, -16, 12), (3, -15, 12), (2, -15, 13), (2, -16, 14), (2, -17, 15), (2, -18, 16), (2, -19, 17), (2, -20, 18), (2, -21, 19)][/color]
[Peer: 440931918] [Turn 4] [color=cyan]  Checking ship Sathar Fighter D (Side 2) at (7.000000, -21.000000, 14.000000) with path [(6, -15, 9), (5, -15, 10), (5, -16, 11), (5, -17, 12), (4, -17, 13), (3, -17, 14), (2, -17, 15), (2, -18, 16), (3, -19, 16), (4, -20, 16), (5, -21, 16), (6, -21, 15), (7, -21, 14)][/color]
[Peer: 440931918] [Turn 4] [color=cyan]  Checking ship Sathar Fighter F (Side 2) at (13.000000, -12.000000, -1.000000) with path [(22, -21, -1), (23, -21, -2), (24, -22, -2), (24, -23, -1), (23, -23, 0), (22, -22, 0), (21, -21, 0), (20, -20, 0), (19, -19, 0), (18, -18, 0), (17, -17, 0), (16, -16, 0), (15, -15, 0), (14, -14, 0), (13, -13, 0), (13, -12, -1)][/color]
[Peer: 440931918] [Turn 4] Mines check complete. Hit ships size: 0
[Peer: 440931918] [Turn 4] [color=cyan]  Checking ship Maelstrom (Side 2) at (16.000000, -20.000000, 4.000000) with path [(13, -18, 5), (14, -18, 4), (15, -19, 4), (16, -20, 4)][/color]
[Peer: 440931918] [Turn 4] [color=cyan]  Checking ship Carrion (Side 2) at (15.000000, -21.000000, 6.000000) with path [(12, -19, 7), (13, -19, 6), (14, -20, 6), (15, -21, 6)][/color]
[Peer: 440931918] [Turn 4] [color=cyan]  Checking ship Deathstroke (Side 2) at (7.000000, -24.000000, 17.000000) with path [(14, -28, 14), (13, -28, 15), (12, -28, 16), (11, -28, 17), (10, -28, 18), (9, -27, 18), (8, -26, 18), (7, -25, 18), (7, -24, 17)][/color]
[Peer: 440931918] [Turn 4] [color=cyan]  Checking ship Bludgeon (Side 2) at (2.000000, -5.000000, 3.000000) with path [(3, -9, 6), (4, -9, 5), (4, -8, 4), (4, -7, 3), (3, -6, 3), (2, -5, 3)][/color]
[Peer: 440931918] [Turn 4] [color=cyan]  Checking ship Viper (Side 2) at (8.000000, -24.000000, 16.000000) with path [(20, -26, 6), (20, -25, 5), (19, -24, 5), (18, -24, 6), (17, -24, 7), (16, -24, 8), (15, -24, 9), (14, -24, 10), (13, -24, 11), (12, -24, 12), (11, -24, 13), (10, -24, 14), (9, -24, 15), (8, -24, 16)][/color]
[Peer: 440931918] [Turn 4] [color=cyan]  Checking ship Sathar Fighter A (Side 2) at (2.000000, -20.000000, 18.000000) with path [(7, -15, 8), (6, -14, 8), (5, -14, 9), (4, -14, 10), (3, -14, 11), (2, -14, 12), (2, -15, 13), (3, -16, 13), (3, -17, 14), (3, -18, 15), (3, -19, 16), (3, -20, 17), (2, -20, 18)][/color]
[Peer: 440931918] [Turn 4] [color=cyan]  Checking ship Sathar Fighter B (Side 2) at (4.000000, -20.000000, 16.000000) with path [(9, -18, 9), (8, -18, 10), (7, -17, 10), (6, -16, 10), (5, -15, 10), (4, -15, 11), (3, -15, 12), (3, -16, 13), (3, -17, 14), (3, -18, 15), (4, -19, 15), (4, -20, 16)][/color]
[Peer: 440931918] [Turn 4] [color=cyan]  Checking ship Sathar Fighter C (Side 2) at (2.000000, -21.000000, 19.000000) with path [(5, -18, 13), (4, -17, 13), (4, -16, 12), (3, -15, 12), (2, -15, 13), (2, -16, 14), (2, -17, 15), (2, -18, 16), (2, -19, 17), (2, -20, 18), (2, -21, 19)][/color]
[Peer: 440931918] [Turn 4] [color=cyan]  Checking ship Sathar Fighter D (Side 2) at (7.000000, -21.000000, 14.000000) with path [(6, -15, 9), (5, -15, 10), (5, -16, 11), (5, -17, 12), (4, -17, 13), (3, -17, 14), (2, -17, 15), (2, -18, 16), (3, -19, 16), (4, -20, 16), (5, -21, 16), (6, -21, 15), (7, -21, 14)][/color]
[Peer: 440931918] [Turn 4] [color=cyan]  Checking ship Sathar Fighter F (Side 2) at (13.000000, -12.000000, -1.000000) with path [(22, -21, -1), (23, -21, -2), (24, -22, -2), (24, -23, -1), (23, -23, 0), (22, -22, 0), (21, -21, 0), (20, -20, 0), (19, -19, 0), (18, -18, 0), (17, -17, 0), (16, -16, 0), (15, -15, 0), (14, -14, 0), (13, -13, 0), (13, -12, -1)][/color]
[Peer: 440931918] [Turn 4] Mines check complete. Hit ships size: 0
[Peer: 440931918] [Turn 4] [color=cyan]  Checking ship Maelstrom (Side 2) at (16.000000, -20.000000, 4.000000) with path [(13, -18, 5), (14, -18, 4), (15, -19, 4), (16, -20, 4)][/color]
[Peer: 440931918] [Turn 4] [color=cyan]  Checking ship Carrion (Side 2) at (15.000000, -21.000000, 6.000000) with path [(12, -19, 7), (13, -19, 6), (14, -20, 6), (15, -21, 6)][/color]
[Peer: 440931918] [Turn 4] [color=cyan]  Checking ship Deathstroke (Side 2) at (7.000000, -24.000000, 17.000000) with path [(14, -28, 14), (13, -28, 15), (12, -28, 16), (11, -28, 17), (10, -28, 18), (9, -27, 18), (8, -26, 18), (7, -25, 18), (7, -24, 17)][/color]
[Peer: 440931918] [Turn 4] [color=cyan]  Checking ship Bludgeon (Side 2) at (2.000000, -5.000000, 3.000000) with path [(3, -9, 6), (4, -9, 5), (4, -8, 4), (4, -7, 3), (3, -6, 3), (2, -5, 3)][/color]
[Peer: 440931918] [Turn 4] [color=cyan]  Checking ship Viper (Side 2) at (8.000000, -24.000000, 16.000000) with path [(20, -26, 6), (20, -25, 5), (19, -24, 5), (18, -24, 6), (17, -24, 7), (16, -24, 8), (15, -24, 9), (14, -24, 10), (13, -24, 11), (12, -24, 12), (11, -24, 13), (10, -24, 14), (9, -24, 15), (8, -24, 16)][/color]
[Peer: 440931918] [Turn 4] [color=cyan]  Checking ship Sathar Fighter A (Side 2) at (2.000000, -20.000000, 18.000000) with path [(7, -15, 8), (6, -14, 8), (5, -14, 9), (4, -14, 10), (3, -14, 11), (2, -14, 12), (2, -15, 13), (3, -16, 13), (3, -17, 14), (3, -18, 15), (3, -19, 16), (3, -20, 17), (2, -20, 18)][/color]
[Peer: 440931918] [Turn 4] [color=cyan]  Checking ship Sathar Fighter B (Side 2) at (4.000000, -20.000000, 16.000000) with path [(9, -18, 9), (8, -18, 10), (7, -17, 10), (6, -16, 10), (5, -15, 10), (4, -15, 11), (3, -15, 12), (3, -16, 13), (3, -17, 14), (3, -18, 15), (4, -19, 15), (4, -20, 16)][/color]
[Peer: 440931918] [Turn 4] [color=cyan]  Checking ship Sathar Fighter C (Side 2) at (2.000000, -21.000000, 19.000000) with path [(5, -18, 13), (4, -17, 13), (4, -16, 12), (3, -15, 12), (2, -15, 13), (2, -16, 14), (2, -17, 15), (2, -18, 16), (2, -19, 17), (2, -20, 18), (2, -21, 19)][/color]
[Peer: 440931918] [Turn 4] [color=cyan]  Checking ship Sathar Fighter D (Side 2) at (7.000000, -21.000000, 14.000000) with path [(6, -15, 9), (5, -15, 10), (5, -16, 11), (5, -17, 12), (4, -17, 13), (3, -17, 14), (2, -17, 15), (2, -18, 16), (3, -19, 16), (4, -20, 16), (5, -21, 16), (6, -21, 15), (7, -21, 14)][/color]
[Peer: 440931918] [Turn 4] [color=cyan]  Checking ship Sathar Fighter F (Side 2) at (13.000000, -12.000000, -1.000000) with path [(22, -21, -1), (23, -21, -2), (24, -22, -2), (24, -23, -1), (23, -23, 0), (22, -22, 0), (21, -21, 0), (20, -20, 0), (19, -19, 0), (18, -18, 0), (17, -17, 0), (16, -16, 0), (15, -15, 0), (14, -14, 0), (13, -13, 0), (13, -12, -1)][/color]
[Peer: 440931918] [Turn 4] Mines check complete. Hit ships size: 0
[Peer: 440931918] [Turn 4] [color=cyan]  Checking ship Maelstrom (Side 2) at (16.000000, -20.000000, 4.000000) with path [(13, -18, 5), (14, -18, 4), (15, -19, 4), (16, -20, 4)][/color]
[Peer: 440931918] [Turn 4] [color=cyan]  Checking ship Carrion (Side 2) at (15.000000, -21.000000, 6.000000) with path [(12, -19, 7), (13, -19, 6), (14, -20, 6), (15, -21, 6)][/color]
[Peer: 440931918] [Turn 4] [color=cyan]  Checking ship Deathstroke (Side 2) at (7.000000, -24.000000, 17.000000) with path [(14, -28, 14), (13, -28, 15), (12, -28, 16), (11, -28, 17), (10, -28, 18), (9, -27, 18), (8, -26, 18), (7, -25, 18), (7, -24, 17)][/color]
[Peer: 440931918] [Turn 4] [color=cyan]  Checking ship Bludgeon (Side 2) at (2.000000, -5.000000, 3.000000) with path [(3, -9, 6), (4, -9, 5), (4, -8, 4), (4, -7, 3), (3, -6, 3), (2, -5, 3)][/color]
[Peer: 440931918] [Turn 4] [color=cyan]  Checking ship Viper (Side 2) at (8.000000, -24.000000, 16.000000) with path [(20, -26, 6), (20, -25, 5), (19, -24, 5), (18, -24, 6), (17, -24, 7), (16, -24, 8), (15, -24, 9), (14, -24, 10), (13, -24, 11), (12, -24, 12), (11, -24, 13), (10, -24, 14), (9, -24, 15), (8, -24, 16)][/color]
[Peer: 440931918] [Turn 4] [color=cyan]  Checking ship Sathar Fighter A (Side 2) at (2.000000, -20.000000, 18.000000) with path [(7, -15, 8), (6, -14, 8), (5, -14, 9), (4, -14, 10), (3, -14, 11), (2, -14, 12), (2, -15, 13), (3, -16, 13), (3, -17, 14), (3, -18, 15), (3, -19, 16), (3, -20, 17), (2, -20, 18)][/color]
[Peer: 440931918] [Turn 4] [color=cyan]  Checking ship Sathar Fighter B (Side 2) at (4.000000, -20.000000, 16.000000) with path [(9, -18, 9), (8, -18, 10), (7, -17, 10), (6, -16, 10), (5, -15, 10), (4, -15, 11), (3, -15, 12), (3, -16, 13), (3, -17, 14), (3, -18, 15), (4, -19, 15), (4, -20, 16)][/color]
[Peer: 440931918] [Turn 4] [color=cyan]  Checking ship Sathar Fighter C (Side 2) at (2.000000, -21.000000, 19.000000) with path [(5, -18, 13), (4, -17, 13), (4, -16, 12), (3, -15, 12), (2, -15, 13), (2, -16, 14), (2, -17, 15), (2, -18, 16), (2, -19, 17), (2, -20, 18), (2, -21, 19)][/color]
[Peer: 440931918] [Turn 4] [color=cyan]  Checking ship Sathar Fighter D (Side 2) at (7.000000, -21.000000, 14.000000) with path [(6, -15, 9), (5, -15, 10), (5, -16, 11), (5, -17, 12), (4, -17, 13), (3, -17, 14), (2, -17, 15), (2, -18, 16), (3, -19, 16), (4, -20, 16), (5, -21, 16), (6, -21, 15), (7, -21, 14)][/color]
[Peer: 440931918] [Turn 4] [color=cyan]  Checking ship Sathar Fighter F (Side 2) at (13.000000, -12.000000, -1.000000) with path [(22, -21, -1), (23, -21, -2), (24, -22, -2), (24, -23, -1), (23, -23, 0), (22, -22, 0), (21, -21, 0), (20, -20, 0), (19, -19, 0), (18, -18, 0), (17, -17, 0), (16, -16, 0), (15, -15, 0), (14, -14, 0), (13, -13, 0), (13, -12, -1)][/color]
[Peer: 440931918] [Turn 4] Mines check complete. Hit ships size: 0
[Peer: 440931918] [Turn 4] [color=cyan]  Checking ship Maelstrom (Side 2) at (16.000000, -20.000000, 4.000000) with path [(13, -18, 5), (14, -18, 4), (15, -19, 4), (16, -20, 4)][/color]
[Peer: 440931918] [Turn 4] [color=cyan]  Checking ship Carrion (Side 2) at (15.000000, -21.000000, 6.000000) with path [(12, -19, 7), (13, -19, 6), (14, -20, 6), (15, -21, 6)][/color]
[Peer: 440931918] [Turn 4] [color=cyan]  Checking ship Deathstroke (Side 2) at (7.000000, -24.000000, 17.000000) with path [(14, -28, 14), (13, -28, 15), (12, -28, 16), (11, -28, 17), (10, -28, 18), (9, -27, 18), (8, -26, 18), (7, -25, 18), (7, -24, 17)][/color]
[Peer: 440931918] [Turn 4] [color=cyan]  Checking ship Bludgeon (Side 2) at (2.000000, -5.000000, 3.000000) with path [(3, -9, 6), (4, -9, 5), (4, -8, 4), (4, -7, 3), (3, -6, 3), (2, -5, 3)][/color]
[Peer: 440931918] [Turn 4] [color=cyan]  Checking ship Viper (Side 2) at (8.000000, -24.000000, 16.000000) with path [(20, -26, 6), (20, -25, 5), (19, -24, 5), (18, -24, 6), (17, -24, 7), (16, -24, 8), (15, -24, 9), (14, -24, 10), (13, -24, 11), (12, -24, 12), (11, -24, 13), (10, -24, 14), (9, -24, 15), (8, -24, 16)][/color]
[Peer: 440931918] [Turn 4] [color=cyan]  Checking ship Sathar Fighter A (Side 2) at (2.000000, -20.000000, 18.000000) with path [(7, -15, 8), (6, -14, 8), (5, -14, 9), (4, -14, 10), (3, -14, 11), (2, -14, 12), (2, -15, 13), (3, -16, 13), (3, -17, 14), (3, -18, 15), (3, -19, 16), (3, -20, 17), (2, -20, 18)][/color]
[Peer: 440931918] [Turn 4] [color=cyan]  Checking ship Sathar Fighter B (Side 2) at (4.000000, -20.000000, 16.000000) with path [(9, -18, 9), (8, -18, 10), (7, -17, 10), (6, -16, 10), (5, -15, 10), (4, -15, 11), (3, -15, 12), (3, -16, 13), (3, -17, 14), (3, -18, 15), (4, -19, 15), (4, -20, 16)][/color]
[Peer: 440931918] [Turn 4] [color=cyan]  Checking ship Sathar Fighter C (Side 2) at (2.000000, -21.000000, 19.000000) with path [(5, -18, 13), (4, -17, 13), (4, -16, 12), (3, -15, 12), (2, -15, 13), (2, -16, 14), (2, -17, 15), (2, -18, 16), (2, -19, 17), (2, -20, 18), (2, -21, 19)][/color]
[Peer: 440931918] [Turn 4] [color=cyan]  Checking ship Sathar Fighter D (Side 2) at (7.000000, -21.000000, 14.000000) with path [(6, -15, 9), (5, -15, 10), (5, -16, 11), (5, -17, 12), (4, -17, 13), (3, -17, 14), (2, -17, 15), (2, -18, 16), (3, -19, 16), (4, -20, 16), (5, -21, 16), (6, -21, 15), (7, -21, 14)][/color]
[Peer: 440931918] [Turn 4] [color=cyan]  Checking ship Sathar Fighter F (Side 2) at (13.000000, -12.000000, -1.000000) with path [(22, -21, -1), (23, -21, -2), (24, -22, -2), (24, -23, -1), (23, -23, 0), (22, -22, 0), (21, -21, 0), (20, -20, 0), (19, -19, 0), (18, -18, 0), (17, -17, 0), (16, -16, 0), (15, -15, 0), (14, -14, 0), (13, -13, 0), (13, -12, -1)][/color]
[Peer: 440931918] [Turn 4] Mines check complete. Hit ships size: 0
[Peer: 440931918] [Turn 4] [color=cyan]  Checking ship Maelstrom (Side 2) at (16.000000, -20.000000, 4.000000) with path [(13, -18, 5), (14, -18, 4), (15, -19, 4), (16, -20, 4)][/color]
[Peer: 440931918] [Turn 4] [color=cyan]  Checking ship Carrion (Side 2) at (15.000000, -21.000000, 6.000000) with path [(12, -19, 7), (13, -19, 6), (14, -20, 6), (15, -21, 6)][/color]
[Peer: 440931918] [Turn 4] [color=cyan]  Checking ship Deathstroke (Side 2) at (7.000000, -24.000000, 17.000000) with path [(14, -28, 14), (13, -28, 15), (12, -28, 16), (11, -28, 17), (10, -28, 18), (9, -27, 18), (8, -26, 18), (7, -25, 18), (7, -24, 17)][/color]
[Peer: 440931918] [Turn 4] [color=cyan]  Checking ship Bludgeon (Side 2) at (2.000000, -5.000000, 3.000000) with path [(3, -9, 6), (4, -9, 5), (4, -8, 4), (4, -7, 3), (3, -6, 3), (2, -5, 3)][/color]
[Peer: 440931918] [Turn 4] [color=cyan]  Checking ship Viper (Side 2) at (8.000000, -24.000000, 16.000000) with path [(20, -26, 6), (20, -25, 5), (19, -24, 5), (18, -24, 6), (17, -24, 7), (16, -24, 8), (15, -24, 9), (14, -24, 10), (13, -24, 11), (12, -24, 12), (11, -24, 13), (10, -24, 14), (9, -24, 15), (8, -24, 16)][/color]
[Peer: 440931918] [Turn 4] [color=cyan]  Checking ship Sathar Fighter A (Side 2) at (2.000000, -20.000000, 18.000000) with path [(7, -15, 8), (6, -14, 8), (5, -14, 9), (4, -14, 10), (3, -14, 11), (2, -14, 12), (2, -15, 13), (3, -16, 13), (3, -17, 14), (3, -18, 15), (3, -19, 16), (3, -20, 17), (2, -20, 18)][/color]
[Peer: 440931918] [Turn 4] [color=cyan]  Checking ship Sathar Fighter B (Side 2) at (4.000000, -20.000000, 16.000000) with path [(9, -18, 9), (8, -18, 10), (7, -17, 10), (6, -16, 10), (5, -15, 10), (4, -15, 11), (3, -15, 12), (3, -16, 13), (3, -17, 14), (3, -18, 15), (4, -19, 15), (4, -20, 16)][/color]
[Peer: 440931918] [Turn 4] [color=cyan]  Checking ship Sathar Fighter C (Side 2) at (2.000000, -21.000000, 19.000000) with path [(5, -18, 13), (4, -17, 13), (4, -16, 12), (3, -15, 12), (2, -15, 13), (2, -16, 14), (2, -17, 15), (2, -18, 16), (2, -19, 17), (2, -20, 18), (2, -21, 19)][/color]
[Peer: 440931918] [Turn 4] [color=cyan]  Checking ship Sathar Fighter D (Side 2) at (7.000000, -21.000000, 14.000000) with path [(6, -15, 9), (5, -15, 10), (5, -16, 11), (5, -17, 12), (4, -17, 13), (3, -17, 14), (2, -17, 15), (2, -18, 16), (3, -19, 16), (4, -20, 16), (5, -21, 16), (6, -21, 15), (7, -21, 14)][/color]
[Peer: 440931918] [Turn 4] [color=cyan]  Checking ship Sathar Fighter F (Side 2) at (13.000000, -12.000000, -1.000000) with path [(22, -21, -1), (23, -21, -2), (24, -22, -2), (24, -23, -1), (23, -23, 0), (22, -22, 0), (21, -21, 0), (20, -20, 0), (19, -19, 0), (18, -18, 0), (17, -17, 0), (16, -16, 0), (15, -15, 0), (14, -14, 0), (13, -13, 0), (13, -12, -1)][/color]
[Peer: 440931918] [Turn 4] Mines check complete. Hit ships size: 0
[Peer: 440931918] [Turn 4] [color=cyan]  Checking ship Maelstrom (Side 2) at (16.000000, -20.000000, 4.000000) with path [(13, -18, 5), (14, -18, 4), (15, -19, 4), (16, -20, 4)][/color]
[Peer: 440931918] [Turn 4] [color=cyan]  Checking ship Carrion (Side 2) at (15.000000, -21.000000, 6.000000) with path [(12, -19, 7), (13, -19, 6), (14, -20, 6), (15, -21, 6)][/color]
[Peer: 440931918] [Turn 4] [color=cyan]  Checking ship Deathstroke (Side 2) at (7.000000, -24.000000, 17.000000) with path [(14, -28, 14), (13, -28, 15), (12, -28, 16), (11, -28, 17), (10, -28, 18), (9, -27, 18), (8, -26, 18), (7, -25, 18), (7, -24, 17)][/color]
[Peer: 440931918] [Turn 4] [color=cyan]  Checking ship Bludgeon (Side 2) at (2.000000, -5.000000, 3.000000) with path [(3, -9, 6), (4, -9, 5), (4, -8, 4), (4, -7, 3), (3, -6, 3), (2, -5, 3)][/color]
[Peer: 440931918] [Turn 4] [color=cyan]  Checking ship Viper (Side 2) at (8.000000, -24.000000, 16.000000) with path [(20, -26, 6), (20, -25, 5), (19, -24, 5), (18, -24, 6), (17, -24, 7), (16, -24, 8), (15, -24, 9), (14, -24, 10), (13, -24, 11), (12, -24, 12), (11, -24, 13), (10, -24, 14), (9, -24, 15), (8, -24, 16)][/color]
[Peer: 440931918] [Turn 4] [color=cyan]  Checking ship Sathar Fighter A (Side 2) at (2.000000, -20.000000, 18.000000) with path [(7, -15, 8), (6, -14, 8), (5, -14, 9), (4, -14, 10), (3, -14, 11), (2, -14, 12), (2, -15, 13), (3, -16, 13), (3, -17, 14), (3, -18, 15), (3, -19, 16), (3, -20, 17), (2, -20, 18)][/color]
[Peer: 440931918] [Turn 4] [color=cyan]  Checking ship Sathar Fighter B (Side 2) at (4.000000, -20.000000, 16.000000) with path [(9, -18, 9), (8, -18, 10), (7, -17, 10), (6, -16, 10), (5, -15, 10), (4, -15, 11), (3, -15, 12), (3, -16, 13), (3, -17, 14), (3, -18, 15), (4, -19, 15), (4, -20, 16)][/color]
[Peer: 440931918] [Turn 4] [color=cyan]  Checking ship Sathar Fighter C (Side 2) at (2.000000, -21.000000, 19.000000) with path [(5, -18, 13), (4, -17, 13), (4, -16, 12), (3, -15, 12), (2, -15, 13), (2, -16, 14), (2, -17, 15), (2, -18, 16), (2, -19, 17), (2, -20, 18), (2, -21, 19)][/color]
[Peer: 440931918] [Turn 4] [color=cyan]  Checking ship Sathar Fighter D (Side 2) at (7.000000, -21.000000, 14.000000) with path [(6, -15, 9), (5, -15, 10), (5, -16, 11), (5, -17, 12), (4, -17, 13), (3, -17, 14), (2, -17, 15), (2, -18, 16), (3, -19, 16), (4, -20, 16), (5, -21, 16), (6, -21, 15), (7, -21, 14)][/color]
[Peer: 440931918] [Turn 4] [color=cyan]  Checking ship Sathar Fighter F (Side 2) at (13.000000, -12.000000, -1.000000) with path [(22, -21, -1), (23, -21, -2), (24, -22, -2), (24, -23, -1), (23, -23, 0), (22, -22, 0), (21, -21, 0), (20, -20, 0), (19, -19, 0), (18, -18, 0), (17, -17, 0), (16, -16, 0), (15, -15, 0), (14, -14, 0), (13, -13, 0), (13, -12, -1)][/color]
[Peer: 440931918] [Turn 4] Mines check complete. Hit ships size: 0
[Peer: 440931918] [Turn 4] [color=cyan]  Checking ship Maelstrom (Side 2) at (16.000000, -20.000000, 4.000000) with path [(13, -18, 5), (14, -18, 4), (15, -19, 4), (16, -20, 4)][/color]
[Peer: 440931918] [Turn 4] [color=cyan]  Checking ship Carrion (Side 2) at (15.000000, -21.000000, 6.000000) with path [(12, -19, 7), (13, -19, 6), (14, -20, 6), (15, -21, 6)][/color]
[Peer: 440931918] [Turn 4] [color=cyan]  Checking ship Deathstroke (Side 2) at (7.000000, -24.000000, 17.000000) with path [(14, -28, 14), (13, -28, 15), (12, -28, 16), (11, -28, 17), (10, -28, 18), (9, -27, 18), (8, -26, 18), (7, -25, 18), (7, -24, 17)][/color]
[Peer: 440931918] [Turn 4] [color=cyan]  Checking ship Bludgeon (Side 2) at (2.000000, -5.000000, 3.000000) with path [(3, -9, 6), (4, -9, 5), (4, -8, 4), (4, -7, 3), (3, -6, 3), (2, -5, 3)][/color]
[Peer: 440931918] [Turn 4] [color=cyan]  Checking ship Viper (Side 2) at (8.000000, -24.000000, 16.000000) with path [(20, -26, 6), (20, -25, 5), (19, -24, 5), (18, -24, 6), (17, -24, 7), (16, -24, 8), (15, -24, 9), (14, -24, 10), (13, -24, 11), (12, -24, 12), (11, -24, 13), (10, -24, 14), (9, -24, 15), (8, -24, 16)][/color]
[Peer: 440931918] [Turn 4] [color=cyan]  Checking ship Sathar Fighter A (Side 2) at (2.000000, -20.000000, 18.000000) with path [(7, -15, 8), (6, -14, 8), (5, -14, 9), (4, -14, 10), (3, -14, 11), (2, -14, 12), (2, -15, 13), (3, -16, 13), (3, -17, 14), (3, -18, 15), (3, -19, 16), (3, -20, 17), (2, -20, 18)][/color]
[Peer: 440931918] [Turn 4] [color=cyan]  Checking ship Sathar Fighter B (Side 2) at (4.000000, -20.000000, 16.000000) with path [(9, -18, 9), (8, -18, 10), (7, -17, 10), (6, -16, 10), (5, -15, 10), (4, -15, 11), (3, -15, 12), (3, -16, 13), (3, -17, 14), (3, -18, 15), (4, -19, 15), (4, -20, 16)][/color]
[Peer: 440931918] [Turn 4] [color=cyan]  Checking ship Sathar Fighter C (Side 2) at (2.000000, -21.000000, 19.000000) with path [(5, -18, 13), (4, -17, 13), (4, -16, 12), (3, -15, 12), (2, -15, 13), (2, -16, 14), (2, -17, 15), (2, -18, 16), (2, -19, 17), (2, -20, 18), (2, -21, 19)][/color]
[Peer: 440931918] [Turn 4] [color=cyan]  Checking ship Sathar Fighter D (Side 2) at (7.000000, -21.000000, 14.000000) with path [(6, -15, 9), (5, -15, 10), (5, -16, 11), (5, -17, 12), (4, -17, 13), (3, -17, 14), (2, -17, 15), (2, -18, 16), (3, -19, 16), (4, -20, 16), (5, -21, 16), (6, -21, 15), (7, -21, 14)][/color]
[Peer: 440931918] [Turn 4] [color=cyan]  Checking ship Sathar Fighter F (Side 2) at (13.000000, -12.000000, -1.000000) with path [(22, -21, -1), (23, -21, -2), (24, -22, -2), (24, -23, -1), (23, -23, 0), (22, -22, 0), (21, -21, 0), (20, -20, 0), (19, -19, 0), (18, -18, 0), (17, -17, 0), (16, -16, 0), (15, -15, 0), (14, -14, 0), (13, -13, 0), (13, -12, -1)][/color]
[Peer: 440931918] [Turn 4] Mines check complete. Hit ships size: 0
[Peer: 440931918] [Turn 4] [color=cyan]  Checking ship Maelstrom (Side 2) at (16.000000, -20.000000, 4.000000) with path [(13, -18, 5), (14, -18, 4), (15, -19, 4), (16, -20, 4)][/color]
[Peer: 440931918] [Turn 4] [color=cyan]  Checking ship Carrion (Side 2) at (15.000000, -21.000000, 6.000000) with path [(12, -19, 7), (13, -19, 6), (14, -20, 6), (15, -21, 6)][/color]
[Peer: 440931918] [Turn 4] [color=cyan]  Checking ship Deathstroke (Side 2) at (7.000000, -24.000000, 17.000000) with path [(14, -28, 14), (13, -28, 15), (12, -28, 16), (11, -28, 17), (10, -28, 18), (9, -27, 18), (8, -26, 18), (7, -25, 18), (7, -24, 17)][/color]
[Peer: 440931918] [Turn 4] [color=cyan]  Checking ship Bludgeon (Side 2) at (2.000000, -5.000000, 3.000000) with path [(3, -9, 6), (4, -9, 5), (4, -8, 4), (4, -7, 3), (3, -6, 3), (2, -5, 3)][/color]
[Peer: 440931918] [Turn 4] [color=cyan]  Checking ship Viper (Side 2) at (8.000000, -24.000000, 16.000000) with path [(20, -26, 6), (20, -25, 5), (19, -24, 5), (18, -24, 6), (17, -24, 7), (16, -24, 8), (15, -24, 9), (14, -24, 10), (13, -24, 11), (12, -24, 12), (11, -24, 13), (10, -24, 14), (9, -24, 15), (8, -24, 16)][/color]
[Peer: 440931918] [Turn 4] [color=cyan]  Checking ship Sathar Fighter A (Side 2) at (2.000000, -20.000000, 18.000000) with path [(7, -15, 8), (6, -14, 8), (5, -14, 9), (4, -14, 10), (3, -14, 11), (2, -14, 12), (2, -15, 13), (3, -16, 13), (3, -17, 14), (3, -18, 15), (3, -19, 16), (3, -20, 17), (2, -20, 18)][/color]
[Peer: 440931918] [Turn 4] [color=cyan]  Checking ship Sathar Fighter B (Side 2) at (4.000000, -20.000000, 16.000000) with path [(9, -18, 9), (8, -18, 10), (7, -17, 10), (6, -16, 10), (5, -15, 10), (4, -15, 11), (3, -15, 12), (3, -16, 13), (3, -17, 14), (3, -18, 15), (4, -19, 15), (4, -20, 16)][/color]
[Peer: 440931918] [Turn 4] [color=cyan]  Checking ship Sathar Fighter C (Side 2) at (2.000000, -21.000000, 19.000000) with path [(5, -18, 13), (4, -17, 13), (4, -16, 12), (3, -15, 12), (2, -15, 13), (2, -16, 14), (2, -17, 15), (2, -18, 16), (2, -19, 17), (2, -20, 18), (2, -21, 19)][/color]
[Peer: 440931918] [Turn 4] [color=cyan]  Checking ship Sathar Fighter D (Side 2) at (7.000000, -21.000000, 14.000000) with path [(6, -15, 9), (5, -15, 10), (5, -16, 11), (5, -17, 12), (4, -17, 13), (3, -17, 14), (2, -17, 15), (2, -18, 16), (3, -19, 16), (4, -20, 16), (5, -21, 16), (6, -21, 15), (7, -21, 14)][/color]
[Peer: 440931918] [Turn 4] [color=cyan]  Checking ship Sathar Fighter F (Side 2) at (13.000000, -12.000000, -1.000000) with path [(22, -21, -1), (23, -21, -2), (24, -22, -2), (24, -23, -1), (23, -23, 0), (22, -22, 0), (21, -21, 0), (20, -20, 0), (19, -19, 0), (18, -18, 0), (17, -17, 0), (16, -16, 0), (15, -15, 0), (14, -14, 0), (13, -13, 0), (13, -12, -1)][/color]
[Peer: 440931918] [Turn 4] Mines check complete. Hit ships size: 0
[Peer: 440931918] [Turn 4] [color=cyan]!!! DEBUG !!! Entering Seeker Movement. Active Seekers: 4[/color]
[Peer: 440931918] [Turn 4] Movement Phase Complete for Side 1. Starting Combat.
[DEBUG] start_combat_passive: Side 2 firing (Opponent of Moving Side 1)
[Peer: 440931918] [Turn 4] Combat Planning: Side 2
[DEBUG] TARGET CHECK P2. Ships: 10
[DEBUG] Weapon Torpedoes N/A for Carrion (Phase 3, Fired false)
[DEBUG] Weapon Torpedoes N/A for Deathstroke (Phase 3, Fired false)
[DEBUG] VALID: Bludgeon found target with Laser Battery
[Peer: 440931918] [Turn 4] AI Planning: DD Bludgeon -> ST Ken'zah Station with Laser Battery (Utility: 8.08)
[Peer: 440931918] [Turn 4] AI Planning: DD Bludgeon -> F Fighter A with Laser Canon (Utility: 6.83)
[Peer: 440931918] [Turn 4] AI Planning: DD Bludgeon -> ST Ken'zah Station with Electron Battery (Utility: 8.99)
[Peer: 440931918] [Turn 4] AI Planning: DD Bludgeon -> F Fighter A with Rocket Batteries (Utility: 6.25)
[Peer: 440931918] [Turn 4] Resolving 4 attacks...
[Peer: 440931918] [Turn 4] DD Bludgeon firing Laser Battery at ST Ken'zah Station
Combat Roll: Distance 4, Chance 30%, Rolled 51
[Peer: 440931918] [Turn 4] Firing Ship: DD Bludgeon, Weapon: Laser Battery, Odds: 30%, Roll: 51, Result: MISS
[Peer: 440931918] [Turn 4] [color=red]MISS![/color]
[Peer: 440931918] [Turn 4] DD Bludgeon firing Laser Battery at ST Ken'zah Station
[Peer: 440931918] [Turn 4] Firing Ship: DD Bludgeon, Weapon: Laser Battery, Odds: 30%, Roll: 51, Result: MISS
[Peer: 440931918] [Turn 4] DD Bludgeon firing Laser Canon at F Fighter A
[Peer: 440931918] [Turn 4] DD Bludgeon firing Laser Canon at F Fighter A
Combat Roll: Distance 3, Chance 55%, Rolled 18
[Peer: 440931918] [Turn 4] Firing Ship: DD Bludgeon, Weapon: Laser Canon, Odds: 55%, Roll: 18, Result: HIT
Damage Roll: 2d10+0 -> 12
Damage Roll: d100(88) + DTM(0) = 88
[Peer: 440931918] [Turn 4] [color=green]HIT![/color] Rolling Damage Table (d100+0 = 88)
[Peer: 440931918] [Turn 4] Firing Ship: DD Bludgeon, Weapon: Laser Canon, Odds: 55%, Roll: 18, Result: HIT
[Peer: 440931918] [Turn 4] [color=green]HIT![/color] Rolling Damage Table (d100+0 = 88)
[Peer: 440931918] [Turn 4] Fighter A: Combat Control System Hit (-10% Hit Chance)
[Peer: 440931918] [Turn 4] DD Bludgeon firing Electron Battery at ST Ken'zah Station
[Peer: 440931918] [Turn 4] Firing Ship: DD Bludgeon, Weapon: Electron Battery, Odds: 40%, Roll: 34, Result: HIT
[Peer: 440931918] [Turn 4] [color=green]HIT![/color] Rolling Damage Table (d100+10 = 24)
[Peer: 440931918] [Turn 4] DD Bludgeon firing Electron Battery at ST Ken'zah Station
Combat Roll: Distance 4, Chance 40%, Rolled 34
[Peer: 440931918] [Turn 4] Firing Ship: DD Bludgeon, Weapon: Electron Battery, Odds: 40%, Roll: 34, Result: HIT
Damage Roll: 1d10+0 -> 2
Damage Roll: d100(14) + DTM(10) = 24
[Peer: 440931918] [Turn 4] [color=green]HIT![/color] Rolling Damage Table (d100+10 = 24)
[Peer: 440931918] [Turn 4] Ken'zah Station: Hull Hit (2 Damage)
[Peer: 440931918] [Turn 4] DD Bludgeon firing Rocket Batteries at F Fighter A
[Peer: 440931918] [Turn 4] Firing Ship: DD Bludgeon, Weapon: Rocket Batteries, Odds: 40%, Roll: 66, Result: MISS
[Peer: 440931918] [Turn 4] DD Bludgeon firing Rocket Batteries at F Fighter A
Combat Roll: Distance 3, Chance 40%, Rolled 66
[Peer: 440931918] [Turn 4] Firing Ship: DD Bludgeon, Weapon: Rocket Batteries, Odds: 40%, Roll: 66, Result: MISS
[Peer: 440931918] [Turn 4] [color=red]MISS![/color]
[Peer: 440931918] [Turn 4] Resolution Phase Complete.
[Peer: 440931918] [Turn 4] Turn Segment Complete.
[DEBUG] start_combat_active: Side 1 firing (Active Side)
[Peer: 440931918] [Turn 4] Combat Planning: Side 1
[DEBUG] TARGET CHECK P1. Ships: 9
[DEBUG] VALID: Ken'zah Station found target with Laser Battery
[Peer: 440931918] [Turn 4] Resolving 5 attacks...
[Peer: 440931918] [Turn 4] ST Ken'zah Station firing Laser Battery at DD Bludgeon
Combat Roll: Distance 4, Chance 30%, Rolled 12
[Peer: 440931918] [Turn 4] Firing Ship: ST Ken'zah Station, Weapon: Laser Battery, Odds: 30%, Roll: 12, Result: HIT
Damage Roll: 1d10+0 -> 1
Damage Roll: d100(93) + DTM(0) = 93
[Peer: 440931918] [Turn 4] [color=green]HIT![/color] Rolling Damage Table (d100+0 = 93)
[Peer: 440931918] [Turn 4] ST Ken'zah Station firing Laser Battery at DD Bludgeon
[Peer: 440931918] [Turn 4] Firing Ship: ST Ken'zah Station, Weapon: Laser Battery, Odds: 30%, Roll: 12, Result: HIT
[Peer: 440931918] [Turn 4] [color=green]HIT![/color] Rolling Damage Table (d100+0 = 93)
[Peer: 440931918] [Turn 4] Bludgeon: Navigation Hit (ADF=0, MR=0)
[Peer: 440931918] [Turn 4] ST Ken'zah Station firing Laser Battery at DD Bludgeon
[Peer: 440931918] [Turn 4] Firing Ship: ST Ken'zah Station, Weapon: Laser Battery, Odds: 30%, Roll: 74, Result: MISS
[Peer: 440931918] [Turn 4] ST Ken'zah Station firing Laser Battery at DD Bludgeon
Combat Roll: Distance 4, Chance 30%, Rolled 74
[Peer: 440931918] [Turn 4] Firing Ship: ST Ken'zah Station, Weapon: Laser Battery, Odds: 30%, Roll: 74, Result: MISS
[Peer: 440931918] [Turn 4] [color=red]MISS![/color]
[Peer: 440931918] [Turn 4] FG Shimmer firing Laser Battery at DD Bludgeon
[Peer: 440931918] [Turn 4] Firing Ship: FG Shimmer, Weapon: Laser Battery, Odds: 35%, Roll: 91, Result: MISS
[Peer: 440931918] [Turn 4] FG Shimmer firing Laser Battery at DD Bludgeon
Combat Roll: Distance 3, Chance 35%, Rolled 91
[Peer: 440931918] [Turn 4] Firing Ship: FG Shimmer, Weapon: Laser Battery, Odds: 35%, Roll: 91, Result: MISS
[Peer: 440931918] [Turn 4] [color=red]MISS![/color]
[Peer: 440931918] [Turn 4] FG Shimmer firing Rocket Batteries at DD Bludgeon
>>> DEBUG RPC ICM: Target Name string = Bludgeon
>>> DEBUG RPC ICM: IS AI TARGET = true
[Peer: 440931918] [Turn 4] FG Shimmer firing Rocket Batteries at DD Bludgeon
>>> TRIGGER ICM TOP. Target=Bludgeon
>>> TRIGGER ICM MID: is_networked=true
>>> DEBUG RPC ICM: Target Name string = Bludgeon
>>> DEBUG RPC ICM: IS AI TARGET = true
DEBUG: broadcast_icm_decision called on peer 440931918
[Peer: 440931918] [Turn 4] Firing Ship: FG Shimmer, Weapon: Rocket Batteries, Odds: 40%, Roll: 48, Result: MISS
Combat Roll: Distance 3, Chance 40%, Rolled 48
[Peer: 440931918] [Turn 4] Firing Ship: FG Shimmer, Weapon: Rocket Batteries, Odds: 40%, Roll: 48, Result: MISS
[Peer: 440931918] [Turn 4] [color=red]MISS![/color]
DEBUG: broadcast_icm_decision called on peer 440931918
[Peer: 440931918] [Turn 4] FG Shimmer firing Torpedoes at DD Bludgeon
[Peer: 440931918] [Turn 4] FG Shimmer firing Torpedoes at DD Bludgeon
>>> TRIGGER ICM TOP. Target=Bludgeon
>>> TRIGGER ICM MID: is_networked=true
>>> DEBUG RPC ICM: Target Name string = Bludgeon
>>> DEBUG RPC ICM: IS AI TARGET = true
Combat Roll: Distance 3, Chance 70%, Rolled 20
[Peer: 440931918] [Turn 4] Firing Ship: FG Shimmer, Weapon: Torpedoes, Odds: 70%, Roll: 20, Result: HIT
Damage Roll: 4d10+0 -> 28
Damage Roll: d100(51) + DTM(20) = 71
[Peer: 440931918] [Turn 4] [color=green]HIT![/color] Rolling Damage Table (d100+20 = 71)
>>> DEBUG RPC ICM: Target Name string = Bludgeon
>>> DEBUG RPC ICM: IS AI TARGET = true
[Peer: 440931918] [Turn 4] Firing Ship: FG Shimmer, Weapon: Torpedoes, Odds: 70%, Roll: 20, Result: HIT
[Peer: 440931918] [Turn 4] [color=green]HIT![/color] Rolling Damage Table (d100+20 = 71)
[Peer: 440931918] [Turn 4] Bludgeon: Power Short Circuit (Lose ICMs)
DEBUG: broadcast_icm_decision called on peer 440931918
DEBUG: broadcast_icm_decision called on peer 440931918
[Peer: 440931918] [Turn 4] Resolution Phase Complete.
[Peer: 440931918] [Turn 4] Turn Segment Complete.
[Peer: 440931918] [Turn 4] === Turn Start: Side Sathar ===
DEBUG: Rejected Ken'zah Station Side:1 CurSide:2 Moved:false
DEBUG: Rejected Z'Rak't Zoz Side:1 CurSide:2 Moved:false
DEBUG: Rejected Shimmer Side:1 CurSide:2 Moved:false
DEBUG: Rejected Zz'Nakk'T Side:1 CurSide:2 Moved:false
DEBUG: Rejected Fighter A Side:1 CurSide:2 Moved:false
DEBUG: Rejected Fighter B Side:1 CurSide:2 Moved:false
DEBUG: Rejected Fighter C Side:1 CurSide:2 Moved:false
DEBUG: Rejected Fighter E Side:1 CurSide:2 Moved:false
DEBUG: Rejected Fighter F Side:1 CurSide:2 Moved:false
DEBUG: start_movement_phase. Side: 2 Available: 10
DEBUG: First available: Maelstrom ID: 2 Moved: false
DEBUG: Skip Auto-Orbit Check: Maelstrom (Class: Assault Carrier, Orbit: 0)
DEBUG: Skip Auto-Orbit Check: Carrion (Class: Heavy Cruiser, Orbit: 0)
DEBUG: Skip Auto-Orbit Check: Deathstroke (Class: Light Cruiser, Orbit: 0)
DEBUG: Skip Auto-Orbit Check: Bludgeon (Class: Destroyer, Orbit: 0)
DEBUG: Skip Auto-Orbit Check: Viper (Class: Destroyer, Orbit: 0)
DEBUG: Skip Auto-Orbit Check: Sathar Fighter A (Class: Fighter, Orbit: 0)
DEBUG: Skip Auto-Orbit Check: Sathar Fighter B (Class: Fighter, Orbit: 0)
DEBUG: Skip Auto-Orbit Check: Sathar Fighter C (Class: Fighter, Orbit: 0)
DEBUG: Skip Auto-Orbit Check: Sathar Fighter D (Class: Fighter, Orbit: 0)
DEBUG: Skip Auto-Orbit Check: Sathar Fighter F (Class: Fighter, Orbit: 0)
[DEBUG] Standard move start for Maelstrom
[Peer: 440931918] [Turn 4] [color=yellow]AI Computer Opponent Planning Movement...[/color]
[Peer: 440931918] [Turn 4] [color=gray]AI Thinking: Evaluating Maelstrom (Unmoved left: 10)[/color]
[Peer: 440931918] [Turn 4] [color=gray]AI Thinking: Nearest target for Maelstrom is Fighter E[/color]
[Peer: 440931918] [Turn 4] [color=gray]AI Thinking: Maelstrom constraints -> Speed [1, 5], MR 1[/color]
[Peer: 440931918] [Turn 4] [color=gray]AI Thinking: Explored 25 possible paths matching speed bounds.[/color]
[Peer: 440931918] [Turn 4] [color=gray]AI Move Eval -> Ship: AC Maelstrom | Start Speed: 3 | Final Speed: 5 (ADF: 2) | MR Used: 1/1[/color]
[Peer: 440931918] [Turn 4] AI plotted movement for AC Maelstrom (Speed 3 -> 5, 5 hexes)
[Peer: 440931918] [Turn 4] Synced Orders for Maelstrom
[Peer: 440931918] [Turn 4] [color=gray]AI Thinking: Evaluating Carrion (Unmoved left: 9)[/color]
[Peer: 440931918] [Turn 4] [color=gray]AI Thinking: Nearest target for Carrion is Fighter E[/color]
[Peer: 440931918] [Turn 4] [color=gray]AI Thinking: Carrion constraints -> Speed [2, 4], MR 1[/color]
[Peer: 440931918] [Turn 4] [color=gray]AI Thinking: Explored 15 possible paths matching speed bounds.[/color]
[Peer: 440931918] [Turn 4] [color=gray]AI Move Eval -> Ship: CA Carrion | Start Speed: 3 | Final Speed: 3 (ADF: 1) | MR Used: 1/1[/color]
[Peer: 440931918] [Turn 4] AI plotted movement for CA Carrion (Speed 3 -> 3, 3 hexes)
[Peer: 440931918] [Turn 4] Synced Orders for Carrion
[Peer: 440931918] [Turn 4] [color=gray]AI Thinking: Evaluating Deathstroke (Unmoved left: 8)[/color]
[Peer: 440931918] [Turn 4] [color=gray]AI Thinking: Nearest target for Deathstroke is Fighter E[/color]
[Peer: 440931918] [Turn 4] [color=gray]AI Thinking: Deathstroke constraints -> Speed [5, 11], MR 2[/color]
[Peer: 440931918] [Turn 4] [color=gray]AI Thinking: Explored 749 possible paths matching speed bounds.[/color]
[Peer: 440931918] [Turn 4] [color=gray]AI Move Eval -> Ship: CL Deathstroke | Start Speed: 8 | Final Speed: 11 (ADF: 3) | MR Used: 2/2[/color]
[Peer: 440931918] [Turn 4] AI plotted movement for CL Deathstroke (Speed 8 -> 11, 11 hexes)
[Peer: 440931918] [Turn 4] Synced Orders for Deathstroke
[Peer: 440931918] [Turn 4] [color=gray]AI Thinking: Evaluating Bludgeon (Unmoved left: 7)[/color]
[Peer: 440931918] [Turn 4] [color=gray]AI Thinking: Nearest target for Bludgeon is Fighter E[/color]
[Peer: 440931918] [Turn 4] [color=gray]AI Thinking: Bludgeon constraints -> Speed [5, 5], MR 0[/color]
[Peer: 440931918] [Turn 4] [color=gray]AI Thinking: Explored 1 possible paths matching speed bounds.[/color]
[Peer: 440931918] [Turn 4] [color=gray]AI Move Eval -> Ship: DD Bludgeon | Start Speed: 5 | Final Speed: 5 (ADF: 0) | MR Used: 0/0[/color]
[Peer: 440931918] [Turn 4] AI plotted movement for DD Bludgeon (Speed 5 -> 5, 5 hexes)
[Peer: 440931918] [Turn 4] Synced Orders for Bludgeon
[Peer: 440931918] [Turn 4] [color=gray]AI Thinking: Evaluating Viper (Unmoved left: 6)[/color]
[Peer: 440931918] [Turn 4] [color=gray]AI Thinking: Nearest target for Viper is Fighter E[/color]
[Peer: 440931918] [Turn 4] [color=gray]AI Thinking: Viper constraints -> Speed [10, 16], MR 2[/color]
[Peer: 440931918] [Turn 4] [color=gray]AI Thinking: Explored 2000 possible paths matching speed bounds.[/color]
[Peer: 440931918] [Turn 4] [color=gray]AI Move Eval -> Ship: DD Viper | Start Speed: 13 | Final Speed: 16 (ADF: 3) | MR Used: 2/2[/color]
[Peer: 440931918] [Turn 4] AI plotted movement for DD Viper (Speed 13 -> 16, 16 hexes)
[Peer: 440931918] [Turn 4] Synced Orders for Viper
[Peer: 440931918] [Turn 4] [color=gray]AI Thinking: Evaluating Sathar Fighter A (Unmoved left: 5)[/color]
[Peer: 440931918] [Turn 4] [color=gray]AI Thinking: Nearest target for Sathar Fighter A is Fighter E[/color]
[Peer: 440931918] [Turn 4] [color=gray]AI Thinking: Sathar Fighter A constraints -> Speed [7, 17], MR 5[/color]
[Peer: 440931918] [Turn 4] [color=gray]AI Thinking: Explored 2000 possible paths matching speed bounds.[/color]
[Peer: 440931918] [Turn 4] [color=gray]AI Move Eval -> Ship: F Sathar Fighter A | Start Speed: 12 | Final Speed: 17 (ADF: 5) | MR Used: 5/5[/color]
[Peer: 440931918] [Turn 4] AI plotted movement for F Sathar Fighter A (Speed 12 -> 17, 17 hexes)
[Peer: 440931918] [Turn 4] Synced Orders for Sathar Fighter A
[Peer: 440931918] [Turn 4] [color=gray]AI Thinking: Evaluating Sathar Fighter B (Unmoved left: 4)[/color]
[Peer: 440931918] [Turn 4] [color=gray]AI Thinking: Nearest target for Sathar Fighter B is Fighter E[/color]
[Peer: 440931918] [Turn 4] [color=gray]AI Thinking: Sathar Fighter B constraints -> Speed [6, 16], MR 5[/color]
[Peer: 440931918] [Turn 4] [color=gray]AI Thinking: Explored 2000 possible paths matching speed bounds.[/color]
[Peer: 440931918] [Turn 4] [color=gray]AI Move Eval -> Ship: F Sathar Fighter B | Start Speed: 11 | Final Speed: 16 (ADF: 5) | MR Used: 4/5[/color]
[Peer: 440931918] [Turn 4] AI plotted movement for F Sathar Fighter B (Speed 11 -> 16, 16 hexes)
[Peer: 440931918] [Turn 4] Synced Orders for Sathar Fighter B
[Peer: 440931918] [Turn 4] [color=gray]AI Thinking: Evaluating Sathar Fighter C (Unmoved left: 3)[/color]
[Peer: 440931918] [Turn 4] [color=gray]AI Thinking: Nearest target for Sathar Fighter C is Fighter E[/color]
[Peer: 440931918] [Turn 4] [color=gray]AI Thinking: Sathar Fighter C constraints -> Speed [5, 15], MR 5[/color]
[Peer: 440931918] [Turn 4] [color=gray]AI Thinking: Explored 2000 possible paths matching speed bounds.[/color]
[Peer: 440931918] [Turn 4] [color=gray]AI Move Eval -> Ship: F Sathar Fighter C | Start Speed: 10 | Final Speed: 15 (ADF: 5) | MR Used: 5/5[/color]
[Peer: 440931918] [Turn 4] AI plotted movement for F Sathar Fighter C (Speed 10 -> 15, 15 hexes)
[Peer: 440931918] [Turn 4] Synced Orders for Sathar Fighter C
[Peer: 440931918] [Turn 4] [color=gray]AI Thinking: Evaluating Sathar Fighter D (Unmoved left: 2)[/color]
[Peer: 440931918] [Turn 4] [color=gray]AI Thinking: Nearest target for Sathar Fighter D is Fighter E[/color]
[Peer: 440931918] [Turn 4] [color=gray]AI Thinking: Sathar Fighter D constraints -> Speed [7, 17], MR 5[/color]
[Peer: 440931918] [Turn 4] [color=gray]AI Thinking: Explored 2000 possible paths matching speed bounds.[/color]
[Peer: 440931918] [Turn 4] [color=gray]AI Move Eval -> Ship: F Sathar Fighter D | Start Speed: 12 | Final Speed: 16 (ADF: 5) | MR Used: 4/5[/color]
[Peer: 440931918] [Turn 4] AI plotted movement for F Sathar Fighter D (Speed 12 -> 16, 16 hexes)
[Peer: 440931918] [Turn 4] Synced Orders for Sathar Fighter D
[Peer: 440931918] [Turn 4] [color=gray]AI Thinking: Evaluating Sathar Fighter F (Unmoved left: 1)[/color]
[Peer: 440931918] [Turn 4] [color=gray]AI Thinking: Nearest target for Sathar Fighter F is Fighter E[/color]
[Peer: 440931918] [Turn 4] [color=gray]AI Thinking: Sathar Fighter F constraints -> Speed [10, 20], MR 5[/color]
[Peer: 440931918] [Turn 4] [color=gray]AI Thinking: Explored 2000 possible paths matching speed bounds.[/color]
[Peer: 440931918] [Turn 4] [color=gray]AI Move Eval -> Ship: F Sathar Fighter F | Start Speed: 15 | Final Speed: 12 (ADF: 5) | MR Used: 5/5[/color]
[Peer: 440931918] [Turn 4] AI plotted movement for F Sathar Fighter F (Speed 15 -> 12, 12 hexes)
[Peer: 440931918] [Turn 4] Synced Orders for Sathar Fighter F
>>> DIAGNOSTIC: execute_all_movement running for side: 2 on peer: 440931918
[Peer: 440931918] [Turn 4] Executing Movement Phase for Side Sathar
[Peer: 440931918] [Turn 4] [color=yellow]EXECUTE LOOP: Checking Ship Maelstrom (Class: Assault Carrier, Mines: 0)[/color]
[Peer: 440931918] [Turn 4] [color=yellow]EXECUTE LOOP: Checking Ship Carrion (Class: Heavy Cruiser, Mines: 0)[/color]
[Peer: 440931918] [Turn 4] [color=yellow]EXECUTE LOOP: Checking Ship Deathstroke (Class: Light Cruiser, Mines: 0)[/color]
[Peer: 440931918] [Turn 4] [color=yellow]EXECUTE LOOP: Checking Ship Bludgeon (Class: Destroyer, Mines: 0)[/color]
[Peer: 440931918] [Turn 4] [color=yellow]EXECUTE LOOP: Checking Ship Viper (Class: Destroyer, Mines: 0)[/color]
[Peer: 440931918] [Turn 4] [color=yellow]EXECUTE LOOP: Checking Ship Sathar Fighter A (Class: Fighter, Mines: 0)[/color]
[Peer: 440931918] [Turn 4] [color=yellow]EXECUTE LOOP: Checking Ship Sathar Fighter B (Class: Fighter, Mines: 0)[/color]
[Peer: 440931918] [Turn 4] [color=yellow]EXECUTE LOOP: Checking Ship Sathar Fighter C (Class: Fighter, Mines: 0)[/color]
[Peer: 440931918] [Turn 4] [color=yellow]EXECUTE LOOP: Checking Ship Sathar Fighter D (Class: Fighter, Mines: 0)[/color]
[Peer: 440931918] [Turn 4] [color=yellow]EXECUTE LOOP: Checking Ship Sathar Fighter F (Class: Fighter, Mines: 0)[/color]
>>> DIAGNOSTIC: Entering Mine Detonations. Active Mines: 19 on peer: 440931918
[Peer: 440931918] [Turn 4] [color=cyan]!!! DEBUG !!! Entering Mine Detonations. Active Mines: 19[/color]
[Peer: 440931918] [Turn 4] [color=cyan]  Mine at (-4.000000, 8.000000, -4.000000) (Side 1)[/color]
[Peer: 440931918] [Turn 4] [color=cyan]  Mine at (-4.000000, -4.000000, 8.000000) (Side 1)[/color]
[Peer: 440931918] [Turn 4] [color=cyan]  Mine at (-1.000000, -6.000000, 7.000000) (Side 1)[/color]
[Peer: 440931918] [Turn 4] [color=cyan]  Mine at (9.000000, -1.000000, -8.000000) (Side 1)[/color]
[Peer: 440931918] [Turn 4] [color=cyan]  Mine at (-9.000000, 0.000000, 9.000000) (Side 1)[/color]
[Peer: 440931918] [Turn 4] [color=cyan]  Mine at (-9.000000, 1.000000, 8.000000) (Side 1)[/color]
[Peer: 440931918] [Turn 4] [color=cyan]  Mine at (-8.000000, 7.000000, 1.000000) (Side 1)[/color]
[Peer: 440931918] [Turn 4] [color=cyan]  Mine at (8.000000, -9.000000, 1.000000) (Side 1)[/color]
[Peer: 440931918] [Turn 4] [color=cyan]  Mine at (6.000000, -7.000000, 1.000000) (Side 1)[/color]
[Peer: 440931918] [Turn 4] [color=cyan]  Mine at (7.000000, 0.000000, -7.000000) (Side 1)[/color]
[Peer: 440931918] [Turn 4] [color=cyan]  Mine at (-8.000000, 3.000000, 5.000000) (Side 1)[/color]
[Peer: 440931918] [Turn 4] [color=cyan]  Mine at (-7.000000, 1.000000, 6.000000) (Side 1)[/color]
[Peer: 440931918] [Turn 4] [color=cyan]  Mine at (-7.000000, 7.000000, 0.000000) (Side 1)[/color]
[Peer: 440931918] [Turn 4] [color=cyan]  Mine at (-2.000000, 9.000000, -7.000000) (Side 1)[/color]
[Peer: 440931918] [Turn 4] [color=cyan]  Mine at (0.000000, 7.000000, -7.000000) (Side 1)[/color]
[Peer: 440931918] [Turn 4] [color=cyan]  Mine at (-5.000000, 8.000000, -3.000000) (Side 1)[/color]
[Peer: 440931918] [Turn 4] [color=cyan]  Mine at (-4.000000, -3.000000, 7.000000) (Side 1)[/color]
[Peer: 440931918] [Turn 4] [color=cyan]  Mine at (6.000000, -9.000000, 3.000000) (Side 1)[/color]
[Peer: 440931918] [Turn 4] [color=cyan]  Mine at (-7.000000, 4.000000, 3.000000) (Side 1)[/color]
[Peer: 440931918] [Turn 4] [color=cyan]  Checking ship Maelstrom (Side 2) at (21.000000, -24.000000, 3.000000) with path [(16, -20, 4), (17, -21, 4), (18, -22, 4), (19, -23, 4), (20, -24, 4), (21, -24, 3)][/color]
[Peer: 440931918] [Turn 4] [color=cyan]  Checking ship Carrion (Side 2) at (17.000000, -24.000000, 7.000000) with path [(15, -21, 6), (16, -22, 6), (17, -23, 6), (17, -24, 7)][/color]
[Peer: 440931918] [Turn 4] [color=cyan]  Checking ship Deathstroke (Side 2) at (4.000000, -13.000000, 9.000000) with path [(7, -24, 17), (7, -23, 16), (7, -22, 15), (7, -21, 14), (7, -20, 13), (6, -19, 13), (5, -18, 13), (4, -17, 13), (4, -16, 12), (4, -15, 11), (4, -14, 10), (4, -13, 9)][/color]
[Peer: 440931918] [Turn 4] [color=cyan]  Checking ship Bludgeon (Side 2) at (-3.000000, 0.000000, 3.000000) with path [(2, -5, 3), (1, -4, 3), (0, -3, 3), (-1, -2, 3), (-2, -1, 3), (-3, 0, 3)][/color]
[Peer: 440931918] [Turn 4] [color=cyan]  Checking ship Viper (Side 2) at (2.000000, -10.000000, 8.000000) with path [(8, -24, 16), (7, -24, 17), (6, -24, 18), (5, -23, 18), (4, -22, 18), (3, -21, 18), (2, -20, 18), (2, -19, 17), (2, -18, 16), (2, -17, 15), (2, -16, 14), (2, -15, 13), (2, -14, 12), (2, -13, 11), (2, -12, 10), (2, -11, 9), (2, -10, 8)][/color]
[Peer: 440931918] [Turn 4] [color=cyan]  Checking ship Sathar Fighter A (Side 2) at (4.000000, -12.000000, 8.000000) with path [(2, -20, 18), (1, -20, 19), (0, -19, 19), (-1, -18, 19), (-2, -18, 20), (-3, -17, 20), (-3, -16, 19), (-3, -15, 18), (-3, -14, 17), (-3, -13, 16), (-3, -12, 15), (-2, -12, 14), (-1, -12, 13), (0, -12, 12), (1, -12, 11), (2, -12, 10), (3, -12, 9), (4, -12, 8)][/color]
[Peer: 440931918] [Turn 4] [color=cyan]  Checking ship Sathar Fighter B (Side 2) at (3.000000, -11.000000, 8.000000) with path [(4, -20, 16), (4, -21, 17), (5, -22, 17), (6, -22, 16), (7, -22, 15), (8, -22, 14), (8, -21, 13), (8, -20, 12), (8, -19, 11), (8, -18, 10), (8, -17, 9), (8, -16, 8), (7, -15, 8), (6, -14, 8), (5, -13, 8), (4, -12, 8), (3, -11, 8)][/color]
[Peer: 440931918] [Turn 4] [color=cyan]  Checking ship Sathar Fighter C (Side 2) at (-8.000000, -26.000000, 34.000000) with path [(2, -21, 19), (2, -22, 20), (1, -22, 21), (0, -22, 22), (0, -23, 23), (-1, -23, 24), (-1, -24, 25), (-1, -25, 26), (-1, -26, 27), (-2, -26, 28), (-3, -26, 29), (-4, -26, 30), (-5, -26, 31), (-6, -26, 32), (-7, -26, 33), (-8, -26, 34)][/color]
[Peer: 440931918] [Turn 4] [color=cyan]  Checking ship Sathar Fighter D (Side 2) at (7.000000, -11.000000, 4.000000) with path [(7, -21, 14), (8, -21, 13), (9, -22, 13), (10, -23, 13), (11, -23, 12), (11, -22, 11), (11, -21, 10), (11, -20, 9), (11, -19, 8), (11, -18, 7), (11, -17, 6), (11, -16, 5), (11, -15, 4), (10, -14, 4), (9, -13, 4), (8, -12, 4), (7, -11, 4)][/color]
[Peer: 440931918] [Turn 4] [color=cyan]  Checking ship Sathar Fighter F (Side 2) at (5.000000, -5.000000, 0.000000) with path [(13, -12, -1), (13, -11, -2), (13, -10, -3), (12, -9, -3), (11, -8, -3), (10, -7, -3), (10, -6, -4), (9, -5, -4), (8, -4, -4), (7, -4, -3), (6, -4, -2), (5, -4, -1), (5, -5, 0)][/color]
[Peer: 440931918] [Turn 4] Mines check complete. Hit ships size: 0
[Peer: 440931918] [Turn 4] [color=cyan]  Checking ship Maelstrom (Side 2) at (21.000000, -24.000000, 3.000000) with path [(16, -20, 4), (17, -21, 4), (18, -22, 4), (19, -23, 4), (20, -24, 4), (21, -24, 3)][/color]
[Peer: 440931918] [Turn 4] [color=cyan]  Checking ship Carrion (Side 2) at (17.000000, -24.000000, 7.000000) with path [(15, -21, 6), (16, -22, 6), (17, -23, 6), (17, -24, 7)][/color]
[Peer: 440931918] [Turn 4] [color=cyan]  Checking ship Deathstroke (Side 2) at (4.000000, -13.000000, 9.000000) with path [(7, -24, 17), (7, -23, 16), (7, -22, 15), (7, -21, 14), (7, -20, 13), (6, -19, 13), (5, -18, 13), (4, -17, 13), (4, -16, 12), (4, -15, 11), (4, -14, 10), (4, -13, 9)][/color]
[Peer: 440931918] [Turn 4] [color=cyan]  Checking ship Bludgeon (Side 2) at (-3.000000, 0.000000, 3.000000) with path [(2, -5, 3), (1, -4, 3), (0, -3, 3), (-1, -2, 3), (-2, -1, 3), (-3, 0, 3)][/color]
[Peer: 440931918] [Turn 4] [color=cyan]  Checking ship Viper (Side 2) at (2.000000, -10.000000, 8.000000) with path [(8, -24, 16), (7, -24, 17), (6, -24, 18), (5, -23, 18), (4, -22, 18), (3, -21, 18), (2, -20, 18), (2, -19, 17), (2, -18, 16), (2, -17, 15), (2, -16, 14), (2, -15, 13), (2, -14, 12), (2, -13, 11), (2, -12, 10), (2, -11, 9), (2, -10, 8)][/color]
[Peer: 440931918] [Turn 4] [color=cyan]  Checking ship Sathar Fighter A (Side 2) at (4.000000, -12.000000, 8.000000) with path [(2, -20, 18), (1, -20, 19), (0, -19, 19), (-1, -18, 19), (-2, -18, 20), (-3, -17, 20), (-3, -16, 19), (-3, -15, 18), (-3, -14, 17), (-3, -13, 16), (-3, -12, 15), (-2, -12, 14), (-1, -12, 13), (0, -12, 12), (1, -12, 11), (2, -12, 10), (3, -12, 9), (4, -12, 8)][/color]
[Peer: 440931918] [Turn 4] [color=cyan]  Checking ship Sathar Fighter B (Side 2) at (3.000000, -11.000000, 8.000000) with path [(4, -20, 16), (4, -21, 17), (5, -22, 17), (6, -22, 16), (7, -22, 15), (8, -22, 14), (8, -21, 13), (8, -20, 12), (8, -19, 11), (8, -18, 10), (8, -17, 9), (8, -16, 8), (7, -15, 8), (6, -14, 8), (5, -13, 8), (4, -12, 8), (3, -11, 8)][/color]
[Peer: 440931918] [Turn 4] [color=cyan]  Checking ship Sathar Fighter C (Side 2) at (-8.000000, -26.000000, 34.000000) with path [(2, -21, 19), (2, -22, 20), (1, -22, 21), (0, -22, 22), (0, -23, 23), (-1, -23, 24), (-1, -24, 25), (-1, -25, 26), (-1, -26, 27), (-2, -26, 28), (-3, -26, 29), (-4, -26, 30), (-5, -26, 31), (-6, -26, 32), (-7, -26, 33), (-8, -26, 34)][/color]
[Peer: 440931918] [Turn 4] [color=cyan]  Checking ship Sathar Fighter D (Side 2) at (7.000000, -11.000000, 4.000000) with path [(7, -21, 14), (8, -21, 13), (9, -22, 13), (10, -23, 13), (11, -23, 12), (11, -22, 11), (11, -21, 10), (11, -20, 9), (11, -19, 8), (11, -18, 7), (11, -17, 6), (11, -16, 5), (11, -15, 4), (10, -14, 4), (9, -13, 4), (8, -12, 4), (7, -11, 4)][/color]
[Peer: 440931918] [Turn 4] [color=cyan]  Checking ship Sathar Fighter F (Side 2) at (5.000000, -5.000000, 0.000000) with path [(13, -12, -1), (13, -11, -2), (13, -10, -3), (12, -9, -3), (11, -8, -3), (10, -7, -3), (10, -6, -4), (9, -5, -4), (8, -4, -4), (7, -4, -3), (6, -4, -2), (5, -4, -1), (5, -5, 0)][/color]
[Peer: 440931918] [Turn 4] Mines check complete. Hit ships size: 0
[Peer: 440931918] [Turn 4] [color=cyan]  Checking ship Maelstrom (Side 2) at (21.000000, -24.000000, 3.000000) with path [(16, -20, 4), (17, -21, 4), (18, -22, 4), (19, -23, 4), (20, -24, 4), (21, -24, 3)][/color]
[Peer: 440931918] [Turn 4] [color=cyan]  Checking ship Carrion (Side 2) at (17.000000, -24.000000, 7.000000) with path [(15, -21, 6), (16, -22, 6), (17, -23, 6), (17, -24, 7)][/color]
[Peer: 440931918] [Turn 4] [color=cyan]  Checking ship Deathstroke (Side 2) at (4.000000, -13.000000, 9.000000) with path [(7, -24, 17), (7, -23, 16), (7, -22, 15), (7, -21, 14), (7, -20, 13), (6, -19, 13), (5, -18, 13), (4, -17, 13), (4, -16, 12), (4, -15, 11), (4, -14, 10), (4, -13, 9)][/color]
[Peer: 440931918] [Turn 4] [color=cyan]  Checking ship Bludgeon (Side 2) at (-3.000000, 0.000000, 3.000000) with path [(2, -5, 3), (1, -4, 3), (0, -3, 3), (-1, -2, 3), (-2, -1, 3), (-3, 0, 3)][/color]
[Peer: 440931918] [Turn 4] [color=cyan]  Checking ship Viper (Side 2) at (2.000000, -10.000000, 8.000000) with path [(8, -24, 16), (7, -24, 17), (6, -24, 18), (5, -23, 18), (4, -22, 18), (3, -21, 18), (2, -20, 18), (2, -19, 17), (2, -18, 16), (2, -17, 15), (2, -16, 14), (2, -15, 13), (2, -14, 12), (2, -13, 11), (2, -12, 10), (2, -11, 9), (2, -10, 8)][/color]
[Peer: 440931918] [Turn 4] [color=cyan]  Checking ship Sathar Fighter A (Side 2) at (4.000000, -12.000000, 8.000000) with path [(2, -20, 18), (1, -20, 19), (0, -19, 19), (-1, -18, 19), (-2, -18, 20), (-3, -17, 20), (-3, -16, 19), (-3, -15, 18), (-3, -14, 17), (-3, -13, 16), (-3, -12, 15), (-2, -12, 14), (-1, -12, 13), (0, -12, 12), (1, -12, 11), (2, -12, 10), (3, -12, 9), (4, -12, 8)][/color]
[Peer: 440931918] [Turn 4] [color=cyan]  Checking ship Sathar Fighter B (Side 2) at (3.000000, -11.000000, 8.000000) with path [(4, -20, 16), (4, -21, 17), (5, -22, 17), (6, -22, 16), (7, -22, 15), (8, -22, 14), (8, -21, 13), (8, -20, 12), (8, -19, 11), (8, -18, 10), (8, -17, 9), (8, -16, 8), (7, -15, 8), (6, -14, 8), (5, -13, 8), (4, -12, 8), (3, -11, 8)][/color]
[Peer: 440931918] [Turn 4] [color=cyan]  Checking ship Sathar Fighter C (Side 2) at (-8.000000, -26.000000, 34.000000) with path [(2, -21, 19), (2, -22, 20), (1, -22, 21), (0, -22, 22), (0, -23, 23), (-1, -23, 24), (-1, -24, 25), (-1, -25, 26), (-1, -26, 27), (-2, -26, 28), (-3, -26, 29), (-4, -26, 30), (-5, -26, 31), (-6, -26, 32), (-7, -26, 33), (-8, -26, 34)][/color]
[Peer: 440931918] [Turn 4] [color=cyan]  Checking ship Sathar Fighter D (Side 2) at (7.000000, -11.000000, 4.000000) with path [(7, -21, 14), (8, -21, 13), (9, -22, 13), (10, -23, 13), (11, -23, 12), (11, -22, 11), (11, -21, 10), (11, -20, 9), (11, -19, 8), (11, -18, 7), (11, -17, 6), (11, -16, 5), (11, -15, 4), (10, -14, 4), (9, -13, 4), (8, -12, 4), (7, -11, 4)][/color]
[Peer: 440931918] [Turn 4] [color=cyan]  Checking ship Sathar Fighter F (Side 2) at (5.000000, -5.000000, 0.000000) with path [(13, -12, -1), (13, -11, -2), (13, -10, -3), (12, -9, -3), (11, -8, -3), (10, -7, -3), (10, -6, -4), (9, -5, -4), (8, -4, -4), (7, -4, -3), (6, -4, -2), (5, -4, -1), (5, -5, 0)][/color]
[Peer: 440931918] [Turn 4] Mines check complete. Hit ships size: 0
[Peer: 440931918] [Turn 4] [color=cyan]  Checking ship Maelstrom (Side 2) at (21.000000, -24.000000, 3.000000) with path [(16, -20, 4), (17, -21, 4), (18, -22, 4), (19, -23, 4), (20, -24, 4), (21, -24, 3)][/color]
[Peer: 440931918] [Turn 4] [color=cyan]  Checking ship Carrion (Side 2) at (17.000000, -24.000000, 7.000000) with path [(15, -21, 6), (16, -22, 6), (17, -23, 6), (17, -24, 7)][/color]
[Peer: 440931918] [Turn 4] [color=cyan]  Checking ship Deathstroke (Side 2) at (4.000000, -13.000000, 9.000000) with path [(7, -24, 17), (7, -23, 16), (7, -22, 15), (7, -21, 14), (7, -20, 13), (6, -19, 13), (5, -18, 13), (4, -17, 13), (4, -16, 12), (4, -15, 11), (4, -14, 10), (4, -13, 9)][/color]
[Peer: 440931918] [Turn 4] [color=cyan]  Checking ship Bludgeon (Side 2) at (-3.000000, 0.000000, 3.000000) with path [(2, -5, 3), (1, -4, 3), (0, -3, 3), (-1, -2, 3), (-2, -1, 3), (-3, 0, 3)][/color]
[Peer: 440931918] [Turn 4] [color=cyan]  Checking ship Viper (Side 2) at (2.000000, -10.000000, 8.000000) with path [(8, -24, 16), (7, -24, 17), (6, -24, 18), (5, -23, 18), (4, -22, 18), (3, -21, 18), (2, -20, 18), (2, -19, 17), (2, -18, 16), (2, -17, 15), (2, -16, 14), (2, -15, 13), (2, -14, 12), (2, -13, 11), (2, -12, 10), (2, -11, 9), (2, -10, 8)][/color]
[Peer: 440931918] [Turn 4] [color=cyan]  Checking ship Sathar Fighter A (Side 2) at (4.000000, -12.000000, 8.000000) with path [(2, -20, 18), (1, -20, 19), (0, -19, 19), (-1, -18, 19), (-2, -18, 20), (-3, -17, 20), (-3, -16, 19), (-3, -15, 18), (-3, -14, 17), (-3, -13, 16), (-3, -12, 15), (-2, -12, 14), (-1, -12, 13), (0, -12, 12), (1, -12, 11), (2, -12, 10), (3, -12, 9), (4, -12, 8)][/color]
[Peer: 440931918] [Turn 4] [color=cyan]  Checking ship Sathar Fighter B (Side 2) at (3.000000, -11.000000, 8.000000) with path [(4, -20, 16), (4, -21, 17), (5, -22, 17), (6, -22, 16), (7, -22, 15), (8, -22, 14), (8, -21, 13), (8, -20, 12), (8, -19, 11), (8, -18, 10), (8, -17, 9), (8, -16, 8), (7, -15, 8), (6, -14, 8), (5, -13, 8), (4, -12, 8), (3, -11, 8)][/color]
[Peer: 440931918] [Turn 4] [color=cyan]  Checking ship Sathar Fighter C (Side 2) at (-8.000000, -26.000000, 34.000000) with path [(2, -21, 19), (2, -22, 20), (1, -22, 21), (0, -22, 22), (0, -23, 23), (-1, -23, 24), (-1, -24, 25), (-1, -25, 26), (-1, -26, 27), (-2, -26, 28), (-3, -26, 29), (-4, -26, 30), (-5, -26, 31), (-6, -26, 32), (-7, -26, 33), (-8, -26, 34)][/color]
[Peer: 440931918] [Turn 4] [color=cyan]  Checking ship Sathar Fighter D (Side 2) at (7.000000, -11.000000, 4.000000) with path [(7, -21, 14), (8, -21, 13), (9, -22, 13), (10, -23, 13), (11, -23, 12), (11, -22, 11), (11, -21, 10), (11, -20, 9), (11, -19, 8), (11, -18, 7), (11, -17, 6), (11, -16, 5), (11, -15, 4), (10, -14, 4), (9, -13, 4), (8, -12, 4), (7, -11, 4)][/color]
[Peer: 440931918] [Turn 4] [color=cyan]  Checking ship Sathar Fighter F (Side 2) at (5.000000, -5.000000, 0.000000) with path [(13, -12, -1), (13, -11, -2), (13, -10, -3), (12, -9, -3), (11, -8, -3), (10, -7, -3), (10, -6, -4), (9, -5, -4), (8, -4, -4), (7, -4, -3), (6, -4, -2), (5, -4, -1), (5, -5, 0)][/color]
[Peer: 440931918] [Turn 4] Mines check complete. Hit ships size: 0
[Peer: 440931918] [Turn 4] [color=cyan]  Checking ship Maelstrom (Side 2) at (21.000000, -24.000000, 3.000000) with path [(16, -20, 4), (17, -21, 4), (18, -22, 4), (19, -23, 4), (20, -24, 4), (21, -24, 3)][/color]
[Peer: 440931918] [Turn 4] [color=cyan]  Checking ship Carrion (Side 2) at (17.000000, -24.000000, 7.000000) with path [(15, -21, 6), (16, -22, 6), (17, -23, 6), (17, -24, 7)][/color]
[Peer: 440931918] [Turn 4] [color=cyan]  Checking ship Deathstroke (Side 2) at (4.000000, -13.000000, 9.000000) with path [(7, -24, 17), (7, -23, 16), (7, -22, 15), (7, -21, 14), (7, -20, 13), (6, -19, 13), (5, -18, 13), (4, -17, 13), (4, -16, 12), (4, -15, 11), (4, -14, 10), (4, -13, 9)][/color]
[Peer: 440931918] [Turn 4] [color=cyan]  Checking ship Bludgeon (Side 2) at (-3.000000, 0.000000, 3.000000) with path [(2, -5, 3), (1, -4, 3), (0, -3, 3), (-1, -2, 3), (-2, -1, 3), (-3, 0, 3)][/color]
[Peer: 440931918] [Turn 4] [color=cyan]  Checking ship Viper (Side 2) at (2.000000, -10.000000, 8.000000) with path [(8, -24, 16), (7, -24, 17), (6, -24, 18), (5, -23, 18), (4, -22, 18), (3, -21, 18), (2, -20, 18), (2, -19, 17), (2, -18, 16), (2, -17, 15), (2, -16, 14), (2, -15, 13), (2, -14, 12), (2, -13, 11), (2, -12, 10), (2, -11, 9), (2, -10, 8)][/color]
[Peer: 440931918] [Turn 4] [color=cyan]  Checking ship Sathar Fighter A (Side 2) at (4.000000, -12.000000, 8.000000) with path [(2, -20, 18), (1, -20, 19), (0, -19, 19), (-1, -18, 19), (-2, -18, 20), (-3, -17, 20), (-3, -16, 19), (-3, -15, 18), (-3, -14, 17), (-3, -13, 16), (-3, -12, 15), (-2, -12, 14), (-1, -12, 13), (0, -12, 12), (1, -12, 11), (2, -12, 10), (3, -12, 9), (4, -12, 8)][/color]
[Peer: 440931918] [Turn 4] [color=cyan]  Checking ship Sathar Fighter B (Side 2) at (3.000000, -11.000000, 8.000000) with path [(4, -20, 16), (4, -21, 17), (5, -22, 17), (6, -22, 16), (7, -22, 15), (8, -22, 14), (8, -21, 13), (8, -20, 12), (8, -19, 11), (8, -18, 10), (8, -17, 9), (8, -16, 8), (7, -15, 8), (6, -14, 8), (5, -13, 8), (4, -12, 8), (3, -11, 8)][/color]
[Peer: 440931918] [Turn 4] [color=cyan]  Checking ship Sathar Fighter C (Side 2) at (-8.000000, -26.000000, 34.000000) with path [(2, -21, 19), (2, -22, 20), (1, -22, 21), (0, -22, 22), (0, -23, 23), (-1, -23, 24), (-1, -24, 25), (-1, -25, 26), (-1, -26, 27), (-2, -26, 28), (-3, -26, 29), (-4, -26, 30), (-5, -26, 31), (-6, -26, 32), (-7, -26, 33), (-8, -26, 34)][/color]
[Peer: 440931918] [Turn 4] [color=cyan]  Checking ship Sathar Fighter D (Side 2) at (7.000000, -11.000000, 4.000000) with path [(7, -21, 14), (8, -21, 13), (9, -22, 13), (10, -23, 13), (11, -23, 12), (11, -22, 11), (11, -21, 10), (11, -20, 9), (11, -19, 8), (11, -18, 7), (11, -17, 6), (11, -16, 5), (11, -15, 4), (10, -14, 4), (9, -13, 4), (8, -12, 4), (7, -11, 4)][/color]
[Peer: 440931918] [Turn 4] [color=cyan]  Checking ship Sathar Fighter F (Side 2) at (5.000000, -5.000000, 0.000000) with path [(13, -12, -1), (13, -11, -2), (13, -10, -3), (12, -9, -3), (11, -8, -3), (10, -7, -3), (10, -6, -4), (9, -5, -4), (8, -4, -4), (7, -4, -3), (6, -4, -2), (5, -4, -1), (5, -5, 0)][/color]
[Peer: 440931918] [Turn 4] Mines check complete. Hit ships size: 0
[Peer: 440931918] [Turn 4] [color=cyan]  Checking ship Maelstrom (Side 2) at (21.000000, -24.000000, 3.000000) with path [(16, -20, 4), (17, -21, 4), (18, -22, 4), (19, -23, 4), (20, -24, 4), (21, -24, 3)][/color]
[Peer: 440931918] [Turn 4] [color=cyan]  Checking ship Carrion (Side 2) at (17.000000, -24.000000, 7.000000) with path [(15, -21, 6), (16, -22, 6), (17, -23, 6), (17, -24, 7)][/color]
[Peer: 440931918] [Turn 4] [color=cyan]  Checking ship Deathstroke (Side 2) at (4.000000, -13.000000, 9.000000) with path [(7, -24, 17), (7, -23, 16), (7, -22, 15), (7, -21, 14), (7, -20, 13), (6, -19, 13), (5, -18, 13), (4, -17, 13), (4, -16, 12), (4, -15, 11), (4, -14, 10), (4, -13, 9)][/color]
[Peer: 440931918] [Turn 4] [color=cyan]  Checking ship Bludgeon (Side 2) at (-3.000000, 0.000000, 3.000000) with path [(2, -5, 3), (1, -4, 3), (0, -3, 3), (-1, -2, 3), (-2, -1, 3), (-3, 0, 3)][/color]
[Peer: 440931918] [Turn 4] [color=cyan]  Checking ship Viper (Side 2) at (2.000000, -10.000000, 8.000000) with path [(8, -24, 16), (7, -24, 17), (6, -24, 18), (5, -23, 18), (4, -22, 18), (3, -21, 18), (2, -20, 18), (2, -19, 17), (2, -18, 16), (2, -17, 15), (2, -16, 14), (2, -15, 13), (2, -14, 12), (2, -13, 11), (2, -12, 10), (2, -11, 9), (2, -10, 8)][/color]
[Peer: 440931918] [Turn 4] [color=cyan]  Checking ship Sathar Fighter A (Side 2) at (4.000000, -12.000000, 8.000000) with path [(2, -20, 18), (1, -20, 19), (0, -19, 19), (-1, -18, 19), (-2, -18, 20), (-3, -17, 20), (-3, -16, 19), (-3, -15, 18), (-3, -14, 17), (-3, -13, 16), (-3, -12, 15), (-2, -12, 14), (-1, -12, 13), (0, -12, 12), (1, -12, 11), (2, -12, 10), (3, -12, 9), (4, -12, 8)][/color]
[Peer: 440931918] [Turn 4] [color=cyan]  Checking ship Sathar Fighter B (Side 2) at (3.000000, -11.000000, 8.000000) with path [(4, -20, 16), (4, -21, 17), (5, -22, 17), (6, -22, 16), (7, -22, 15), (8, -22, 14), (8, -21, 13), (8, -20, 12), (8, -19, 11), (8, -18, 10), (8, -17, 9), (8, -16, 8), (7, -15, 8), (6, -14, 8), (5, -13, 8), (4, -12, 8), (3, -11, 8)][/color]
[Peer: 440931918] [Turn 4] [color=cyan]  Checking ship Sathar Fighter C (Side 2) at (-8.000000, -26.000000, 34.000000) with path [(2, -21, 19), (2, -22, 20), (1, -22, 21), (0, -22, 22), (0, -23, 23), (-1, -23, 24), (-1, -24, 25), (-1, -25, 26), (-1, -26, 27), (-2, -26, 28), (-3, -26, 29), (-4, -26, 30), (-5, -26, 31), (-6, -26, 32), (-7, -26, 33), (-8, -26, 34)][/color]
[Peer: 440931918] [Turn 4] [color=cyan]  Checking ship Sathar Fighter D (Side 2) at (7.000000, -11.000000, 4.000000) with path [(7, -21, 14), (8, -21, 13), (9, -22, 13), (10, -23, 13), (11, -23, 12), (11, -22, 11), (11, -21, 10), (11, -20, 9), (11, -19, 8), (11, -18, 7), (11, -17, 6), (11, -16, 5), (11, -15, 4), (10, -14, 4), (9, -13, 4), (8, -12, 4), (7, -11, 4)][/color]
[Peer: 440931918] [Turn 4] [color=cyan]  Checking ship Sathar Fighter F (Side 2) at (5.000000, -5.000000, 0.000000) with path [(13, -12, -1), (13, -11, -2), (13, -10, -3), (12, -9, -3), (11, -8, -3), (10, -7, -3), (10, -6, -4), (9, -5, -4), (8, -4, -4), (7, -4, -3), (6, -4, -2), (5, -4, -1), (5, -5, 0)][/color]
[Peer: 440931918] [Turn 4] Mines check complete. Hit ships size: 0
[Peer: 440931918] [Turn 4] [color=cyan]  Checking ship Maelstrom (Side 2) at (21.000000, -24.000000, 3.000000) with path [(16, -20, 4), (17, -21, 4), (18, -22, 4), (19, -23, 4), (20, -24, 4), (21, -24, 3)][/color]
[Peer: 440931918] [Turn 4] [color=cyan]  Checking ship Carrion (Side 2) at (17.000000, -24.000000, 7.000000) with path [(15, -21, 6), (16, -22, 6), (17, -23, 6), (17, -24, 7)][/color]
[Peer: 440931918] [Turn 4] [color=cyan]  Checking ship Deathstroke (Side 2) at (4.000000, -13.000000, 9.000000) with path [(7, -24, 17), (7, -23, 16), (7, -22, 15), (7, -21, 14), (7, -20, 13), (6, -19, 13), (5, -18, 13), (4, -17, 13), (4, -16, 12), (4, -15, 11), (4, -14, 10), (4, -13, 9)][/color]
[Peer: 440931918] [Turn 4] [color=cyan]  Checking ship Bludgeon (Side 2) at (-3.000000, 0.000000, 3.000000) with path [(2, -5, 3), (1, -4, 3), (0, -3, 3), (-1, -2, 3), (-2, -1, 3), (-3, 0, 3)][/color]
[Peer: 440931918] [Turn 4] [color=cyan]  Checking ship Viper (Side 2) at (2.000000, -10.000000, 8.000000) with path [(8, -24, 16), (7, -24, 17), (6, -24, 18), (5, -23, 18), (4, -22, 18), (3, -21, 18), (2, -20, 18), (2, -19, 17), (2, -18, 16), (2, -17, 15), (2, -16, 14), (2, -15, 13), (2, -14, 12), (2, -13, 11), (2, -12, 10), (2, -11, 9), (2, -10, 8)][/color]
[Peer: 440931918] [Turn 4] [color=cyan]  Checking ship Sathar Fighter A (Side 2) at (4.000000, -12.000000, 8.000000) with path [(2, -20, 18), (1, -20, 19), (0, -19, 19), (-1, -18, 19), (-2, -18, 20), (-3, -17, 20), (-3, -16, 19), (-3, -15, 18), (-3, -14, 17), (-3, -13, 16), (-3, -12, 15), (-2, -12, 14), (-1, -12, 13), (0, -12, 12), (1, -12, 11), (2, -12, 10), (3, -12, 9), (4, -12, 8)][/color]
[Peer: 440931918] [Turn 4] [color=cyan]  Checking ship Sathar Fighter B (Side 2) at (3.000000, -11.000000, 8.000000) with path [(4, -20, 16), (4, -21, 17), (5, -22, 17), (6, -22, 16), (7, -22, 15), (8, -22, 14), (8, -21, 13), (8, -20, 12), (8, -19, 11), (8, -18, 10), (8, -17, 9), (8, -16, 8), (7, -15, 8), (6, -14, 8), (5, -13, 8), (4, -12, 8), (3, -11, 8)][/color]
[Peer: 440931918] [Turn 4] [color=cyan]  Checking ship Sathar Fighter C (Side 2) at (-8.000000, -26.000000, 34.000000) with path [(2, -21, 19), (2, -22, 20), (1, -22, 21), (0, -22, 22), (0, -23, 23), (-1, -23, 24), (-1, -24, 25), (-1, -25, 26), (-1, -26, 27), (-2, -26, 28), (-3, -26, 29), (-4, -26, 30), (-5, -26, 31), (-6, -26, 32), (-7, -26, 33), (-8, -26, 34)][/color]
[Peer: 440931918] [Turn 4] [color=cyan]  Checking ship Sathar Fighter D (Side 2) at (7.000000, -11.000000, 4.000000) with path [(7, -21, 14), (8, -21, 13), (9, -22, 13), (10, -23, 13), (11, -23, 12), (11, -22, 11), (11, -21, 10), (11, -20, 9), (11, -19, 8), (11, -18, 7), (11, -17, 6), (11, -16, 5), (11, -15, 4), (10, -14, 4), (9, -13, 4), (8, -12, 4), (7, -11, 4)][/color]
[Peer: 440931918] [Turn 4] [color=cyan]  Checking ship Sathar Fighter F (Side 2) at (5.000000, -5.000000, 0.000000) with path [(13, -12, -1), (13, -11, -2), (13, -10, -3), (12, -9, -3), (11, -8, -3), (10, -7, -3), (10, -6, -4), (9, -5, -4), (8, -4, -4), (7, -4, -3), (6, -4, -2), (5, -4, -1), (5, -5, 0)][/color]
[Peer: 440931918] [Turn 4] Mines check complete. Hit ships size: 0
[Peer: 440931918] [Turn 4] [color=cyan]  Checking ship Maelstrom (Side 2) at (21.000000, -24.000000, 3.000000) with path [(16, -20, 4), (17, -21, 4), (18, -22, 4), (19, -23, 4), (20, -24, 4), (21, -24, 3)][/color]
[Peer: 440931918] [Turn 4] [color=cyan]  Checking ship Carrion (Side 2) at (17.000000, -24.000000, 7.000000) with path [(15, -21, 6), (16, -22, 6), (17, -23, 6), (17, -24, 7)][/color]
[Peer: 440931918] [Turn 4] [color=cyan]  Checking ship Deathstroke (Side 2) at (4.000000, -13.000000, 9.000000) with path [(7, -24, 17), (7, -23, 16), (7, -22, 15), (7, -21, 14), (7, -20, 13), (6, -19, 13), (5, -18, 13), (4, -17, 13), (4, -16, 12), (4, -15, 11), (4, -14, 10), (4, -13, 9)][/color]
[Peer: 440931918] [Turn 4] [color=cyan]  Checking ship Bludgeon (Side 2) at (-3.000000, 0.000000, 3.000000) with path [(2, -5, 3), (1, -4, 3), (0, -3, 3), (-1, -2, 3), (-2, -1, 3), (-3, 0, 3)][/color]
[Peer: 440931918] [Turn 4] [color=cyan]  Checking ship Viper (Side 2) at (2.000000, -10.000000, 8.000000) with path [(8, -24, 16), (7, -24, 17), (6, -24, 18), (5, -23, 18), (4, -22, 18), (3, -21, 18), (2, -20, 18), (2, -19, 17), (2, -18, 16), (2, -17, 15), (2, -16, 14), (2, -15, 13), (2, -14, 12), (2, -13, 11), (2, -12, 10), (2, -11, 9), (2, -10, 8)][/color]
[Peer: 440931918] [Turn 4] [color=cyan]  Checking ship Sathar Fighter A (Side 2) at (4.000000, -12.000000, 8.000000) with path [(2, -20, 18), (1, -20, 19), (0, -19, 19), (-1, -18, 19), (-2, -18, 20), (-3, -17, 20), (-3, -16, 19), (-3, -15, 18), (-3, -14, 17), (-3, -13, 16), (-3, -12, 15), (-2, -12, 14), (-1, -12, 13), (0, -12, 12), (1, -12, 11), (2, -12, 10), (3, -12, 9), (4, -12, 8)][/color]
[Peer: 440931918] [Turn 4] [color=cyan]  Checking ship Sathar Fighter B (Side 2) at (3.000000, -11.000000, 8.000000) with path [(4, -20, 16), (4, -21, 17), (5, -22, 17), (6, -22, 16), (7, -22, 15), (8, -22, 14), (8, -21, 13), (8, -20, 12), (8, -19, 11), (8, -18, 10), (8, -17, 9), (8, -16, 8), (7, -15, 8), (6, -14, 8), (5, -13, 8), (4, -12, 8), (3, -11, 8)][/color]
[Peer: 440931918] [Turn 4] [color=cyan]  Checking ship Sathar Fighter C (Side 2) at (-8.000000, -26.000000, 34.000000) with path [(2, -21, 19), (2, -22, 20), (1, -22, 21), (0, -22, 22), (0, -23, 23), (-1, -23, 24), (-1, -24, 25), (-1, -25, 26), (-1, -26, 27), (-2, -26, 28), (-3, -26, 29), (-4, -26, 30), (-5, -26, 31), (-6, -26, 32), (-7, -26, 33), (-8, -26, 34)][/color]
[Peer: 440931918] [Turn 4] [color=cyan]  Checking ship Sathar Fighter D (Side 2) at (7.000000, -11.000000, 4.000000) with path [(7, -21, 14), (8, -21, 13), (9, -22, 13), (10, -23, 13), (11, -23, 12), (11, -22, 11), (11, -21, 10), (11, -20, 9), (11, -19, 8), (11, -18, 7), (11, -17, 6), (11, -16, 5), (11, -15, 4), (10, -14, 4), (9, -13, 4), (8, -12, 4), (7, -11, 4)][/color]
[Peer: 440931918] [Turn 4] [color=cyan]  Checking ship Sathar Fighter F (Side 2) at (5.000000, -5.000000, 0.000000) with path [(13, -12, -1), (13, -11, -2), (13, -10, -3), (12, -9, -3), (11, -8, -3), (10, -7, -3), (10, -6, -4), (9, -5, -4), (8, -4, -4), (7, -4, -3), (6, -4, -2), (5, -4, -1), (5, -5, 0)][/color]
[Peer: 440931918] [Turn 4] Mines check complete. Hit ships size: 0
[Peer: 440931918] [Turn 4] [color=cyan]  Checking ship Maelstrom (Side 2) at (21.000000, -24.000000, 3.000000) with path [(16, -20, 4), (17, -21, 4), (18, -22, 4), (19, -23, 4), (20, -24, 4), (21, -24, 3)][/color]
[Peer: 440931918] [Turn 4] [color=cyan]  Checking ship Carrion (Side 2) at (17.000000, -24.000000, 7.000000) with path [(15, -21, 6), (16, -22, 6), (17, -23, 6), (17, -24, 7)][/color]
[Peer: 440931918] [Turn 4] [color=cyan]  Checking ship Deathstroke (Side 2) at (4.000000, -13.000000, 9.000000) with path [(7, -24, 17), (7, -23, 16), (7, -22, 15), (7, -21, 14), (7, -20, 13), (6, -19, 13), (5, -18, 13), (4, -17, 13), (4, -16, 12), (4, -15, 11), (4, -14, 10), (4, -13, 9)][/color]
[Peer: 440931918] [Turn 4] [color=cyan]  Checking ship Bludgeon (Side 2) at (-3.000000, 0.000000, 3.000000) with path [(2, -5, 3), (1, -4, 3), (0, -3, 3), (-1, -2, 3), (-2, -1, 3), (-3, 0, 3)][/color]
[Peer: 440931918] [Turn 4] [color=cyan]  Checking ship Viper (Side 2) at (2.000000, -10.000000, 8.000000) with path [(8, -24, 16), (7, -24, 17), (6, -24, 18), (5, -23, 18), (4, -22, 18), (3, -21, 18), (2, -20, 18), (2, -19, 17), (2, -18, 16), (2, -17, 15), (2, -16, 14), (2, -15, 13), (2, -14, 12), (2, -13, 11), (2, -12, 10), (2, -11, 9), (2, -10, 8)][/color]
[Peer: 440931918] [Turn 4] [color=cyan]  Checking ship Sathar Fighter A (Side 2) at (4.000000, -12.000000, 8.000000) with path [(2, -20, 18), (1, -20, 19), (0, -19, 19), (-1, -18, 19), (-2, -18, 20), (-3, -17, 20), (-3, -16, 19), (-3, -15, 18), (-3, -14, 17), (-3, -13, 16), (-3, -12, 15), (-2, -12, 14), (-1, -12, 13), (0, -12, 12), (1, -12, 11), (2, -12, 10), (3, -12, 9), (4, -12, 8)][/color]
[Peer: 440931918] [Turn 4] [color=cyan]  Checking ship Sathar Fighter B (Side 2) at (3.000000, -11.000000, 8.000000) with path [(4, -20, 16), (4, -21, 17), (5, -22, 17), (6, -22, 16), (7, -22, 15), (8, -22, 14), (8, -21, 13), (8, -20, 12), (8, -19, 11), (8, -18, 10), (8, -17, 9), (8, -16, 8), (7, -15, 8), (6, -14, 8), (5, -13, 8), (4, -12, 8), (3, -11, 8)][/color]
[Peer: 440931918] [Turn 4] [color=cyan]  Checking ship Sathar Fighter C (Side 2) at (-8.000000, -26.000000, 34.000000) with path [(2, -21, 19), (2, -22, 20), (1, -22, 21), (0, -22, 22), (0, -23, 23), (-1, -23, 24), (-1, -24, 25), (-1, -25, 26), (-1, -26, 27), (-2, -26, 28), (-3, -26, 29), (-4, -26, 30), (-5, -26, 31), (-6, -26, 32), (-7, -26, 33), (-8, -26, 34)][/color]
[Peer: 440931918] [Turn 4] [color=cyan]  Checking ship Sathar Fighter D (Side 2) at (7.000000, -11.000000, 4.000000) with path [(7, -21, 14), (8, -21, 13), (9, -22, 13), (10, -23, 13), (11, -23, 12), (11, -22, 11), (11, -21, 10), (11, -20, 9), (11, -19, 8), (11, -18, 7), (11, -17, 6), (11, -16, 5), (11, -15, 4), (10, -14, 4), (9, -13, 4), (8, -12, 4), (7, -11, 4)][/color]
[Peer: 440931918] [Turn 4] [color=cyan]  Checking ship Sathar Fighter F (Side 2) at (5.000000, -5.000000, 0.000000) with path [(13, -12, -1), (13, -11, -2), (13, -10, -3), (12, -9, -3), (11, -8, -3), (10, -7, -3), (10, -6, -4), (9, -5, -4), (8, -4, -4), (7, -4, -3), (6, -4, -2), (5, -4, -1), (5, -5, 0)][/color]
[Peer: 440931918] [Turn 4] Mines check complete. Hit ships size: 0
[Peer: 440931918] [Turn 4] [color=cyan]  Checking ship Maelstrom (Side 2) at (21.000000, -24.000000, 3.000000) with path [(16, -20, 4), (17, -21, 4), (18, -22, 4), (19, -23, 4), (20, -24, 4), (21, -24, 3)][/color]
[Peer: 440931918] [Turn 4] [color=cyan]  Checking ship Carrion (Side 2) at (17.000000, -24.000000, 7.000000) with path [(15, -21, 6), (16, -22, 6), (17, -23, 6), (17, -24, 7)][/color]
[Peer: 440931918] [Turn 4] [color=cyan]  Checking ship Deathstroke (Side 2) at (4.000000, -13.000000, 9.000000) with path [(7, -24, 17), (7, -23, 16), (7, -22, 15), (7, -21, 14), (7, -20, 13), (6, -19, 13), (5, -18, 13), (4, -17, 13), (4, -16, 12), (4, -15, 11), (4, -14, 10), (4, -13, 9)][/color]
[Peer: 440931918] [Turn 4] [color=cyan]  Checking ship Bludgeon (Side 2) at (-3.000000, 0.000000, 3.000000) with path [(2, -5, 3), (1, -4, 3), (0, -3, 3), (-1, -2, 3), (-2, -1, 3), (-3, 0, 3)][/color]
[Peer: 440931918] [Turn 4] [color=cyan]  Checking ship Viper (Side 2) at (2.000000, -10.000000, 8.000000) with path [(8, -24, 16), (7, -24, 17), (6, -24, 18), (5, -23, 18), (4, -22, 18), (3, -21, 18), (2, -20, 18), (2, -19, 17), (2, -18, 16), (2, -17, 15), (2, -16, 14), (2, -15, 13), (2, -14, 12), (2, -13, 11), (2, -12, 10), (2, -11, 9), (2, -10, 8)][/color]
[Peer: 440931918] [Turn 4] [color=cyan]  Checking ship Sathar Fighter A (Side 2) at (4.000000, -12.000000, 8.000000) with path [(2, -20, 18), (1, -20, 19), (0, -19, 19), (-1, -18, 19), (-2, -18, 20), (-3, -17, 20), (-3, -16, 19), (-3, -15, 18), (-3, -14, 17), (-3, -13, 16), (-3, -12, 15), (-2, -12, 14), (-1, -12, 13), (0, -12, 12), (1, -12, 11), (2, -12, 10), (3, -12, 9), (4, -12, 8)][/color]
[Peer: 440931918] [Turn 4] [color=cyan]  Checking ship Sathar Fighter B (Side 2) at (3.000000, -11.000000, 8.000000) with path [(4, -20, 16), (4, -21, 17), (5, -22, 17), (6, -22, 16), (7, -22, 15), (8, -22, 14), (8, -21, 13), (8, -20, 12), (8, -19, 11), (8, -18, 10), (8, -17, 9), (8, -16, 8), (7, -15, 8), (6, -14, 8), (5, -13, 8), (4, -12, 8), (3, -11, 8)][/color]
[Peer: 440931918] [Turn 4] [color=cyan]  Checking ship Sathar Fighter C (Side 2) at (-8.000000, -26.000000, 34.000000) with path [(2, -21, 19), (2, -22, 20), (1, -22, 21), (0, -22, 22), (0, -23, 23), (-1, -23, 24), (-1, -24, 25), (-1, -25, 26), (-1, -26, 27), (-2, -26, 28), (-3, -26, 29), (-4, -26, 30), (-5, -26, 31), (-6, -26, 32), (-7, -26, 33), (-8, -26, 34)][/color]
[Peer: 440931918] [Turn 4] [color=cyan]  Checking ship Sathar Fighter D (Side 2) at (7.000000, -11.000000, 4.000000) with path [(7, -21, 14), (8, -21, 13), (9, -22, 13), (10, -23, 13), (11, -23, 12), (11, -22, 11), (11, -21, 10), (11, -20, 9), (11, -19, 8), (11, -18, 7), (11, -17, 6), (11, -16, 5), (11, -15, 4), (10, -14, 4), (9, -13, 4), (8, -12, 4), (7, -11, 4)][/color]
[Peer: 440931918] [Turn 4] [color=cyan]  Checking ship Sathar Fighter F (Side 2) at (5.000000, -5.000000, 0.000000) with path [(13, -12, -1), (13, -11, -2), (13, -10, -3), (12, -9, -3), (11, -8, -3), (10, -7, -3), (10, -6, -4), (9, -5, -4), (8, -4, -4), (7, -4, -3), (6, -4, -2), (5, -4, -1), (5, -5, 0)][/color]
[Peer: 440931918] [Turn 4] Mines check complete. Hit ships size: 0
[Peer: 440931918] [Turn 4] [color=cyan]  Checking ship Maelstrom (Side 2) at (21.000000, -24.000000, 3.000000) with path [(16, -20, 4), (17, -21, 4), (18, -22, 4), (19, -23, 4), (20, -24, 4), (21, -24, 3)][/color]
[Peer: 440931918] [Turn 4] [color=cyan]  Checking ship Carrion (Side 2) at (17.000000, -24.000000, 7.000000) with path [(15, -21, 6), (16, -22, 6), (17, -23, 6), (17, -24, 7)][/color]
[Peer: 440931918] [Turn 4] [color=cyan]  Checking ship Deathstroke (Side 2) at (4.000000, -13.000000, 9.000000) with path [(7, -24, 17), (7, -23, 16), (7, -22, 15), (7, -21, 14), (7, -20, 13), (6, -19, 13), (5, -18, 13), (4, -17, 13), (4, -16, 12), (4, -15, 11), (4, -14, 10), (4, -13, 9)][/color]
[Peer: 440931918] [Turn 4] [color=cyan]  Checking ship Bludgeon (Side 2) at (-3.000000, 0.000000, 3.000000) with path [(2, -5, 3), (1, -4, 3), (0, -3, 3), (-1, -2, 3), (-2, -1, 3), (-3, 0, 3)][/color]
[Peer: 440931918] [Turn 4] [color=cyan]  Checking ship Viper (Side 2) at (2.000000, -10.000000, 8.000000) with path [(8, -24, 16), (7, -24, 17), (6, -24, 18), (5, -23, 18), (4, -22, 18), (3, -21, 18), (2, -20, 18), (2, -19, 17), (2, -18, 16), (2, -17, 15), (2, -16, 14), (2, -15, 13), (2, -14, 12), (2, -13, 11), (2, -12, 10), (2, -11, 9), (2, -10, 8)][/color]
[Peer: 440931918] [Turn 4] [color=cyan]  Checking ship Sathar Fighter A (Side 2) at (4.000000, -12.000000, 8.000000) with path [(2, -20, 18), (1, -20, 19), (0, -19, 19), (-1, -18, 19), (-2, -18, 20), (-3, -17, 20), (-3, -16, 19), (-3, -15, 18), (-3, -14, 17), (-3, -13, 16), (-3, -12, 15), (-2, -12, 14), (-1, -12, 13), (0, -12, 12), (1, -12, 11), (2, -12, 10), (3, -12, 9), (4, -12, 8)][/color]
[Peer: 440931918] [Turn 4] [color=cyan]  Checking ship Sathar Fighter B (Side 2) at (3.000000, -11.000000, 8.000000) with path [(4, -20, 16), (4, -21, 17), (5, -22, 17), (6, -22, 16), (7, -22, 15), (8, -22, 14), (8, -21, 13), (8, -20, 12), (8, -19, 11), (8, -18, 10), (8, -17, 9), (8, -16, 8), (7, -15, 8), (6, -14, 8), (5, -13, 8), (4, -12, 8), (3, -11, 8)][/color]
[Peer: 440931918] [Turn 4] [color=cyan]  Checking ship Sathar Fighter C (Side 2) at (-8.000000, -26.000000, 34.000000) with path [(2, -21, 19), (2, -22, 20), (1, -22, 21), (0, -22, 22), (0, -23, 23), (-1, -23, 24), (-1, -24, 25), (-1, -25, 26), (-1, -26, 27), (-2, -26, 28), (-3, -26, 29), (-4, -26, 30), (-5, -26, 31), (-6, -26, 32), (-7, -26, 33), (-8, -26, 34)][/color]
[Peer: 440931918] [Turn 4] [color=cyan]  Checking ship Sathar Fighter D (Side 2) at (7.000000, -11.000000, 4.000000) with path [(7, -21, 14), (8, -21, 13), (9, -22, 13), (10, -23, 13), (11, -23, 12), (11, -22, 11), (11, -21, 10), (11, -20, 9), (11, -19, 8), (11, -18, 7), (11, -17, 6), (11, -16, 5), (11, -15, 4), (10, -14, 4), (9, -13, 4), (8, -12, 4), (7, -11, 4)][/color]
[Peer: 440931918] [Turn 4] [color=cyan]  Checking ship Sathar Fighter F (Side 2) at (5.000000, -5.000000, 0.000000) with path [(13, -12, -1), (13, -11, -2), (13, -10, -3), (12, -9, -3), (11, -8, -3), (10, -7, -3), (10, -6, -4), (9, -5, -4), (8, -4, -4), (7, -4, -3), (6, -4, -2), (5, -4, -1), (5, -5, 0)][/color]
[Peer: 440931918] [Turn 4] Mines check complete. Hit ships size: 0
[Peer: 440931918] [Turn 4] [color=cyan]  Checking ship Maelstrom (Side 2) at (21.000000, -24.000000, 3.000000) with path [(16, -20, 4), (17, -21, 4), (18, -22, 4), (19, -23, 4), (20, -24, 4), (21, -24, 3)][/color]
[Peer: 440931918] [Turn 4] [color=cyan]  Checking ship Carrion (Side 2) at (17.000000, -24.000000, 7.000000) with path [(15, -21, 6), (16, -22, 6), (17, -23, 6), (17, -24, 7)][/color]
[Peer: 440931918] [Turn 4] [color=cyan]  Checking ship Deathstroke (Side 2) at (4.000000, -13.000000, 9.000000) with path [(7, -24, 17), (7, -23, 16), (7, -22, 15), (7, -21, 14), (7, -20, 13), (6, -19, 13), (5, -18, 13), (4, -17, 13), (4, -16, 12), (4, -15, 11), (4, -14, 10), (4, -13, 9)][/color]
[Peer: 440931918] [Turn 4] [color=cyan]  Checking ship Bludgeon (Side 2) at (-3.000000, 0.000000, 3.000000) with path [(2, -5, 3), (1, -4, 3), (0, -3, 3), (-1, -2, 3), (-2, -1, 3), (-3, 0, 3)][/color]
[Peer: 440931918] [Turn 4] [color=cyan]  Checking ship Viper (Side 2) at (2.000000, -10.000000, 8.000000) with path [(8, -24, 16), (7, -24, 17), (6, -24, 18), (5, -23, 18), (4, -22, 18), (3, -21, 18), (2, -20, 18), (2, -19, 17), (2, -18, 16), (2, -17, 15), (2, -16, 14), (2, -15, 13), (2, -14, 12), (2, -13, 11), (2, -12, 10), (2, -11, 9), (2, -10, 8)][/color]
[Peer: 440931918] [Turn 4] [color=cyan]  Checking ship Sathar Fighter A (Side 2) at (4.000000, -12.000000, 8.000000) with path [(2, -20, 18), (1, -20, 19), (0, -19, 19), (-1, -18, 19), (-2, -18, 20), (-3, -17, 20), (-3, -16, 19), (-3, -15, 18), (-3, -14, 17), (-3, -13, 16), (-3, -12, 15), (-2, -12, 14), (-1, -12, 13), (0, -12, 12), (1, -12, 11), (2, -12, 10), (3, -12, 9), (4, -12, 8)][/color]
[Peer: 440931918] [Turn 4] [color=cyan]  Checking ship Sathar Fighter B (Side 2) at (3.000000, -11.000000, 8.000000) with path [(4, -20, 16), (4, -21, 17), (5, -22, 17), (6, -22, 16), (7, -22, 15), (8, -22, 14), (8, -21, 13), (8, -20, 12), (8, -19, 11), (8, -18, 10), (8, -17, 9), (8, -16, 8), (7, -15, 8), (6, -14, 8), (5, -13, 8), (4, -12, 8), (3, -11, 8)][/color]
[Peer: 440931918] [Turn 4] [color=cyan]  Checking ship Sathar Fighter C (Side 2) at (-8.000000, -26.000000, 34.000000) with path [(2, -21, 19), (2, -22, 20), (1, -22, 21), (0, -22, 22), (0, -23, 23), (-1, -23, 24), (-1, -24, 25), (-1, -25, 26), (-1, -26, 27), (-2, -26, 28), (-3, -26, 29), (-4, -26, 30), (-5, -26, 31), (-6, -26, 32), (-7, -26, 33), (-8, -26, 34)][/color]
[Peer: 440931918] [Turn 4] [color=cyan]  Checking ship Sathar Fighter D (Side 2) at (7.000000, -11.000000, 4.000000) with path [(7, -21, 14), (8, -21, 13), (9, -22, 13), (10, -23, 13), (11, -23, 12), (11, -22, 11), (11, -21, 10), (11, -20, 9), (11, -19, 8), (11, -18, 7), (11, -17, 6), (11, -16, 5), (11, -15, 4), (10, -14, 4), (9, -13, 4), (8, -12, 4), (7, -11, 4)][/color]
[Peer: 440931918] [Turn 4] [color=cyan]  Checking ship Sathar Fighter F (Side 2) at (5.000000, -5.000000, 0.000000) with path [(13, -12, -1), (13, -11, -2), (13, -10, -3), (12, -9, -3), (11, -8, -3), (10, -7, -3), (10, -6, -4), (9, -5, -4), (8, -4, -4), (7, -4, -3), (6, -4, -2), (5, -4, -1), (5, -5, 0)][/color]
[Peer: 440931918] [Turn 4] Mines check complete. Hit ships size: 0
[Peer: 440931918] [Turn 4] [color=cyan]  Checking ship Maelstrom (Side 2) at (21.000000, -24.000000, 3.000000) with path [(16, -20, 4), (17, -21, 4), (18, -22, 4), (19, -23, 4), (20, -24, 4), (21, -24, 3)][/color]
[Peer: 440931918] [Turn 4] [color=cyan]  Checking ship Carrion (Side 2) at (17.000000, -24.000000, 7.000000) with path [(15, -21, 6), (16, -22, 6), (17, -23, 6), (17, -24, 7)][/color]
[Peer: 440931918] [Turn 4] [color=cyan]  Checking ship Deathstroke (Side 2) at (4.000000, -13.000000, 9.000000) with path [(7, -24, 17), (7, -23, 16), (7, -22, 15), (7, -21, 14), (7, -20, 13), (6, -19, 13), (5, -18, 13), (4, -17, 13), (4, -16, 12), (4, -15, 11), (4, -14, 10), (4, -13, 9)][/color]
[Peer: 440931918] [Turn 4] [color=cyan]  Checking ship Bludgeon (Side 2) at (-3.000000, 0.000000, 3.000000) with path [(2, -5, 3), (1, -4, 3), (0, -3, 3), (-1, -2, 3), (-2, -1, 3), (-3, 0, 3)][/color]
[Peer: 440931918] [Turn 4] [color=cyan]  Checking ship Viper (Side 2) at (2.000000, -10.000000, 8.000000) with path [(8, -24, 16), (7, -24, 17), (6, -24, 18), (5, -23, 18), (4, -22, 18), (3, -21, 18), (2, -20, 18), (2, -19, 17), (2, -18, 16), (2, -17, 15), (2, -16, 14), (2, -15, 13), (2, -14, 12), (2, -13, 11), (2, -12, 10), (2, -11, 9), (2, -10, 8)][/color]
[Peer: 440931918] [Turn 4] [color=cyan]  Checking ship Sathar Fighter A (Side 2) at (4.000000, -12.000000, 8.000000) with path [(2, -20, 18), (1, -20, 19), (0, -19, 19), (-1, -18, 19), (-2, -18, 20), (-3, -17, 20), (-3, -16, 19), (-3, -15, 18), (-3, -14, 17), (-3, -13, 16), (-3, -12, 15), (-2, -12, 14), (-1, -12, 13), (0, -12, 12), (1, -12, 11), (2, -12, 10), (3, -12, 9), (4, -12, 8)][/color]
[Peer: 440931918] [Turn 4] [color=cyan]  Checking ship Sathar Fighter B (Side 2) at (3.000000, -11.000000, 8.000000) with path [(4, -20, 16), (4, -21, 17), (5, -22, 17), (6, -22, 16), (7, -22, 15), (8, -22, 14), (8, -21, 13), (8, -20, 12), (8, -19, 11), (8, -18, 10), (8, -17, 9), (8, -16, 8), (7, -15, 8), (6, -14, 8), (5, -13, 8), (4, -12, 8), (3, -11, 8)][/color]
[Peer: 440931918] [Turn 4] [color=cyan]  Checking ship Sathar Fighter C (Side 2) at (-8.000000, -26.000000, 34.000000) with path [(2, -21, 19), (2, -22, 20), (1, -22, 21), (0, -22, 22), (0, -23, 23), (-1, -23, 24), (-1, -24, 25), (-1, -25, 26), (-1, -26, 27), (-2, -26, 28), (-3, -26, 29), (-4, -26, 30), (-5, -26, 31), (-6, -26, 32), (-7, -26, 33), (-8, -26, 34)][/color]
[Peer: 440931918] [Turn 4] [color=cyan]  Checking ship Sathar Fighter D (Side 2) at (7.000000, -11.000000, 4.000000) with path [(7, -21, 14), (8, -21, 13), (9, -22, 13), (10, -23, 13), (11, -23, 12), (11, -22, 11), (11, -21, 10), (11, -20, 9), (11, -19, 8), (11, -18, 7), (11, -17, 6), (11, -16, 5), (11, -15, 4), (10, -14, 4), (9, -13, 4), (8, -12, 4), (7, -11, 4)][/color]
[Peer: 440931918] [Turn 4] [color=cyan]  Checking ship Sathar Fighter F (Side 2) at (5.000000, -5.000000, 0.000000) with path [(13, -12, -1), (13, -11, -2), (13, -10, -3), (12, -9, -3), (11, -8, -3), (10, -7, -3), (10, -6, -4), (9, -5, -4), (8, -4, -4), (7, -4, -3), (6, -4, -2), (5, -4, -1), (5, -5, 0)][/color]
[Peer: 440931918] [Turn 4] Mines check complete. Hit ships size: 0
[Peer: 440931918] [Turn 4] [color=cyan]  Checking ship Maelstrom (Side 2) at (21.000000, -24.000000, 3.000000) with path [(16, -20, 4), (17, -21, 4), (18, -22, 4), (19, -23, 4), (20, -24, 4), (21, -24, 3)][/color]
[Peer: 440931918] [Turn 4] [color=cyan]  Checking ship Carrion (Side 2) at (17.000000, -24.000000, 7.000000) with path [(15, -21, 6), (16, -22, 6), (17, -23, 6), (17, -24, 7)][/color]
[Peer: 440931918] [Turn 4] [color=cyan]  Checking ship Deathstroke (Side 2) at (4.000000, -13.000000, 9.000000) with path [(7, -24, 17), (7, -23, 16), (7, -22, 15), (7, -21, 14), (7, -20, 13), (6, -19, 13), (5, -18, 13), (4, -17, 13), (4, -16, 12), (4, -15, 11), (4, -14, 10), (4, -13, 9)][/color]
[Peer: 440931918] [Turn 4] [color=cyan]  Checking ship Bludgeon (Side 2) at (-3.000000, 0.000000, 3.000000) with path [(2, -5, 3), (1, -4, 3), (0, -3, 3), (-1, -2, 3), (-2, -1, 3), (-3, 0, 3)][/color]
[Peer: 440931918] [Turn 4] [color=cyan]  Checking ship Viper (Side 2) at (2.000000, -10.000000, 8.000000) with path [(8, -24, 16), (7, -24, 17), (6, -24, 18), (5, -23, 18), (4, -22, 18), (3, -21, 18), (2, -20, 18), (2, -19, 17), (2, -18, 16), (2, -17, 15), (2, -16, 14), (2, -15, 13), (2, -14, 12), (2, -13, 11), (2, -12, 10), (2, -11, 9), (2, -10, 8)][/color]
[Peer: 440931918] [Turn 4] [color=cyan]  Checking ship Sathar Fighter A (Side 2) at (4.000000, -12.000000, 8.000000) with path [(2, -20, 18), (1, -20, 19), (0, -19, 19), (-1, -18, 19), (-2, -18, 20), (-3, -17, 20), (-3, -16, 19), (-3, -15, 18), (-3, -14, 17), (-3, -13, 16), (-3, -12, 15), (-2, -12, 14), (-1, -12, 13), (0, -12, 12), (1, -12, 11), (2, -12, 10), (3, -12, 9), (4, -12, 8)][/color]
[Peer: 440931918] [Turn 4] [color=cyan]  Checking ship Sathar Fighter B (Side 2) at (3.000000, -11.000000, 8.000000) with path [(4, -20, 16), (4, -21, 17), (5, -22, 17), (6, -22, 16), (7, -22, 15), (8, -22, 14), (8, -21, 13), (8, -20, 12), (8, -19, 11), (8, -18, 10), (8, -17, 9), (8, -16, 8), (7, -15, 8), (6, -14, 8), (5, -13, 8), (4, -12, 8), (3, -11, 8)][/color]
[Peer: 440931918] [Turn 4] [color=cyan]  Checking ship Sathar Fighter C (Side 2) at (-8.000000, -26.000000, 34.000000) with path [(2, -21, 19), (2, -22, 20), (1, -22, 21), (0, -22, 22), (0, -23, 23), (-1, -23, 24), (-1, -24, 25), (-1, -25, 26), (-1, -26, 27), (-2, -26, 28), (-3, -26, 29), (-4, -26, 30), (-5, -26, 31), (-6, -26, 32), (-7, -26, 33), (-8, -26, 34)][/color]
[Peer: 440931918] [Turn 4] [color=cyan]  Checking ship Sathar Fighter D (Side 2) at (7.000000, -11.000000, 4.000000) with path [(7, -21, 14), (8, -21, 13), (9, -22, 13), (10, -23, 13), (11, -23, 12), (11, -22, 11), (11, -21, 10), (11, -20, 9), (11, -19, 8), (11, -18, 7), (11, -17, 6), (11, -16, 5), (11, -15, 4), (10, -14, 4), (9, -13, 4), (8, -12, 4), (7, -11, 4)][/color]
[Peer: 440931918] [Turn 4] [color=cyan]  Checking ship Sathar Fighter F (Side 2) at (5.000000, -5.000000, 0.000000) with path [(13, -12, -1), (13, -11, -2), (13, -10, -3), (12, -9, -3), (11, -8, -3), (10, -7, -3), (10, -6, -4), (9, -5, -4), (8, -4, -4), (7, -4, -3), (6, -4, -2), (5, -4, -1), (5, -5, 0)][/color]
[Peer: 440931918] [Turn 4] Mines check complete. Hit ships size: 0
[Peer: 440931918] [Turn 4] [color=cyan]  Checking ship Maelstrom (Side 2) at (21.000000, -24.000000, 3.000000) with path [(16, -20, 4), (17, -21, 4), (18, -22, 4), (19, -23, 4), (20, -24, 4), (21, -24, 3)][/color]
[Peer: 440931918] [Turn 4] [color=cyan]  Checking ship Carrion (Side 2) at (17.000000, -24.000000, 7.000000) with path [(15, -21, 6), (16, -22, 6), (17, -23, 6), (17, -24, 7)][/color]
[Peer: 440931918] [Turn 4] [color=cyan]  Checking ship Deathstroke (Side 2) at (4.000000, -13.000000, 9.000000) with path [(7, -24, 17), (7, -23, 16), (7, -22, 15), (7, -21, 14), (7, -20, 13), (6, -19, 13), (5, -18, 13), (4, -17, 13), (4, -16, 12), (4, -15, 11), (4, -14, 10), (4, -13, 9)][/color]
[Peer: 440931918] [Turn 4] [color=cyan]  Checking ship Bludgeon (Side 2) at (-3.000000, 0.000000, 3.000000) with path [(2, -5, 3), (1, -4, 3), (0, -3, 3), (-1, -2, 3), (-2, -1, 3), (-3, 0, 3)][/color]
[Peer: 440931918] [Turn 4] [color=cyan]  Checking ship Viper (Side 2) at (2.000000, -10.000000, 8.000000) with path [(8, -24, 16), (7, -24, 17), (6, -24, 18), (5, -23, 18), (4, -22, 18), (3, -21, 18), (2, -20, 18), (2, -19, 17), (2, -18, 16), (2, -17, 15), (2, -16, 14), (2, -15, 13), (2, -14, 12), (2, -13, 11), (2, -12, 10), (2, -11, 9), (2, -10, 8)][/color]
[Peer: 440931918] [Turn 4] [color=cyan]  Checking ship Sathar Fighter A (Side 2) at (4.000000, -12.000000, 8.000000) with path [(2, -20, 18), (1, -20, 19), (0, -19, 19), (-1, -18, 19), (-2, -18, 20), (-3, -17, 20), (-3, -16, 19), (-3, -15, 18), (-3, -14, 17), (-3, -13, 16), (-3, -12, 15), (-2, -12, 14), (-1, -12, 13), (0, -12, 12), (1, -12, 11), (2, -12, 10), (3, -12, 9), (4, -12, 8)][/color]
[Peer: 440931918] [Turn 4] [color=cyan]  Checking ship Sathar Fighter B (Side 2) at (3.000000, -11.000000, 8.000000) with path [(4, -20, 16), (4, -21, 17), (5, -22, 17), (6, -22, 16), (7, -22, 15), (8, -22, 14), (8, -21, 13), (8, -20, 12), (8, -19, 11), (8, -18, 10), (8, -17, 9), (8, -16, 8), (7, -15, 8), (6, -14, 8), (5, -13, 8), (4, -12, 8), (3, -11, 8)][/color]
[Peer: 440931918] [Turn 4] [color=cyan]  Checking ship Sathar Fighter C (Side 2) at (-8.000000, -26.000000, 34.000000) with path [(2, -21, 19), (2, -22, 20), (1, -22, 21), (0, -22, 22), (0, -23, 23), (-1, -23, 24), (-1, -24, 25), (-1, -25, 26), (-1, -26, 27), (-2, -26, 28), (-3, -26, 29), (-4, -26, 30), (-5, -26, 31), (-6, -26, 32), (-7, -26, 33), (-8, -26, 34)][/color]
[Peer: 440931918] [Turn 4] [color=cyan]  Checking ship Sathar Fighter D (Side 2) at (7.000000, -11.000000, 4.000000) with path [(7, -21, 14), (8, -21, 13), (9, -22, 13), (10, -23, 13), (11, -23, 12), (11, -22, 11), (11, -21, 10), (11, -20, 9), (11, -19, 8), (11, -18, 7), (11, -17, 6), (11, -16, 5), (11, -15, 4), (10, -14, 4), (9, -13, 4), (8, -12, 4), (7, -11, 4)][/color]
[Peer: 440931918] [Turn 4] [color=cyan]  Checking ship Sathar Fighter F (Side 2) at (5.000000, -5.000000, 0.000000) with path [(13, -12, -1), (13, -11, -2), (13, -10, -3), (12, -9, -3), (11, -8, -3), (10, -7, -3), (10, -6, -4), (9, -5, -4), (8, -4, -4), (7, -4, -3), (6, -4, -2), (5, -4, -1), (5, -5, 0)][/color]
[Peer: 440931918] [Turn 4] Mines check complete. Hit ships size: 0
[Peer: 440931918] [Turn 4] [color=cyan]  Checking ship Maelstrom (Side 2) at (21.000000, -24.000000, 3.000000) with path [(16, -20, 4), (17, -21, 4), (18, -22, 4), (19, -23, 4), (20, -24, 4), (21, -24, 3)][/color]
[Peer: 440931918] [Turn 4] [color=cyan]  Checking ship Carrion (Side 2) at (17.000000, -24.000000, 7.000000) with path [(15, -21, 6), (16, -22, 6), (17, -23, 6), (17, -24, 7)][/color]
[Peer: 440931918] [Turn 4] [color=cyan]  Checking ship Deathstroke (Side 2) at (4.000000, -13.000000, 9.000000) with path [(7, -24, 17), (7, -23, 16), (7, -22, 15), (7, -21, 14), (7, -20, 13), (6, -19, 13), (5, -18, 13), (4, -17, 13), (4, -16, 12), (4, -15, 11), (4, -14, 10), (4, -13, 9)][/color]
[Peer: 440931918] [Turn 4] [color=cyan]  Checking ship Bludgeon (Side 2) at (-3.000000, 0.000000, 3.000000) with path [(2, -5, 3), (1, -4, 3), (0, -3, 3), (-1, -2, 3), (-2, -1, 3), (-3, 0, 3)][/color]
[Peer: 440931918] [Turn 4] [color=cyan]  Checking ship Viper (Side 2) at (2.000000, -10.000000, 8.000000) with path [(8, -24, 16), (7, -24, 17), (6, -24, 18), (5, -23, 18), (4, -22, 18), (3, -21, 18), (2, -20, 18), (2, -19, 17), (2, -18, 16), (2, -17, 15), (2, -16, 14), (2, -15, 13), (2, -14, 12), (2, -13, 11), (2, -12, 10), (2, -11, 9), (2, -10, 8)][/color]
[Peer: 440931918] [Turn 4] [color=cyan]  Checking ship Sathar Fighter A (Side 2) at (4.000000, -12.000000, 8.000000) with path [(2, -20, 18), (1, -20, 19), (0, -19, 19), (-1, -18, 19), (-2, -18, 20), (-3, -17, 20), (-3, -16, 19), (-3, -15, 18), (-3, -14, 17), (-3, -13, 16), (-3, -12, 15), (-2, -12, 14), (-1, -12, 13), (0, -12, 12), (1, -12, 11), (2, -12, 10), (3, -12, 9), (4, -12, 8)][/color]
[Peer: 440931918] [Turn 4] [color=cyan]  Checking ship Sathar Fighter B (Side 2) at (3.000000, -11.000000, 8.000000) with path [(4, -20, 16), (4, -21, 17), (5, -22, 17), (6, -22, 16), (7, -22, 15), (8, -22, 14), (8, -21, 13), (8, -20, 12), (8, -19, 11), (8, -18, 10), (8, -17, 9), (8, -16, 8), (7, -15, 8), (6, -14, 8), (5, -13, 8), (4, -12, 8), (3, -11, 8)][/color]
[Peer: 440931918] [Turn 4] [color=cyan]  Checking ship Sathar Fighter C (Side 2) at (-8.000000, -26.000000, 34.000000) with path [(2, -21, 19), (2, -22, 20), (1, -22, 21), (0, -22, 22), (0, -23, 23), (-1, -23, 24), (-1, -24, 25), (-1, -25, 26), (-1, -26, 27), (-2, -26, 28), (-3, -26, 29), (-4, -26, 30), (-5, -26, 31), (-6, -26, 32), (-7, -26, 33), (-8, -26, 34)][/color]
[Peer: 440931918] [Turn 4] [color=cyan]  Checking ship Sathar Fighter D (Side 2) at (7.000000, -11.000000, 4.000000) with path [(7, -21, 14), (8, -21, 13), (9, -22, 13), (10, -23, 13), (11, -23, 12), (11, -22, 11), (11, -21, 10), (11, -20, 9), (11, -19, 8), (11, -18, 7), (11, -17, 6), (11, -16, 5), (11, -15, 4), (10, -14, 4), (9, -13, 4), (8, -12, 4), (7, -11, 4)][/color]
[Peer: 440931918] [Turn 4] [color=cyan]  Checking ship Sathar Fighter F (Side 2) at (5.000000, -5.000000, 0.000000) with path [(13, -12, -1), (13, -11, -2), (13, -10, -3), (12, -9, -3), (11, -8, -3), (10, -7, -3), (10, -6, -4), (9, -5, -4), (8, -4, -4), (7, -4, -3), (6, -4, -2), (5, -4, -1), (5, -5, 0)][/color]
[Peer: 440931918] [Turn 4] Mines check complete. Hit ships size: 0
[Peer: 440931918] [Turn 4] [color=cyan]  Checking ship Maelstrom (Side 2) at (21.000000, -24.000000, 3.000000) with path [(16, -20, 4), (17, -21, 4), (18, -22, 4), (19, -23, 4), (20, -24, 4), (21, -24, 3)][/color]
[Peer: 440931918] [Turn 4] [color=cyan]  Checking ship Carrion (Side 2) at (17.000000, -24.000000, 7.000000) with path [(15, -21, 6), (16, -22, 6), (17, -23, 6), (17, -24, 7)][/color]
[Peer: 440931918] [Turn 4] [color=cyan]  Checking ship Deathstroke (Side 2) at (4.000000, -13.000000, 9.000000) with path [(7, -24, 17), (7, -23, 16), (7, -22, 15), (7, -21, 14), (7, -20, 13), (6, -19, 13), (5, -18, 13), (4, -17, 13), (4, -16, 12), (4, -15, 11), (4, -14, 10), (4, -13, 9)][/color]
[Peer: 440931918] [Turn 4] [color=cyan]  Checking ship Bludgeon (Side 2) at (-3.000000, 0.000000, 3.000000) with path [(2, -5, 3), (1, -4, 3), (0, -3, 3), (-1, -2, 3), (-2, -1, 3), (-3, 0, 3)][/color]
[Peer: 440931918] [Turn 4] [color=cyan]  Checking ship Viper (Side 2) at (2.000000, -10.000000, 8.000000) with path [(8, -24, 16), (7, -24, 17), (6, -24, 18), (5, -23, 18), (4, -22, 18), (3, -21, 18), (2, -20, 18), (2, -19, 17), (2, -18, 16), (2, -17, 15), (2, -16, 14), (2, -15, 13), (2, -14, 12), (2, -13, 11), (2, -12, 10), (2, -11, 9), (2, -10, 8)][/color]
[Peer: 440931918] [Turn 4] [color=cyan]  Checking ship Sathar Fighter A (Side 2) at (4.000000, -12.000000, 8.000000) with path [(2, -20, 18), (1, -20, 19), (0, -19, 19), (-1, -18, 19), (-2, -18, 20), (-3, -17, 20), (-3, -16, 19), (-3, -15, 18), (-3, -14, 17), (-3, -13, 16), (-3, -12, 15), (-2, -12, 14), (-1, -12, 13), (0, -12, 12), (1, -12, 11), (2, -12, 10), (3, -12, 9), (4, -12, 8)][/color]
[Peer: 440931918] [Turn 4] [color=cyan]  Checking ship Sathar Fighter B (Side 2) at (3.000000, -11.000000, 8.000000) with path [(4, -20, 16), (4, -21, 17), (5, -22, 17), (6, -22, 16), (7, -22, 15), (8, -22, 14), (8, -21, 13), (8, -20, 12), (8, -19, 11), (8, -18, 10), (8, -17, 9), (8, -16, 8), (7, -15, 8), (6, -14, 8), (5, -13, 8), (4, -12, 8), (3, -11, 8)][/color]
[Peer: 440931918] [Turn 4] [color=cyan]  Checking ship Sathar Fighter C (Side 2) at (-8.000000, -26.000000, 34.000000) with path [(2, -21, 19), (2, -22, 20), (1, -22, 21), (0, -22, 22), (0, -23, 23), (-1, -23, 24), (-1, -24, 25), (-1, -25, 26), (-1, -26, 27), (-2, -26, 28), (-3, -26, 29), (-4, -26, 30), (-5, -26, 31), (-6, -26, 32), (-7, -26, 33), (-8, -26, 34)][/color]
[Peer: 440931918] [Turn 4] [color=cyan]  Checking ship Sathar Fighter D (Side 2) at (7.000000, -11.000000, 4.000000) with path [(7, -21, 14), (8, -21, 13), (9, -22, 13), (10, -23, 13), (11, -23, 12), (11, -22, 11), (11, -21, 10), (11, -20, 9), (11, -19, 8), (11, -18, 7), (11, -17, 6), (11, -16, 5), (11, -15, 4), (10, -14, 4), (9, -13, 4), (8, -12, 4), (7, -11, 4)][/color]
[Peer: 440931918] [Turn 4] [color=cyan]  Checking ship Sathar Fighter F (Side 2) at (5.000000, -5.000000, 0.000000) with path [(13, -12, -1), (13, -11, -2), (13, -10, -3), (12, -9, -3), (11, -8, -3), (10, -7, -3), (10, -6, -4), (9, -5, -4), (8, -4, -4), (7, -4, -3), (6, -4, -2), (5, -4, -1), (5, -5, 0)][/color]
[Peer: 440931918] [Turn 4] Mines check complete. Hit ships size: 0
[Peer: 440931918] [Turn 4] [color=cyan]  Checking ship Maelstrom (Side 2) at (21.000000, -24.000000, 3.000000) with path [(16, -20, 4), (17, -21, 4), (18, -22, 4), (19, -23, 4), (20, -24, 4), (21, -24, 3)][/color]
[Peer: 440931918] [Turn 4] [color=cyan]  Checking ship Carrion (Side 2) at (17.000000, -24.000000, 7.000000) with path [(15, -21, 6), (16, -22, 6), (17, -23, 6), (17, -24, 7)][/color]
[Peer: 440931918] [Turn 4] [color=cyan]  Checking ship Deathstroke (Side 2) at (4.000000, -13.000000, 9.000000) with path [(7, -24, 17), (7, -23, 16), (7, -22, 15), (7, -21, 14), (7, -20, 13), (6, -19, 13), (5, -18, 13), (4, -17, 13), (4, -16, 12), (4, -15, 11), (4, -14, 10), (4, -13, 9)][/color]
[Peer: 440931918] [Turn 4] [color=cyan]  Checking ship Bludgeon (Side 2) at (-3.000000, 0.000000, 3.000000) with path [(2, -5, 3), (1, -4, 3), (0, -3, 3), (-1, -2, 3), (-2, -1, 3), (-3, 0, 3)][/color]
[Peer: 440931918] [Turn 4] [color=cyan]  Checking ship Viper (Side 2) at (2.000000, -10.000000, 8.000000) with path [(8, -24, 16), (7, -24, 17), (6, -24, 18), (5, -23, 18), (4, -22, 18), (3, -21, 18), (2, -20, 18), (2, -19, 17), (2, -18, 16), (2, -17, 15), (2, -16, 14), (2, -15, 13), (2, -14, 12), (2, -13, 11), (2, -12, 10), (2, -11, 9), (2, -10, 8)][/color]
[Peer: 440931918] [Turn 4] [color=cyan]  Checking ship Sathar Fighter A (Side 2) at (4.000000, -12.000000, 8.000000) with path [(2, -20, 18), (1, -20, 19), (0, -19, 19), (-1, -18, 19), (-2, -18, 20), (-3, -17, 20), (-3, -16, 19), (-3, -15, 18), (-3, -14, 17), (-3, -13, 16), (-3, -12, 15), (-2, -12, 14), (-1, -12, 13), (0, -12, 12), (1, -12, 11), (2, -12, 10), (3, -12, 9), (4, -12, 8)][/color]
[Peer: 440931918] [Turn 4] [color=cyan]  Checking ship Sathar Fighter B (Side 2) at (3.000000, -11.000000, 8.000000) with path [(4, -20, 16), (4, -21, 17), (5, -22, 17), (6, -22, 16), (7, -22, 15), (8, -22, 14), (8, -21, 13), (8, -20, 12), (8, -19, 11), (8, -18, 10), (8, -17, 9), (8, -16, 8), (7, -15, 8), (6, -14, 8), (5, -13, 8), (4, -12, 8), (3, -11, 8)][/color]
[Peer: 440931918] [Turn 4] [color=cyan]  Checking ship Sathar Fighter C (Side 2) at (-8.000000, -26.000000, 34.000000) with path [(2, -21, 19), (2, -22, 20), (1, -22, 21), (0, -22, 22), (0, -23, 23), (-1, -23, 24), (-1, -24, 25), (-1, -25, 26), (-1, -26, 27), (-2, -26, 28), (-3, -26, 29), (-4, -26, 30), (-5, -26, 31), (-6, -26, 32), (-7, -26, 33), (-8, -26, 34)][/color]
[Peer: 440931918] [Turn 4] [color=cyan]  Checking ship Sathar Fighter D (Side 2) at (7.000000, -11.000000, 4.000000) with path [(7, -21, 14), (8, -21, 13), (9, -22, 13), (10, -23, 13), (11, -23, 12), (11, -22, 11), (11, -21, 10), (11, -20, 9), (11, -19, 8), (11, -18, 7), (11, -17, 6), (11, -16, 5), (11, -15, 4), (10, -14, 4), (9, -13, 4), (8, -12, 4), (7, -11, 4)][/color]
[Peer: 440931918] [Turn 4] [color=cyan]  Checking ship Sathar Fighter F (Side 2) at (5.000000, -5.000000, 0.000000) with path [(13, -12, -1), (13, -11, -2), (13, -10, -3), (12, -9, -3), (11, -8, -3), (10, -7, -3), (10, -6, -4), (9, -5, -4), (8, -4, -4), (7, -4, -3), (6, -4, -2), (5, -4, -1), (5, -5, 0)][/color]
[Peer: 440931918] [Turn 4] Mines check complete. Hit ships size: 0
[Peer: 440931918] [Turn 4] [color=cyan]  Checking ship Maelstrom (Side 2) at (21.000000, -24.000000, 3.000000) with path [(16, -20, 4), (17, -21, 4), (18, -22, 4), (19, -23, 4), (20, -24, 4), (21, -24, 3)][/color]
[Peer: 440931918] [Turn 4] [color=cyan]  Checking ship Carrion (Side 2) at (17.000000, -24.000000, 7.000000) with path [(15, -21, 6), (16, -22, 6), (17, -23, 6), (17, -24, 7)][/color]
[Peer: 440931918] [Turn 4] [color=cyan]  Checking ship Deathstroke (Side 2) at (4.000000, -13.000000, 9.000000) with path [(7, -24, 17), (7, -23, 16), (7, -22, 15), (7, -21, 14), (7, -20, 13), (6, -19, 13), (5, -18, 13), (4, -17, 13), (4, -16, 12), (4, -15, 11), (4, -14, 10), (4, -13, 9)][/color]
[Peer: 440931918] [Turn 4] [color=cyan]  Checking ship Bludgeon (Side 2) at (-3.000000, 0.000000, 3.000000) with path [(2, -5, 3), (1, -4, 3), (0, -3, 3), (-1, -2, 3), (-2, -1, 3), (-3, 0, 3)][/color]
[Peer: 440931918] [Turn 4] [color=cyan]  Checking ship Viper (Side 2) at (2.000000, -10.000000, 8.000000) with path [(8, -24, 16), (7, -24, 17), (6, -24, 18), (5, -23, 18), (4, -22, 18), (3, -21, 18), (2, -20, 18), (2, -19, 17), (2, -18, 16), (2, -17, 15), (2, -16, 14), (2, -15, 13), (2, -14, 12), (2, -13, 11), (2, -12, 10), (2, -11, 9), (2, -10, 8)][/color]
[Peer: 440931918] [Turn 4] [color=cyan]  Checking ship Sathar Fighter A (Side 2) at (4.000000, -12.000000, 8.000000) with path [(2, -20, 18), (1, -20, 19), (0, -19, 19), (-1, -18, 19), (-2, -18, 20), (-3, -17, 20), (-3, -16, 19), (-3, -15, 18), (-3, -14, 17), (-3, -13, 16), (-3, -12, 15), (-2, -12, 14), (-1, -12, 13), (0, -12, 12), (1, -12, 11), (2, -12, 10), (3, -12, 9), (4, -12, 8)][/color]
[Peer: 440931918] [Turn 4] [color=cyan]  Checking ship Sathar Fighter B (Side 2) at (3.000000, -11.000000, 8.000000) with path [(4, -20, 16), (4, -21, 17), (5, -22, 17), (6, -22, 16), (7, -22, 15), (8, -22, 14), (8, -21, 13), (8, -20, 12), (8, -19, 11), (8, -18, 10), (8, -17, 9), (8, -16, 8), (7, -15, 8), (6, -14, 8), (5, -13, 8), (4, -12, 8), (3, -11, 8)][/color]
[Peer: 440931918] [Turn 4] [color=cyan]  Checking ship Sathar Fighter C (Side 2) at (-8.000000, -26.000000, 34.000000) with path [(2, -21, 19), (2, -22, 20), (1, -22, 21), (0, -22, 22), (0, -23, 23), (-1, -23, 24), (-1, -24, 25), (-1, -25, 26), (-1, -26, 27), (-2, -26, 28), (-3, -26, 29), (-4, -26, 30), (-5, -26, 31), (-6, -26, 32), (-7, -26, 33), (-8, -26, 34)][/color]
[Peer: 440931918] [Turn 4] [color=cyan]  Checking ship Sathar Fighter D (Side 2) at (7.000000, -11.000000, 4.000000) with path [(7, -21, 14), (8, -21, 13), (9, -22, 13), (10, -23, 13), (11, -23, 12), (11, -22, 11), (11, -21, 10), (11, -20, 9), (11, -19, 8), (11, -18, 7), (11, -17, 6), (11, -16, 5), (11, -15, 4), (10, -14, 4), (9, -13, 4), (8, -12, 4), (7, -11, 4)][/color]
[Peer: 440931918] [Turn 4] [color=cyan]  Checking ship Sathar Fighter F (Side 2) at (5.000000, -5.000000, 0.000000) with path [(13, -12, -1), (13, -11, -2), (13, -10, -3), (12, -9, -3), (11, -8, -3), (10, -7, -3), (10, -6, -4), (9, -5, -4), (8, -4, -4), (7, -4, -3), (6, -4, -2), (5, -4, -1), (5, -5, 0)][/color]
[Peer: 440931918] [Turn 4] Mines check complete. Hit ships size: 0
[Peer: 440931918] [Turn 4] [color=cyan]!!! DEBUG !!! Entering Seeker Movement. Active Seekers: 4[/color]
[Peer: 440931918] [Turn 4] Movement Phase Complete for Side 2. Starting Combat.
[DEBUG] start_combat_passive: Side 1 firing (Opponent of Moving Side 2)
[Peer: 440931918] [Turn 4] Combat Planning: Side 1
[DEBUG] TARGET CHECK P1. Ships: 9
[DEBUG] VALID: Ken'zah Station found target with Laser Battery
[Peer: 440931918] [Turn 4] Resolving 5 attacks...
[Peer: 440931918] [Turn 4] ST Ken'zah Station firing Laser Battery at DD Bludgeon
Combat Roll: Distance 2, Chance 40%, Rolled 95
[Peer: 440931918] [Turn 4] Firing Ship: ST Ken'zah Station, Weapon: Laser Battery, Odds: 40%, Roll: 95, Result: MISS
[Peer: 440931918] [Turn 4] [color=red]MISS![/color]
[Peer: 440931918] [Turn 4] ST Ken'zah Station firing Laser Battery at DD Bludgeon
[Peer: 440931918] [Turn 4] Firing Ship: ST Ken'zah Station, Weapon: Laser Battery, Odds: 40%, Roll: 95, Result: MISS
[Peer: 440931918] [Turn 4] ST Ken'zah Station firing Laser Battery at DD Bludgeon
[Peer: 440931918] [Turn 4] Firing Ship: ST Ken'zah Station, Weapon: Laser Battery, Odds: 40%, Roll: 44, Result: MISS
[Peer: 440931918] [Turn 4] ST Ken'zah Station firing Laser Battery at DD Bludgeon
Combat Roll: Distance 2, Chance 40%, Rolled 44
[Peer: 440931918] [Turn 4] Firing Ship: ST Ken'zah Station, Weapon: Laser Battery, Odds: 40%, Roll: 44, Result: MISS
[Peer: 440931918] [Turn 4] [color=red]MISS![/color]
[Peer: 440931918] [Turn 4] ST Ken'zah Station firing Rocket Battery Swarm at DD Bludgeon
[Peer: 440931918] [Turn 4] Firing Ship: ST Ken'zah Station, Weapon: Rocket Battery Swarm, Odds: 40%, Roll: 10, Result: HIT
[Peer: 440931918] [Turn 4] [color=green]HIT![/color] Rolling Damage Table (d100+0 = 72)
[Peer: 440931918] [Turn 4] ST Ken'zah Station firing Rocket Battery Swarm at DD Bludgeon
Combat Roll: Distance 3, Chance 40%, Rolled 10
[Peer: 440931918] [Turn 4] Firing Ship: ST Ken'zah Station, Weapon: Rocket Battery Swarm, Odds: 40%, Roll: 10, Result: HIT
Damage Roll: 2d10+0 -> 7
Damage Roll: d100(72) + DTM(0) = 72
[Peer: 440931918] [Turn 4] [color=green]HIT![/color] Rolling Damage Table (d100+0 = 72)
[Peer: 440931918] [Turn 4] Bludgeon: Power Short Circuit (Lose ICMs)
[Peer: 440931918] [Turn 4] [color=red]System missing/destroyed -> FALLBACK HULL HIT[/color]
[Peer: 440931918] [Turn 4] Bludgeon takes 7 Fallback Damage (Converted Effect)
[Peer: 440931918] [Turn 4] FG Shimmer firing Laser Battery at DD Bludgeon
[Peer: 440931918] [Turn 4] Firing Ship: FG Shimmer, Weapon: Laser Battery, Odds: 40%, Roll: 15, Result: HIT
[Peer: 440931918] [Turn 4] [color=green]HIT![/color] Rolling Damage Table (d100+0 = 41)
[Peer: 440931918] [Turn 4] FG Shimmer firing Laser Battery at DD Bludgeon
Combat Roll: Distance 2, Chance 40%, Rolled 15
[Peer: 440931918] [Turn 4] Firing Ship: FG Shimmer, Weapon: Laser Battery, Odds: 40%, Roll: 15, Result: HIT
Damage Roll: 1d10+0 -> 6
Damage Roll: d100(41) + DTM(0) = 41
[Peer: 440931918] [Turn 4] [color=green]HIT![/color] Rolling Damage Table (d100+0 = 41)
[Peer: 440931918] [Turn 4] Bludgeon: Hull Hit (6 Damage)
[Peer: 440931918] [Turn 4] FG Zz'Nakk'T firing Laser Canon at DD Bludgeon
[Peer: 440931918] [Turn 4] Firing Ship: FG Zz'Nakk'T, Weapon: Laser Canon, Odds: 10%, Roll: 60, Result: MISS
[Peer: 440931918] [Turn 4] FG Zz'Nakk'T firing Laser Canon at DD Bludgeon
Combat Roll: Distance 10, Chance 10%, Rolled 60
[Peer: 440931918] [Turn 4] Firing Ship: FG Zz'Nakk'T, Weapon: Laser Canon, Odds: 10%, Roll: 60, Result: MISS
[Peer: 440931918] [Turn 4] [color=red]MISS![/color]
[Peer: 440931918] [Turn 4] Resolution Phase Complete.
[Peer: 440931918] [Turn 4] Turn Segment Complete.
[DEBUG] start_combat_active: Side 2 firing (Active Side)
[Peer: 440931918] [Turn 4] Combat Planning: Side 2
[DEBUG] TARGET CHECK P2. Ships: 10
[DEBUG] VALID: Deathstroke found target with Disruptor Canon
[Peer: 440931918] [Turn 4] AI Planning: CL Deathstroke -> F Fighter E with Disruptor Canon (Utility: 6.87)
[Peer: 440931918] [Turn 4] AI Planning: CL Deathstroke -> F Fighter E with Laser Battery (Utility: 5.00)
[Peer: 440931918] [Turn 4] AI Planning: CL Deathstroke -> F Fighter E with Electron Battery (Utility: 6.11)
[Peer: 440931918] [Turn 4] AI Planning: CL Deathstroke -> F Fighter E with Proton Battery (Utility: 5.58)
[Peer: 440931918] [Turn 4] AI Planning: DD Bludgeon -> F Fighter A with Laser Battery (Utility: 10.28)
[Peer: 440931918] [Turn 4] AI Planning: DD Bludgeon -> ST Ken'zah Station with Electron Battery (Utility: 9.08)
[Peer: 440931918] [Turn 4] AI Planning: DD Bludgeon -> F Fighter A with Rocket Batteries (Utility: 8.78)
[Peer: 440931918] [Turn 4] AI Planning: DD Bludgeon -> F Fighter A with Torpedoes (Utility: 10.71)
[Peer: 440931918] [Turn 4] AI Planning: DD Viper -> F Fighter E with Laser Battery (Utility: 5.35)
[Peer: 440931918] [Turn 4] AI Planning: DD Viper -> F Fighter E with Electron Battery (Utility: 6.25)
[Peer: 440931918] [Turn 4] AI Planning: F Sathar Fighter D -> F Fighter E with Assault Rockets (Utility: 8.79)
[Peer: 440931918] [Turn 4] AI Planning: F Sathar Fighter F -> F Fighter E with Assault Rockets (Utility: 8.11)
[Peer: 440931918] [Turn 4] Resolving 12 attacks...
[Peer: 440931918] [Turn 4] CL Deathstroke firing Disruptor Canon at F Fighter E
Combat Roll: Distance 6, Chance 40%, Rolled 66
[Peer: 440931918] [Turn 4] Firing Ship: CL Deathstroke, Weapon: Disruptor Canon, Odds: 40%, Roll: 66, Result: MISS
[Peer: 440931918] [Turn 4] [color=red]MISS![/color]
[Peer: 440931918] [Turn 4] CL Deathstroke firing Disruptor Canon at F Fighter E
[Peer: 440931918] [Turn 4] Firing Ship: CL Deathstroke, Weapon: Disruptor Canon, Odds: 40%, Roll: 66, Result: MISS
[Peer: 440931918] [Turn 4] CL Deathstroke firing Laser Battery at F Fighter E
[Peer: 440931918] [Turn 4] Firing Ship: CL Deathstroke, Weapon: Laser Battery, Odds: 20%, Roll: 3, Result: HIT
[Peer: 440931918] [Turn 4] [color=green]HIT![/color] Rolling Damage Table (d100+0 = 46)
[Peer: 440931918] [Turn 4] CL Deathstroke firing Laser Battery at F Fighter E
Combat Roll: Distance 6, Chance 20%, Rolled 3
[Peer: 440931918] [Turn 4] Firing Ship: CL Deathstroke, Weapon: Laser Battery, Odds: 20%, Roll: 3, Result: HIT
Damage Roll: 1d10+0 -> 5
Damage Roll: d100(46) + DTM(0) = 46
[Peer: 440931918] [Turn 4] [color=green]HIT![/color] Rolling Damage Table (d100+0 = 46)
[Peer: 440931918] [Turn 4] Fighter E: Drive Hit (-1 ADF)
[Peer: 440931918] [Turn 4] [color=red]System missing/destroyed -> FALLBACK HULL HIT[/color]
[Peer: 440931918] [Turn 4] Fighter E takes 5 Fallback Damage (Converted Effect)
[Peer: 440931918] [Turn 4] CL Deathstroke firing Electron Battery at F Fighter E
[Peer: 440931918] [Turn 4] CL Deathstroke firing Electron Battery at F Fighter E
Combat Roll: Distance 6, Chance 30%, Rolled 98
[Peer: 440931918] [Turn 4] Firing Ship: CL Deathstroke, Weapon: Electron Battery, Odds: 30%, Roll: 98, Result: MISS
[Peer: 440931918] [Turn 4] [color=red]MISS![/color]
[Peer: 440931918] [Turn 4] Firing Ship: CL Deathstroke, Weapon: Electron Battery, Odds: 30%, Roll: 98, Result: MISS
[Peer: 440931918] [Turn 4] CL Deathstroke firing Proton Battery at F Fighter E
[Peer: 440931918] [Turn 4] Firing Ship: CL Deathstroke, Weapon: Proton Battery, Odds: 30%, Roll: 34, Result: MISS
[Peer: 440931918] [Turn 4] CL Deathstroke firing Proton Battery at F Fighter E
Combat Roll: Distance 6, Chance 30%, Rolled 34
[Peer: 440931918] [Turn 4] Firing Ship: CL Deathstroke, Weapon: Proton Battery, Odds: 30%, Roll: 34, Result: MISS
[Peer: 440931918] [Turn 4] [color=red]MISS![/color]
[Peer: 440931918] [Turn 4] DD Bludgeon firing Laser Battery at F Fighter A
[Peer: 440931918] [Turn 4] Firing Ship: DD Bludgeon, Weapon: Laser Battery, Odds: 40%, Roll: 49, Result: MISS
[Peer: 440931918] [Turn 4] DD Bludgeon firing Laser Battery at F Fighter A
Combat Roll: Distance 2, Chance 40%, Rolled 49
[Peer: 440931918] [Turn 4] Firing Ship: DD Bludgeon, Weapon: Laser Battery, Odds: 40%, Roll: 49, Result: MISS
[Peer: 440931918] [Turn 4] [color=red]MISS![/color]
[Peer: 440931918] [Turn 4] DD Bludgeon firing Electron Battery at ST Ken'zah Station
[Peer: 440931918] [Turn 4] Firing Ship: DD Bludgeon, Weapon: Electron Battery, Odds: 45%, Roll: 95, Result: MISS
[Peer: 440931918] [Turn 4] DD Bludgeon firing Electron Battery at ST Ken'zah Station
Combat Roll: Distance 3, Chance 45%, Rolled 95
[Peer: 440931918] [Turn 4] Firing Ship: DD Bludgeon, Weapon: Electron Battery, Odds: 45%, Roll: 95, Result: MISS
[Peer: 440931918] [Turn 4] [color=red]MISS![/color]
[Peer: 440931918] [Turn 4] DD Bludgeon firing Rocket Batteries at F Fighter A
[Peer: 440931918] [Turn 4] Firing Ship: DD Bludgeon, Weapon: Rocket Batteries, Odds: 40%, Roll: 44, Result: MISS
[Peer: 440931918] [Turn 4] DD Bludgeon firing Rocket Batteries at F Fighter A
Combat Roll: Distance 2, Chance 40%, Rolled 44
[Peer: 440931918] [Turn 4] Firing Ship: DD Bludgeon, Weapon: Rocket Batteries, Odds: 40%, Roll: 44, Result: MISS
[Peer: 440931918] [Turn 4] [color=red]MISS![/color]
[Peer: 440931918] [Turn 4] DD Bludgeon firing Torpedoes at F Fighter A
[Peer: 440931918] [Turn 4] Firing Ship: DD Bludgeon, Weapon: Torpedoes, Odds: 70%, Roll: 78, Result: MISS
[Peer: 440931918] [Turn 4] DD Bludgeon firing Torpedoes at F Fighter A
Combat Roll: Distance 2, Chance 70%, Rolled 78
[Peer: 440931918] [Turn 4] Firing Ship: DD Bludgeon, Weapon: Torpedoes, Odds: 70%, Roll: 78, Result: MISS
[Peer: 440931918] [Turn 4] [color=red]MISS![/color]
[Peer: 440931918] [Turn 4] DD Viper firing Laser Battery at F Fighter E
[Peer: 440931918] [Turn 4] Firing Ship: DD Viper, Weapon: Laser Battery, Odds: 15%, Roll: 86, Result: MISS
[Peer: 440931918] [Turn 4] DD Viper firing Laser Battery at F Fighter E
Combat Roll: Distance 5, Chance 15%, Rolled 86
[Peer: 440931918] [Turn 4] Firing Ship: DD Viper, Weapon: Laser Battery, Odds: 15%, Roll: 86, Result: MISS
[Peer: 440931918] [Turn 4] [color=red]MISS![/color]
[Peer: 440931918] [Turn 4] DD Viper firing Electron Battery at F Fighter E
[Peer: 440931918] [Turn 4] Firing Ship: DD Viper, Weapon: Electron Battery, Odds: 25%, Roll: 63, Result: MISS
[Peer: 440931918] [Turn 4] DD Viper firing Electron Battery at F Fighter E
Combat Roll: Distance 5, Chance 25%, Rolled 63
[Peer: 440931918] [Turn 4] Firing Ship: DD Viper, Weapon: Electron Battery, Odds: 25%, Roll: 63, Result: MISS
[Peer: 440931918] [Turn 4] [color=red]MISS![/color]
[Peer: 440931918] [Turn 4] F Sathar Fighter D firing Assault Rockets at F Fighter E
[Peer: 440931918] [Turn 4] Firing Ship: F Sathar Fighter D, Weapon: Assault Rockets, Odds: 60%, Roll: 56, Result: HIT
[Peer: 440931918] [Turn 4] F Sathar Fighter D firing Assault Rockets at F Fighter E
Combat Roll: Distance 4, Chance 60%, Rolled 56
[Peer: 440931918] [Turn 4] Firing Ship: F Sathar Fighter D, Weapon: Assault Rockets, Odds: 60%, Roll: 56, Result: HIT
Damage Roll: 2d10+4 -> 22
Damage Roll: d100(92) + DTM(-10) = 82
[Peer: 440931918] [Turn 4] [color=green]HIT![/color] Rolling Damage Table (d100+-10 = 82)
[Peer: 440931918] [Turn 4] [color=green]HIT![/color] Rolling Damage Table (d100+-10 = 82)
[Peer: 440931918] [Turn 4] Fighter E: Defense Hit (ICM, SS, PS, ES, MS)
[Peer: 440931918] [Turn 4] [color=red]System missing/destroyed -> FALLBACK HULL HIT[/color]
[Peer: 440931918] [Turn 4] Ship destroyed: Fighter E
[Peer: 440931918] [Turn 4] Fighter E takes 22 Fallback Damage (Converted Effect)
[Peer: 440931918] [Turn 4] F Sathar Fighter F firing at WRECK of F Fighter E! (Wasted)
[Peer: 440931918] [Turn 4] F Sathar Fighter F firing at WRECK of F Fighter E! (Wasted)
[Peer: 440931918] [Turn 4] Resolution Phase Complete.
[Peer: 440931918] [Turn 4] Turn Segment Complete.
[Peer: 440931918] [Turn 5] Round Complete. Starting New Round.
[Peer: 440931918] [Turn 5] === Turn Start: Side UPF ===
DEBUG: Rejected Maelstrom Side:2 CurSide:1 Moved:false
DEBUG: Rejected Carrion Side:2 CurSide:1 Moved:false
DEBUG: Rejected Deathstroke Side:2 CurSide:1 Moved:false
DEBUG: Rejected Bludgeon Side:2 CurSide:1 Moved:false
DEBUG: Rejected Viper Side:2 CurSide:1 Moved:false
DEBUG: Rejected Sathar Fighter A Side:2 CurSide:1 Moved:false
DEBUG: Rejected Sathar Fighter B Side:2 CurSide:1 Moved:false
DEBUG: Rejected Sathar Fighter C Side:2 CurSide:1 Moved:false
DEBUG: Rejected Sathar Fighter D Side:2 CurSide:1 Moved:false
DEBUG: Rejected Sathar Fighter F Side:2 CurSide:1 Moved:false
DEBUG: start_movement_phase. Side: 1 Available: 8
DEBUG: First available: Ken'zah Station ID: 1 Moved: false
DEBUG: Auto-Orbit Candidate Found: Ken'zah Station (Class: Space Station, Orbit: 1)
[Peer: 440931918] [Turn 5] Synced Orders for Ken'zah Station
[Peer: 440931918] [Turn 5] Synced Orders for Z'Rak't Zoz
[Peer: 440931918] [Turn 5] Synced Orders for Shimmer
[Peer: 440931918] [Turn 5] Synced Orders for Zz'Nakk'T
[Peer: 440931918] [Turn 5] Synced Orders for Fighter A
[Peer: 440931918] [Turn 5] Synced Orders for Fighter B
[Peer: 440931918] [Turn 5] Synced Orders for Fighter C
[Peer: 440931918] [Turn 5] Synced Orders for Fighter F
>>> DIAGNOSTIC: execute_all_movement running for side: 1 on peer: 440931918
[Peer: 440931918] [Turn 5] Executing Movement Phase for Side UPF
[Peer: 440931918] [Turn 5] [color=yellow]EXECUTE LOOP: Checking Ship Ken'zah Station (Class: Space Station, Mines: 0)[/color]
[Peer: 440931918] [Turn 5] [color=yellow]EXECUTE LOOP: Checking Ship Z'Rak't Zoz (Class: Minelayer, Mines: 0)[/color]
[Peer: 440931918] [Turn 5] [color=yellow]EXECUTE LOOP: Checking Ship Shimmer (Class: Frigate, Mines: 0)[/color]
[Peer: 440931918] [Turn 5] [color=yellow]EXECUTE LOOP: Checking Ship Zz'Nakk'T (Class: Frigate, Mines: 0)[/color]
[Peer: 440931918] [Turn 5] [color=yellow]EXECUTE LOOP: Checking Ship Fighter A (Class: Fighter, Mines: 0)[/color]
[Peer: 440931918] [Turn 5] [color=yellow]EXECUTE LOOP: Checking Ship Fighter B (Class: Fighter, Mines: 0)[/color]
[Peer: 440931918] [Turn 5] [color=yellow]EXECUTE LOOP: Checking Ship Fighter C (Class: Fighter, Mines: 0)[/color]
[Peer: 440931918] [Turn 5] [color=yellow]EXECUTE LOOP: Checking Ship Fighter F (Class: Fighter, Mines: 0)[/color]
>>> DIAGNOSTIC: Entering Mine Detonations. Active Mines: 19 on peer: 440931918
[Peer: 440931918] [Turn 5] [color=cyan]!!! DEBUG !!! Entering Mine Detonations. Active Mines: 19[/color]
[Peer: 440931918] [Turn 5] [color=cyan]  Mine at (-4.000000, 8.000000, -4.000000) (Side 1)[/color]
[Peer: 440931918] [Turn 5] [color=cyan]  Mine at (-4.000000, -4.000000, 8.000000) (Side 1)[/color]
[Peer: 440931918] [Turn 5] [color=cyan]  Mine at (-1.000000, -6.000000, 7.000000) (Side 1)[/color]
[Peer: 440931918] [Turn 5] [color=cyan]  Mine at (9.000000, -1.000000, -8.000000) (Side 1)[/color]
[Peer: 440931918] [Turn 5] [color=cyan]  Mine at (-9.000000, 0.000000, 9.000000) (Side 1)[/color]
[Peer: 440931918] [Turn 5] [color=cyan]  Mine at (-9.000000, 1.000000, 8.000000) (Side 1)[/color]
[Peer: 440931918] [Turn 5] [color=cyan]  Mine at (-8.000000, 7.000000, 1.000000) (Side 1)[/color]
[Peer: 440931918] [Turn 5] [color=cyan]  Mine at (8.000000, -9.000000, 1.000000) (Side 1)[/color]
[Peer: 440931918] [Turn 5] [color=cyan]  Mine at (6.000000, -7.000000, 1.000000) (Side 1)[/color]
[Peer: 440931918] [Turn 5] [color=cyan]  Mine at (7.000000, 0.000000, -7.000000) (Side 1)[/color]
[Peer: 440931918] [Turn 5] [color=cyan]  Mine at (-8.000000, 3.000000, 5.000000) (Side 1)[/color]
[Peer: 440931918] [Turn 5] [color=cyan]  Mine at (-7.000000, 1.000000, 6.000000) (Side 1)[/color]
[Peer: 440931918] [Turn 5] [color=cyan]  Mine at (-7.000000, 7.000000, 0.000000) (Side 1)[/color]
[Peer: 440931918] [Turn 5] [color=cyan]  Mine at (-2.000000, 9.000000, -7.000000) (Side 1)[/color]
[Peer: 440931918] [Turn 5] [color=cyan]  Mine at (0.000000, 7.000000, -7.000000) (Side 1)[/color]
[Peer: 440931918] [Turn 5] [color=cyan]  Mine at (-5.000000, 8.000000, -3.000000) (Side 1)[/color]
[Peer: 440931918] [Turn 5] [color=cyan]  Mine at (-4.000000, -3.000000, 7.000000) (Side 1)[/color]
[Peer: 440931918] [Turn 5] [color=cyan]  Mine at (6.000000, -9.000000, 3.000000) (Side 1)[/color]
[Peer: 440931918] [Turn 5] [color=cyan]  Mine at (-7.000000, 4.000000, 3.000000) (Side 1)[/color]
[Peer: 440931918] [Turn 5] [color=cyan]  Checking ship Maelstrom (Side 2) at (21.000000, -24.000000, 3.000000) with path [(16, -20, 4), (17, -21, 4), (18, -22, 4), (19, -23, 4), (20, -24, 4), (21, -24, 3)][/color]
[Peer: 440931918] [Turn 5] [color=cyan]  Checking ship Carrion (Side 2) at (17.000000, -24.000000, 7.000000) with path [(15, -21, 6), (16, -22, 6), (17, -23, 6), (17, -24, 7)][/color]
[Peer: 440931918] [Turn 5] [color=cyan]  Checking ship Deathstroke (Side 2) at (4.000000, -13.000000, 9.000000) with path [(7, -24, 17), (7, -23, 16), (7, -22, 15), (7, -21, 14), (7, -20, 13), (6, -19, 13), (5, -18, 13), (4, -17, 13), (4, -16, 12), (4, -15, 11), (4, -14, 10), (4, -13, 9)][/color]
[Peer: 440931918] [Turn 5] [color=cyan]  Checking ship Bludgeon (Side 2) at (-3.000000, 0.000000, 3.000000) with path [(2, -5, 3), (1, -4, 3), (0, -3, 3), (-1, -2, 3), (-2, -1, 3), (-3, 0, 3)][/color]
[Peer: 440931918] [Turn 5] [color=cyan]  Checking ship Viper (Side 2) at (2.000000, -10.000000, 8.000000) with path [(8, -24, 16), (7, -24, 17), (6, -24, 18), (5, -23, 18), (4, -22, 18), (3, -21, 18), (2, -20, 18), (2, -19, 17), (2, -18, 16), (2, -17, 15), (2, -16, 14), (2, -15, 13), (2, -14, 12), (2, -13, 11), (2, -12, 10), (2, -11, 9), (2, -10, 8)][/color]
[Peer: 440931918] [Turn 5] [color=cyan]  Checking ship Sathar Fighter A (Side 2) at (4.000000, -12.000000, 8.000000) with path [(2, -20, 18), (1, -20, 19), (0, -19, 19), (-1, -18, 19), (-2, -18, 20), (-3, -17, 20), (-3, -16, 19), (-3, -15, 18), (-3, -14, 17), (-3, -13, 16), (-3, -12, 15), (-2, -12, 14), (-1, -12, 13), (0, -12, 12), (1, -12, 11), (2, -12, 10), (3, -12, 9), (4, -12, 8)][/color]
[Peer: 440931918] [Turn 5] [color=cyan]  Checking ship Sathar Fighter B (Side 2) at (3.000000, -11.000000, 8.000000) with path [(4, -20, 16), (4, -21, 17), (5, -22, 17), (6, -22, 16), (7, -22, 15), (8, -22, 14), (8, -21, 13), (8, -20, 12), (8, -19, 11), (8, -18, 10), (8, -17, 9), (8, -16, 8), (7, -15, 8), (6, -14, 8), (5, -13, 8), (4, -12, 8), (3, -11, 8)][/color]
[Peer: 440931918] [Turn 5] [color=cyan]  Checking ship Sathar Fighter C (Side 2) at (-8.000000, -26.000000, 34.000000) with path [(2, -21, 19), (2, -22, 20), (1, -22, 21), (0, -22, 22), (0, -23, 23), (-1, -23, 24), (-1, -24, 25), (-1, -25, 26), (-1, -26, 27), (-2, -26, 28), (-3, -26, 29), (-4, -26, 30), (-5, -26, 31), (-6, -26, 32), (-7, -26, 33), (-8, -26, 34)][/color]
[Peer: 440931918] [Turn 5] [color=cyan]  Checking ship Sathar Fighter D (Side 2) at (7.000000, -11.000000, 4.000000) with path [(7, -21, 14), (8, -21, 13), (9, -22, 13), (10, -23, 13), (11, -23, 12), (11, -22, 11), (11, -21, 10), (11, -20, 9), (11, -19, 8), (11, -18, 7), (11, -17, 6), (11, -16, 5), (11, -15, 4), (10, -14, 4), (9, -13, 4), (8, -12, 4), (7, -11, 4)][/color]
[Peer: 440931918] [Turn 5] [color=cyan]  Checking ship Sathar Fighter F (Side 2) at (5.000000, -5.000000, 0.000000) with path [(13, -12, -1), (13, -11, -2), (13, -10, -3), (12, -9, -3), (11, -8, -3), (10, -7, -3), (10, -6, -4), (9, -5, -4), (8, -4, -4), (7, -4, -3), (6, -4, -2), (5, -4, -1), (5, -5, 0)][/color]
[Peer: 440931918] [Turn 5] Mines check complete. Hit ships size: 0
[Peer: 440931918] [Turn 5] [color=cyan]  Checking ship Maelstrom (Side 2) at (21.000000, -24.000000, 3.000000) with path [(16, -20, 4), (17, -21, 4), (18, -22, 4), (19, -23, 4), (20, -24, 4), (21, -24, 3)][/color]
[Peer: 440931918] [Turn 5] [color=cyan]  Checking ship Carrion (Side 2) at (17.000000, -24.000000, 7.000000) with path [(15, -21, 6), (16, -22, 6), (17, -23, 6), (17, -24, 7)][/color]
[Peer: 440931918] [Turn 5] [color=cyan]  Checking ship Deathstroke (Side 2) at (4.000000, -13.000000, 9.000000) with path [(7, -24, 17), (7, -23, 16), (7, -22, 15), (7, -21, 14), (7, -20, 13), (6, -19, 13), (5, -18, 13), (4, -17, 13), (4, -16, 12), (4, -15, 11), (4, -14, 10), (4, -13, 9)][/color]
[Peer: 440931918] [Turn 5] [color=cyan]  Checking ship Bludgeon (Side 2) at (-3.000000, 0.000000, 3.000000) with path [(2, -5, 3), (1, -4, 3), (0, -3, 3), (-1, -2, 3), (-2, -1, 3), (-3, 0, 3)][/color]
[Peer: 440931918] [Turn 5] [color=cyan]  Checking ship Viper (Side 2) at (2.000000, -10.000000, 8.000000) with path [(8, -24, 16), (7, -24, 17), (6, -24, 18), (5, -23, 18), (4, -22, 18), (3, -21, 18), (2, -20, 18), (2, -19, 17), (2, -18, 16), (2, -17, 15), (2, -16, 14), (2, -15, 13), (2, -14, 12), (2, -13, 11), (2, -12, 10), (2, -11, 9), (2, -10, 8)][/color]
[Peer: 440931918] [Turn 5] [color=cyan]  Checking ship Sathar Fighter A (Side 2) at (4.000000, -12.000000, 8.000000) with path [(2, -20, 18), (1, -20, 19), (0, -19, 19), (-1, -18, 19), (-2, -18, 20), (-3, -17, 20), (-3, -16, 19), (-3, -15, 18), (-3, -14, 17), (-3, -13, 16), (-3, -12, 15), (-2, -12, 14), (-1, -12, 13), (0, -12, 12), (1, -12, 11), (2, -12, 10), (3, -12, 9), (4, -12, 8)][/color]
[Peer: 440931918] [Turn 5] [color=cyan]  Checking ship Sathar Fighter B (Side 2) at (3.000000, -11.000000, 8.000000) with path [(4, -20, 16), (4, -21, 17), (5, -22, 17), (6, -22, 16), (7, -22, 15), (8, -22, 14), (8, -21, 13), (8, -20, 12), (8, -19, 11), (8, -18, 10), (8, -17, 9), (8, -16, 8), (7, -15, 8), (6, -14, 8), (5, -13, 8), (4, -12, 8), (3, -11, 8)][/color]
[Peer: 440931918] [Turn 5] [color=cyan]  Checking ship Sathar Fighter C (Side 2) at (-8.000000, -26.000000, 34.000000) with path [(2, -21, 19), (2, -22, 20), (1, -22, 21), (0, -22, 22), (0, -23, 23), (-1, -23, 24), (-1, -24, 25), (-1, -25, 26), (-1, -26, 27), (-2, -26, 28), (-3, -26, 29), (-4, -26, 30), (-5, -26, 31), (-6, -26, 32), (-7, -26, 33), (-8, -26, 34)][/color]
[Peer: 440931918] [Turn 5] [color=cyan]  Checking ship Sathar Fighter D (Side 2) at (7.000000, -11.000000, 4.000000) with path [(7, -21, 14), (8, -21, 13), (9, -22, 13), (10, -23, 13), (11, -23, 12), (11, -22, 11), (11, -21, 10), (11, -20, 9), (11, -19, 8), (11, -18, 7), (11, -17, 6), (11, -16, 5), (11, -15, 4), (10, -14, 4), (9, -13, 4), (8, -12, 4), (7, -11, 4)][/color]
[Peer: 440931918] [Turn 5] [color=cyan]  Checking ship Sathar Fighter F (Side 2) at (5.000000, -5.000000, 0.000000) with path [(13, -12, -1), (13, -11, -2), (13, -10, -3), (12, -9, -3), (11, -8, -3), (10, -7, -3), (10, -6, -4), (9, -5, -4), (8, -4, -4), (7, -4, -3), (6, -4, -2), (5, -4, -1), (5, -5, 0)][/color]
[Peer: 440931918] [Turn 5] Mines check complete. Hit ships size: 0
[Peer: 440931918] [Turn 5] [color=cyan]  Checking ship Maelstrom (Side 2) at (21.000000, -24.000000, 3.000000) with path [(16, -20, 4), (17, -21, 4), (18, -22, 4), (19, -23, 4), (20, -24, 4), (21, -24, 3)][/color]
[Peer: 440931918] [Turn 5] [color=cyan]  Checking ship Carrion (Side 2) at (17.000000, -24.000000, 7.000000) with path [(15, -21, 6), (16, -22, 6), (17, -23, 6), (17, -24, 7)][/color]
[Peer: 440931918] [Turn 5] [color=cyan]  Checking ship Deathstroke (Side 2) at (4.000000, -13.000000, 9.000000) with path [(7, -24, 17), (7, -23, 16), (7, -22, 15), (7, -21, 14), (7, -20, 13), (6, -19, 13), (5, -18, 13), (4, -17, 13), (4, -16, 12), (4, -15, 11), (4, -14, 10), (4, -13, 9)][/color]
[Peer: 440931918] [Turn 5] [color=cyan]  Checking ship Bludgeon (Side 2) at (-3.000000, 0.000000, 3.000000) with path [(2, -5, 3), (1, -4, 3), (0, -3, 3), (-1, -2, 3), (-2, -1, 3), (-3, 0, 3)][/color]
[Peer: 440931918] [Turn 5] [color=cyan]  Checking ship Viper (Side 2) at (2.000000, -10.000000, 8.000000) with path [(8, -24, 16), (7, -24, 17), (6, -24, 18), (5, -23, 18), (4, -22, 18), (3, -21, 18), (2, -20, 18), (2, -19, 17), (2, -18, 16), (2, -17, 15), (2, -16, 14), (2, -15, 13), (2, -14, 12), (2, -13, 11), (2, -12, 10), (2, -11, 9), (2, -10, 8)][/color]
[Peer: 440931918] [Turn 5] [color=cyan]  Checking ship Sathar Fighter A (Side 2) at (4.000000, -12.000000, 8.000000) with path [(2, -20, 18), (1, -20, 19), (0, -19, 19), (-1, -18, 19), (-2, -18, 20), (-3, -17, 20), (-3, -16, 19), (-3, -15, 18), (-3, -14, 17), (-3, -13, 16), (-3, -12, 15), (-2, -12, 14), (-1, -12, 13), (0, -12, 12), (1, -12, 11), (2, -12, 10), (3, -12, 9), (4, -12, 8)][/color]
[Peer: 440931918] [Turn 5] [color=cyan]  Checking ship Sathar Fighter B (Side 2) at (3.000000, -11.000000, 8.000000) with path [(4, -20, 16), (4, -21, 17), (5, -22, 17), (6, -22, 16), (7, -22, 15), (8, -22, 14), (8, -21, 13), (8, -20, 12), (8, -19, 11), (8, -18, 10), (8, -17, 9), (8, -16, 8), (7, -15, 8), (6, -14, 8), (5, -13, 8), (4, -12, 8), (3, -11, 8)][/color]
[Peer: 440931918] [Turn 5] [color=cyan]  Checking ship Sathar Fighter C (Side 2) at (-8.000000, -26.000000, 34.000000) with path [(2, -21, 19), (2, -22, 20), (1, -22, 21), (0, -22, 22), (0, -23, 23), (-1, -23, 24), (-1, -24, 25), (-1, -25, 26), (-1, -26, 27), (-2, -26, 28), (-3, -26, 29), (-4, -26, 30), (-5, -26, 31), (-6, -26, 32), (-7, -26, 33), (-8, -26, 34)][/color]
[Peer: 440931918] [Turn 5] [color=cyan]  Checking ship Sathar Fighter D (Side 2) at (7.000000, -11.000000, 4.000000) with path [(7, -21, 14), (8, -21, 13), (9, -22, 13), (10, -23, 13), (11, -23, 12), (11, -22, 11), (11, -21, 10), (11, -20, 9), (11, -19, 8), (11, -18, 7), (11, -17, 6), (11, -16, 5), (11, -15, 4), (10, -14, 4), (9, -13, 4), (8, -12, 4), (7, -11, 4)][/color]
[Peer: 440931918] [Turn 5] [color=cyan]  Checking ship Sathar Fighter F (Side 2) at (5.000000, -5.000000, 0.000000) with path [(13, -12, -1), (13, -11, -2), (13, -10, -3), (12, -9, -3), (11, -8, -3), (10, -7, -3), (10, -6, -4), (9, -5, -4), (8, -4, -4), (7, -4, -3), (6, -4, -2), (5, -4, -1), (5, -5, 0)][/color]
[Peer: 440931918] [Turn 5] Mines check complete. Hit ships size: 0
[Peer: 440931918] [Turn 5] [color=cyan]  Checking ship Maelstrom (Side 2) at (21.000000, -24.000000, 3.000000) with path [(16, -20, 4), (17, -21, 4), (18, -22, 4), (19, -23, 4), (20, -24, 4), (21, -24, 3)][/color]
[Peer: 440931918] [Turn 5] [color=cyan]  Checking ship Carrion (Side 2) at (17.000000, -24.000000, 7.000000) with path [(15, -21, 6), (16, -22, 6), (17, -23, 6), (17, -24, 7)][/color]
[Peer: 440931918] [Turn 5] [color=cyan]  Checking ship Deathstroke (Side 2) at (4.000000, -13.000000, 9.000000) with path [(7, -24, 17), (7, -23, 16), (7, -22, 15), (7, -21, 14), (7, -20, 13), (6, -19, 13), (5, -18, 13), (4, -17, 13), (4, -16, 12), (4, -15, 11), (4, -14, 10), (4, -13, 9)][/color]
[Peer: 440931918] [Turn 5] [color=cyan]  Checking ship Bludgeon (Side 2) at (-3.000000, 0.000000, 3.000000) with path [(2, -5, 3), (1, -4, 3), (0, -3, 3), (-1, -2, 3), (-2, -1, 3), (-3, 0, 3)][/color]
[Peer: 440931918] [Turn 5] [color=cyan]  Checking ship Viper (Side 2) at (2.000000, -10.000000, 8.000000) with path [(8, -24, 16), (7, -24, 17), (6, -24, 18), (5, -23, 18), (4, -22, 18), (3, -21, 18), (2, -20, 18), (2, -19, 17), (2, -18, 16), (2, -17, 15), (2, -16, 14), (2, -15, 13), (2, -14, 12), (2, -13, 11), (2, -12, 10), (2, -11, 9), (2, -10, 8)][/color]
[Peer: 440931918] [Turn 5] [color=cyan]  Checking ship Sathar Fighter A (Side 2) at (4.000000, -12.000000, 8.000000) with path [(2, -20, 18), (1, -20, 19), (0, -19, 19), (-1, -18, 19), (-2, -18, 20), (-3, -17, 20), (-3, -16, 19), (-3, -15, 18), (-3, -14, 17), (-3, -13, 16), (-3, -12, 15), (-2, -12, 14), (-1, -12, 13), (0, -12, 12), (1, -12, 11), (2, -12, 10), (3, -12, 9), (4, -12, 8)][/color]
[Peer: 440931918] [Turn 5] [color=cyan]  Checking ship Sathar Fighter B (Side 2) at (3.000000, -11.000000, 8.000000) with path [(4, -20, 16), (4, -21, 17), (5, -22, 17), (6, -22, 16), (7, -22, 15), (8, -22, 14), (8, -21, 13), (8, -20, 12), (8, -19, 11), (8, -18, 10), (8, -17, 9), (8, -16, 8), (7, -15, 8), (6, -14, 8), (5, -13, 8), (4, -12, 8), (3, -11, 8)][/color]
[Peer: 440931918] [Turn 5] [color=cyan]  Checking ship Sathar Fighter C (Side 2) at (-8.000000, -26.000000, 34.000000) with path [(2, -21, 19), (2, -22, 20), (1, -22, 21), (0, -22, 22), (0, -23, 23), (-1, -23, 24), (-1, -24, 25), (-1, -25, 26), (-1, -26, 27), (-2, -26, 28), (-3, -26, 29), (-4, -26, 30), (-5, -26, 31), (-6, -26, 32), (-7, -26, 33), (-8, -26, 34)][/color]
[Peer: 440931918] [Turn 5] [color=cyan]  Checking ship Sathar Fighter D (Side 2) at (7.000000, -11.000000, 4.000000) with path [(7, -21, 14), (8, -21, 13), (9, -22, 13), (10, -23, 13), (11, -23, 12), (11, -22, 11), (11, -21, 10), (11, -20, 9), (11, -19, 8), (11, -18, 7), (11, -17, 6), (11, -16, 5), (11, -15, 4), (10, -14, 4), (9, -13, 4), (8, -12, 4), (7, -11, 4)][/color]
[Peer: 440931918] [Turn 5] [color=cyan]  Checking ship Sathar Fighter F (Side 2) at (5.000000, -5.000000, 0.000000) with path [(13, -12, -1), (13, -11, -2), (13, -10, -3), (12, -9, -3), (11, -8, -3), (10, -7, -3), (10, -6, -4), (9, -5, -4), (8, -4, -4), (7, -4, -3), (6, -4, -2), (5, -4, -1), (5, -5, 0)][/color]
[Peer: 440931918] [Turn 5] Mines check complete. Hit ships size: 0
[Peer: 440931918] [Turn 5] [color=cyan]  Checking ship Maelstrom (Side 2) at (21.000000, -24.000000, 3.000000) with path [(16, -20, 4), (17, -21, 4), (18, -22, 4), (19, -23, 4), (20, -24, 4), (21, -24, 3)][/color]
[Peer: 440931918] [Turn 5] [color=cyan]  Checking ship Carrion (Side 2) at (17.000000, -24.000000, 7.000000) with path [(15, -21, 6), (16, -22, 6), (17, -23, 6), (17, -24, 7)][/color]
[Peer: 440931918] [Turn 5] [color=cyan]  Checking ship Deathstroke (Side 2) at (4.000000, -13.000000, 9.000000) with path [(7, -24, 17), (7, -23, 16), (7, -22, 15), (7, -21, 14), (7, -20, 13), (6, -19, 13), (5, -18, 13), (4, -17, 13), (4, -16, 12), (4, -15, 11), (4, -14, 10), (4, -13, 9)][/color]
[Peer: 440931918] [Turn 5] [color=cyan]  Checking ship Bludgeon (Side 2) at (-3.000000, 0.000000, 3.000000) with path [(2, -5, 3), (1, -4, 3), (0, -3, 3), (-1, -2, 3), (-2, -1, 3), (-3, 0, 3)][/color]
[Peer: 440931918] [Turn 5] [color=cyan]  Checking ship Viper (Side 2) at (2.000000, -10.000000, 8.000000) with path [(8, -24, 16), (7, -24, 17), (6, -24, 18), (5, -23, 18), (4, -22, 18), (3, -21, 18), (2, -20, 18), (2, -19, 17), (2, -18, 16), (2, -17, 15), (2, -16, 14), (2, -15, 13), (2, -14, 12), (2, -13, 11), (2, -12, 10), (2, -11, 9), (2, -10, 8)][/color]
[Peer: 440931918] [Turn 5] [color=cyan]  Checking ship Sathar Fighter A (Side 2) at (4.000000, -12.000000, 8.000000) with path [(2, -20, 18), (1, -20, 19), (0, -19, 19), (-1, -18, 19), (-2, -18, 20), (-3, -17, 20), (-3, -16, 19), (-3, -15, 18), (-3, -14, 17), (-3, -13, 16), (-3, -12, 15), (-2, -12, 14), (-1, -12, 13), (0, -12, 12), (1, -12, 11), (2, -12, 10), (3, -12, 9), (4, -12, 8)][/color]
[Peer: 440931918] [Turn 5] [color=cyan]  Checking ship Sathar Fighter B (Side 2) at (3.000000, -11.000000, 8.000000) with path [(4, -20, 16), (4, -21, 17), (5, -22, 17), (6, -22, 16), (7, -22, 15), (8, -22, 14), (8, -21, 13), (8, -20, 12), (8, -19, 11), (8, -18, 10), (8, -17, 9), (8, -16, 8), (7, -15, 8), (6, -14, 8), (5, -13, 8), (4, -12, 8), (3, -11, 8)][/color]
[Peer: 440931918] [Turn 5] [color=cyan]  Checking ship Sathar Fighter C (Side 2) at (-8.000000, -26.000000, 34.000000) with path [(2, -21, 19), (2, -22, 20), (1, -22, 21), (0, -22, 22), (0, -23, 23), (-1, -23, 24), (-1, -24, 25), (-1, -25, 26), (-1, -26, 27), (-2, -26, 28), (-3, -26, 29), (-4, -26, 30), (-5, -26, 31), (-6, -26, 32), (-7, -26, 33), (-8, -26, 34)][/color]
[Peer: 440931918] [Turn 5] [color=cyan]  Checking ship Sathar Fighter D (Side 2) at (7.000000, -11.000000, 4.000000) with path [(7, -21, 14), (8, -21, 13), (9, -22, 13), (10, -23, 13), (11, -23, 12), (11, -22, 11), (11, -21, 10), (11, -20, 9), (11, -19, 8), (11, -18, 7), (11, -17, 6), (11, -16, 5), (11, -15, 4), (10, -14, 4), (9, -13, 4), (8, -12, 4), (7, -11, 4)][/color]
[Peer: 440931918] [Turn 5] [color=cyan]  Checking ship Sathar Fighter F (Side 2) at (5.000000, -5.000000, 0.000000) with path [(13, -12, -1), (13, -11, -2), (13, -10, -3), (12, -9, -3), (11, -8, -3), (10, -7, -3), (10, -6, -4), (9, -5, -4), (8, -4, -4), (7, -4, -3), (6, -4, -2), (5, -4, -1), (5, -5, 0)][/color]
[Peer: 440931918] [Turn 5] Mines check complete. Hit ships size: 0
[Peer: 440931918] [Turn 5] [color=cyan]  Checking ship Maelstrom (Side 2) at (21.000000, -24.000000, 3.000000) with path [(16, -20, 4), (17, -21, 4), (18, -22, 4), (19, -23, 4), (20, -24, 4), (21, -24, 3)][/color]
[Peer: 440931918] [Turn 5] [color=cyan]  Checking ship Carrion (Side 2) at (17.000000, -24.000000, 7.000000) with path [(15, -21, 6), (16, -22, 6), (17, -23, 6), (17, -24, 7)][/color]
[Peer: 440931918] [Turn 5] [color=cyan]  Checking ship Deathstroke (Side 2) at (4.000000, -13.000000, 9.000000) with path [(7, -24, 17), (7, -23, 16), (7, -22, 15), (7, -21, 14), (7, -20, 13), (6, -19, 13), (5, -18, 13), (4, -17, 13), (4, -16, 12), (4, -15, 11), (4, -14, 10), (4, -13, 9)][/color]
[Peer: 440931918] [Turn 5] [color=cyan]  Checking ship Bludgeon (Side 2) at (-3.000000, 0.000000, 3.000000) with path [(2, -5, 3), (1, -4, 3), (0, -3, 3), (-1, -2, 3), (-2, -1, 3), (-3, 0, 3)][/color]
[Peer: 440931918] [Turn 5] [color=cyan]  Checking ship Viper (Side 2) at (2.000000, -10.000000, 8.000000) with path [(8, -24, 16), (7, -24, 17), (6, -24, 18), (5, -23, 18), (4, -22, 18), (3, -21, 18), (2, -20, 18), (2, -19, 17), (2, -18, 16), (2, -17, 15), (2, -16, 14), (2, -15, 13), (2, -14, 12), (2, -13, 11), (2, -12, 10), (2, -11, 9), (2, -10, 8)][/color]
[Peer: 440931918] [Turn 5] [color=cyan]  Checking ship Sathar Fighter A (Side 2) at (4.000000, -12.000000, 8.000000) with path [(2, -20, 18), (1, -20, 19), (0, -19, 19), (-1, -18, 19), (-2, -18, 20), (-3, -17, 20), (-3, -16, 19), (-3, -15, 18), (-3, -14, 17), (-3, -13, 16), (-3, -12, 15), (-2, -12, 14), (-1, -12, 13), (0, -12, 12), (1, -12, 11), (2, -12, 10), (3, -12, 9), (4, -12, 8)][/color]
[Peer: 440931918] [Turn 5] [color=cyan]  Checking ship Sathar Fighter B (Side 2) at (3.000000, -11.000000, 8.000000) with path [(4, -20, 16), (4, -21, 17), (5, -22, 17), (6, -22, 16), (7, -22, 15), (8, -22, 14), (8, -21, 13), (8, -20, 12), (8, -19, 11), (8, -18, 10), (8, -17, 9), (8, -16, 8), (7, -15, 8), (6, -14, 8), (5, -13, 8), (4, -12, 8), (3, -11, 8)][/color]
[Peer: 440931918] [Turn 5] [color=cyan]  Checking ship Sathar Fighter C (Side 2) at (-8.000000, -26.000000, 34.000000) with path [(2, -21, 19), (2, -22, 20), (1, -22, 21), (0, -22, 22), (0, -23, 23), (-1, -23, 24), (-1, -24, 25), (-1, -25, 26), (-1, -26, 27), (-2, -26, 28), (-3, -26, 29), (-4, -26, 30), (-5, -26, 31), (-6, -26, 32), (-7, -26, 33), (-8, -26, 34)][/color]
[Peer: 440931918] [Turn 5] [color=cyan]  Checking ship Sathar Fighter D (Side 2) at (7.000000, -11.000000, 4.000000) with path [(7, -21, 14), (8, -21, 13), (9, -22, 13), (10, -23, 13), (11, -23, 12), (11, -22, 11), (11, -21, 10), (11, -20, 9), (11, -19, 8), (11, -18, 7), (11, -17, 6), (11, -16, 5), (11, -15, 4), (10, -14, 4), (9, -13, 4), (8, -12, 4), (7, -11, 4)][/color]
[Peer: 440931918] [Turn 5] [color=cyan]  Checking ship Sathar Fighter F (Side 2) at (5.000000, -5.000000, 0.000000) with path [(13, -12, -1), (13, -11, -2), (13, -10, -3), (12, -9, -3), (11, -8, -3), (10, -7, -3), (10, -6, -4), (9, -5, -4), (8, -4, -4), (7, -4, -3), (6, -4, -2), (5, -4, -1), (5, -5, 0)][/color]
[Peer: 440931918] [Turn 5] Mines check complete. Hit ships size: 0
[Peer: 440931918] [Turn 5] [color=cyan]  Checking ship Maelstrom (Side 2) at (21.000000, -24.000000, 3.000000) with path [(16, -20, 4), (17, -21, 4), (18, -22, 4), (19, -23, 4), (20, -24, 4), (21, -24, 3)][/color]
[Peer: 440931918] [Turn 5] [color=cyan]  Checking ship Carrion (Side 2) at (17.000000, -24.000000, 7.000000) with path [(15, -21, 6), (16, -22, 6), (17, -23, 6), (17, -24, 7)][/color]
[Peer: 440931918] [Turn 5] [color=cyan]  Checking ship Deathstroke (Side 2) at (4.000000, -13.000000, 9.000000) with path [(7, -24, 17), (7, -23, 16), (7, -22, 15), (7, -21, 14), (7, -20, 13), (6, -19, 13), (5, -18, 13), (4, -17, 13), (4, -16, 12), (4, -15, 11), (4, -14, 10), (4, -13, 9)][/color]
[Peer: 440931918] [Turn 5] [color=cyan]  Checking ship Bludgeon (Side 2) at (-3.000000, 0.000000, 3.000000) with path [(2, -5, 3), (1, -4, 3), (0, -3, 3), (-1, -2, 3), (-2, -1, 3), (-3, 0, 3)][/color]
[Peer: 440931918] [Turn 5] [color=cyan]  Checking ship Viper (Side 2) at (2.000000, -10.000000, 8.000000) with path [(8, -24, 16), (7, -24, 17), (6, -24, 18), (5, -23, 18), (4, -22, 18), (3, -21, 18), (2, -20, 18), (2, -19, 17), (2, -18, 16), (2, -17, 15), (2, -16, 14), (2, -15, 13), (2, -14, 12), (2, -13, 11), (2, -12, 10), (2, -11, 9), (2, -10, 8)][/color]
[Peer: 440931918] [Turn 5] [color=cyan]  Checking ship Sathar Fighter A (Side 2) at (4.000000, -12.000000, 8.000000) with path [(2, -20, 18), (1, -20, 19), (0, -19, 19), (-1, -18, 19), (-2, -18, 20), (-3, -17, 20), (-3, -16, 19), (-3, -15, 18), (-3, -14, 17), (-3, -13, 16), (-3, -12, 15), (-2, -12, 14), (-1, -12, 13), (0, -12, 12), (1, -12, 11), (2, -12, 10), (3, -12, 9), (4, -12, 8)][/color]
[Peer: 440931918] [Turn 5] [color=cyan]  Checking ship Sathar Fighter B (Side 2) at (3.000000, -11.000000, 8.000000) with path [(4, -20, 16), (4, -21, 17), (5, -22, 17), (6, -22, 16), (7, -22, 15), (8, -22, 14), (8, -21, 13), (8, -20, 12), (8, -19, 11), (8, -18, 10), (8, -17, 9), (8, -16, 8), (7, -15, 8), (6, -14, 8), (5, -13, 8), (4, -12, 8), (3, -11, 8)][/color]
[Peer: 440931918] [Turn 5] [color=cyan]  Checking ship Sathar Fighter C (Side 2) at (-8.000000, -26.000000, 34.000000) with path [(2, -21, 19), (2, -22, 20), (1, -22, 21), (0, -22, 22), (0, -23, 23), (-1, -23, 24), (-1, -24, 25), (-1, -25, 26), (-1, -26, 27), (-2, -26, 28), (-3, -26, 29), (-4, -26, 30), (-5, -26, 31), (-6, -26, 32), (-7, -26, 33), (-8, -26, 34)][/color]
[Peer: 440931918] [Turn 5] [color=cyan]  Checking ship Sathar Fighter D (Side 2) at (7.000000, -11.000000, 4.000000) with path [(7, -21, 14), (8, -21, 13), (9, -22, 13), (10, -23, 13), (11, -23, 12), (11, -22, 11), (11, -21, 10), (11, -20, 9), (11, -19, 8), (11, -18, 7), (11, -17, 6), (11, -16, 5), (11, -15, 4), (10, -14, 4), (9, -13, 4), (8, -12, 4), (7, -11, 4)][/color]
[Peer: 440931918] [Turn 5] [color=cyan]  Checking ship Sathar Fighter F (Side 2) at (5.000000, -5.000000, 0.000000) with path [(13, -12, -1), (13, -11, -2), (13, -10, -3), (12, -9, -3), (11, -8, -3), (10, -7, -3), (10, -6, -4), (9, -5, -4), (8, -4, -4), (7, -4, -3), (6, -4, -2), (5, -4, -1), (5, -5, 0)][/color]
[Peer: 440931918] [Turn 5] Mines check complete. Hit ships size: 0
[Peer: 440931918] [Turn 5] [color=cyan]  Checking ship Maelstrom (Side 2) at (21.000000, -24.000000, 3.000000) with path [(16, -20, 4), (17, -21, 4), (18, -22, 4), (19, -23, 4), (20, -24, 4), (21, -24, 3)][/color]
[Peer: 440931918] [Turn 5] [color=cyan]  Checking ship Carrion (Side 2) at (17.000000, -24.000000, 7.000000) with path [(15, -21, 6), (16, -22, 6), (17, -23, 6), (17, -24, 7)][/color]
[Peer: 440931918] [Turn 5] [color=cyan]  Checking ship Deathstroke (Side 2) at (4.000000, -13.000000, 9.000000) with path [(7, -24, 17), (7, -23, 16), (7, -22, 15), (7, -21, 14), (7, -20, 13), (6, -19, 13), (5, -18, 13), (4, -17, 13), (4, -16, 12), (4, -15, 11), (4, -14, 10), (4, -13, 9)][/color]
[Peer: 440931918] [Turn 5] [color=cyan]  Checking ship Bludgeon (Side 2) at (-3.000000, 0.000000, 3.000000) with path [(2, -5, 3), (1, -4, 3), (0, -3, 3), (-1, -2, 3), (-2, -1, 3), (-3, 0, 3)][/color]
[Peer: 440931918] [Turn 5] [color=cyan]  Checking ship Viper (Side 2) at (2.000000, -10.000000, 8.000000) with path [(8, -24, 16), (7, -24, 17), (6, -24, 18), (5, -23, 18), (4, -22, 18), (3, -21, 18), (2, -20, 18), (2, -19, 17), (2, -18, 16), (2, -17, 15), (2, -16, 14), (2, -15, 13), (2, -14, 12), (2, -13, 11), (2, -12, 10), (2, -11, 9), (2, -10, 8)][/color]
[Peer: 440931918] [Turn 5] [color=cyan]  Checking ship Sathar Fighter A (Side 2) at (4.000000, -12.000000, 8.000000) with path [(2, -20, 18), (1, -20, 19), (0, -19, 19), (-1, -18, 19), (-2, -18, 20), (-3, -17, 20), (-3, -16, 19), (-3, -15, 18), (-3, -14, 17), (-3, -13, 16), (-3, -12, 15), (-2, -12, 14), (-1, -12, 13), (0, -12, 12), (1, -12, 11), (2, -12, 10), (3, -12, 9), (4, -12, 8)][/color]
[Peer: 440931918] [Turn 5] [color=cyan]  Checking ship Sathar Fighter B (Side 2) at (3.000000, -11.000000, 8.000000) with path [(4, -20, 16), (4, -21, 17), (5, -22, 17), (6, -22, 16), (7, -22, 15), (8, -22, 14), (8, -21, 13), (8, -20, 12), (8, -19, 11), (8, -18, 10), (8, -17, 9), (8, -16, 8), (7, -15, 8), (6, -14, 8), (5, -13, 8), (4, -12, 8), (3, -11, 8)][/color]
[Peer: 440931918] [Turn 5] [color=cyan]  Checking ship Sathar Fighter C (Side 2) at (-8.000000, -26.000000, 34.000000) with path [(2, -21, 19), (2, -22, 20), (1, -22, 21), (0, -22, 22), (0, -23, 23), (-1, -23, 24), (-1, -24, 25), (-1, -25, 26), (-1, -26, 27), (-2, -26, 28), (-3, -26, 29), (-4, -26, 30), (-5, -26, 31), (-6, -26, 32), (-7, -26, 33), (-8, -26, 34)][/color]
[Peer: 440931918] [Turn 5] [color=cyan]  Checking ship Sathar Fighter D (Side 2) at (7.000000, -11.000000, 4.000000) with path [(7, -21, 14), (8, -21, 13), (9, -22, 13), (10, -23, 13), (11, -23, 12), (11, -22, 11), (11, -21, 10), (11, -20, 9), (11, -19, 8), (11, -18, 7), (11, -17, 6), (11, -16, 5), (11, -15, 4), (10, -14, 4), (9, -13, 4), (8, -12, 4), (7, -11, 4)][/color]
[Peer: 440931918] [Turn 5] [color=cyan]  Checking ship Sathar Fighter F (Side 2) at (5.000000, -5.000000, 0.000000) with path [(13, -12, -1), (13, -11, -2), (13, -10, -3), (12, -9, -3), (11, -8, -3), (10, -7, -3), (10, -6, -4), (9, -5, -4), (8, -4, -4), (7, -4, -3), (6, -4, -2), (5, -4, -1), (5, -5, 0)][/color]
[Peer: 440931918] [Turn 5] Mines check complete. Hit ships size: 0
[Peer: 440931918] [Turn 5] [color=cyan]  Checking ship Maelstrom (Side 2) at (21.000000, -24.000000, 3.000000) with path [(16, -20, 4), (17, -21, 4), (18, -22, 4), (19, -23, 4), (20, -24, 4), (21, -24, 3)][/color]
[Peer: 440931918] [Turn 5] [color=cyan]  Checking ship Carrion (Side 2) at (17.000000, -24.000000, 7.000000) with path [(15, -21, 6), (16, -22, 6), (17, -23, 6), (17, -24, 7)][/color]
[Peer: 440931918] [Turn 5] [color=cyan]  Checking ship Deathstroke (Side 2) at (4.000000, -13.000000, 9.000000) with path [(7, -24, 17), (7, -23, 16), (7, -22, 15), (7, -21, 14), (7, -20, 13), (6, -19, 13), (5, -18, 13), (4, -17, 13), (4, -16, 12), (4, -15, 11), (4, -14, 10), (4, -13, 9)][/color]
[Peer: 440931918] [Turn 5] [color=cyan]  Checking ship Bludgeon (Side 2) at (-3.000000, 0.000000, 3.000000) with path [(2, -5, 3), (1, -4, 3), (0, -3, 3), (-1, -2, 3), (-2, -1, 3), (-3, 0, 3)][/color]
[Peer: 440931918] [Turn 5] [color=cyan]  Checking ship Viper (Side 2) at (2.000000, -10.000000, 8.000000) with path [(8, -24, 16), (7, -24, 17), (6, -24, 18), (5, -23, 18), (4, -22, 18), (3, -21, 18), (2, -20, 18), (2, -19, 17), (2, -18, 16), (2, -17, 15), (2, -16, 14), (2, -15, 13), (2, -14, 12), (2, -13, 11), (2, -12, 10), (2, -11, 9), (2, -10, 8)][/color]
[Peer: 440931918] [Turn 5] [color=cyan]  Checking ship Sathar Fighter A (Side 2) at (4.000000, -12.000000, 8.000000) with path [(2, -20, 18), (1, -20, 19), (0, -19, 19), (-1, -18, 19), (-2, -18, 20), (-3, -17, 20), (-3, -16, 19), (-3, -15, 18), (-3, -14, 17), (-3, -13, 16), (-3, -12, 15), (-2, -12, 14), (-1, -12, 13), (0, -12, 12), (1, -12, 11), (2, -12, 10), (3, -12, 9), (4, -12, 8)][/color]
[Peer: 440931918] [Turn 5] [color=cyan]  Checking ship Sathar Fighter B (Side 2) at (3.000000, -11.000000, 8.000000) with path [(4, -20, 16), (4, -21, 17), (5, -22, 17), (6, -22, 16), (7, -22, 15), (8, -22, 14), (8, -21, 13), (8, -20, 12), (8, -19, 11), (8, -18, 10), (8, -17, 9), (8, -16, 8), (7, -15, 8), (6, -14, 8), (5, -13, 8), (4, -12, 8), (3, -11, 8)][/color]
[Peer: 440931918] [Turn 5] [color=cyan]  Checking ship Sathar Fighter C (Side 2) at (-8.000000, -26.000000, 34.000000) with path [(2, -21, 19), (2, -22, 20), (1, -22, 21), (0, -22, 22), (0, -23, 23), (-1, -23, 24), (-1, -24, 25), (-1, -25, 26), (-1, -26, 27), (-2, -26, 28), (-3, -26, 29), (-4, -26, 30), (-5, -26, 31), (-6, -26, 32), (-7, -26, 33), (-8, -26, 34)][/color]
[Peer: 440931918] [Turn 5] [color=cyan]  Checking ship Sathar Fighter D (Side 2) at (7.000000, -11.000000, 4.000000) with path [(7, -21, 14), (8, -21, 13), (9, -22, 13), (10, -23, 13), (11, -23, 12), (11, -22, 11), (11, -21, 10), (11, -20, 9), (11, -19, 8), (11, -18, 7), (11, -17, 6), (11, -16, 5), (11, -15, 4), (10, -14, 4), (9, -13, 4), (8, -12, 4), (7, -11, 4)][/color]
[Peer: 440931918] [Turn 5] [color=cyan]  Checking ship Sathar Fighter F (Side 2) at (5.000000, -5.000000, 0.000000) with path [(13, -12, -1), (13, -11, -2), (13, -10, -3), (12, -9, -3), (11, -8, -3), (10, -7, -3), (10, -6, -4), (9, -5, -4), (8, -4, -4), (7, -4, -3), (6, -4, -2), (5, -4, -1), (5, -5, 0)][/color]
[Peer: 440931918] [Turn 5] Mines check complete. Hit ships size: 0
[Peer: 440931918] [Turn 5] [color=cyan]  Checking ship Maelstrom (Side 2) at (21.000000, -24.000000, 3.000000) with path [(16, -20, 4), (17, -21, 4), (18, -22, 4), (19, -23, 4), (20, -24, 4), (21, -24, 3)][/color]
[Peer: 440931918] [Turn 5] [color=cyan]  Checking ship Carrion (Side 2) at (17.000000, -24.000000, 7.000000) with path [(15, -21, 6), (16, -22, 6), (17, -23, 6), (17, -24, 7)][/color]
[Peer: 440931918] [Turn 5] [color=cyan]  Checking ship Deathstroke (Side 2) at (4.000000, -13.000000, 9.000000) with path [(7, -24, 17), (7, -23, 16), (7, -22, 15), (7, -21, 14), (7, -20, 13), (6, -19, 13), (5, -18, 13), (4, -17, 13), (4, -16, 12), (4, -15, 11), (4, -14, 10), (4, -13, 9)][/color]
[Peer: 440931918] [Turn 5] [color=cyan]  Checking ship Bludgeon (Side 2) at (-3.000000, 0.000000, 3.000000) with path [(2, -5, 3), (1, -4, 3), (0, -3, 3), (-1, -2, 3), (-2, -1, 3), (-3, 0, 3)][/color]
[Peer: 440931918] [Turn 5] [color=cyan]  Checking ship Viper (Side 2) at (2.000000, -10.000000, 8.000000) with path [(8, -24, 16), (7, -24, 17), (6, -24, 18), (5, -23, 18), (4, -22, 18), (3, -21, 18), (2, -20, 18), (2, -19, 17), (2, -18, 16), (2, -17, 15), (2, -16, 14), (2, -15, 13), (2, -14, 12), (2, -13, 11), (2, -12, 10), (2, -11, 9), (2, -10, 8)][/color]
[Peer: 440931918] [Turn 5] [color=cyan]  Checking ship Sathar Fighter A (Side 2) at (4.000000, -12.000000, 8.000000) with path [(2, -20, 18), (1, -20, 19), (0, -19, 19), (-1, -18, 19), (-2, -18, 20), (-3, -17, 20), (-3, -16, 19), (-3, -15, 18), (-3, -14, 17), (-3, -13, 16), (-3, -12, 15), (-2, -12, 14), (-1, -12, 13), (0, -12, 12), (1, -12, 11), (2, -12, 10), (3, -12, 9), (4, -12, 8)][/color]
[Peer: 440931918] [Turn 5] [color=cyan]  Checking ship Sathar Fighter B (Side 2) at (3.000000, -11.000000, 8.000000) with path [(4, -20, 16), (4, -21, 17), (5, -22, 17), (6, -22, 16), (7, -22, 15), (8, -22, 14), (8, -21, 13), (8, -20, 12), (8, -19, 11), (8, -18, 10), (8, -17, 9), (8, -16, 8), (7, -15, 8), (6, -14, 8), (5, -13, 8), (4, -12, 8), (3, -11, 8)][/color]
[Peer: 440931918] [Turn 5] [color=cyan]  Checking ship Sathar Fighter C (Side 2) at (-8.000000, -26.000000, 34.000000) with path [(2, -21, 19), (2, -22, 20), (1, -22, 21), (0, -22, 22), (0, -23, 23), (-1, -23, 24), (-1, -24, 25), (-1, -25, 26), (-1, -26, 27), (-2, -26, 28), (-3, -26, 29), (-4, -26, 30), (-5, -26, 31), (-6, -26, 32), (-7, -26, 33), (-8, -26, 34)][/color]
[Peer: 440931918] [Turn 5] [color=cyan]  Checking ship Sathar Fighter D (Side 2) at (7.000000, -11.000000, 4.000000) with path [(7, -21, 14), (8, -21, 13), (9, -22, 13), (10, -23, 13), (11, -23, 12), (11, -22, 11), (11, -21, 10), (11, -20, 9), (11, -19, 8), (11, -18, 7), (11, -17, 6), (11, -16, 5), (11, -15, 4), (10, -14, 4), (9, -13, 4), (8, -12, 4), (7, -11, 4)][/color]
[Peer: 440931918] [Turn 5] [color=cyan]  Checking ship Sathar Fighter F (Side 2) at (5.000000, -5.000000, 0.000000) with path [(13, -12, -1), (13, -11, -2), (13, -10, -3), (12, -9, -3), (11, -8, -3), (10, -7, -3), (10, -6, -4), (9, -5, -4), (8, -4, -4), (7, -4, -3), (6, -4, -2), (5, -4, -1), (5, -5, 0)][/color]
[Peer: 440931918] [Turn 5] Mines check complete. Hit ships size: 0
[Peer: 440931918] [Turn 5] [color=cyan]  Checking ship Maelstrom (Side 2) at (21.000000, -24.000000, 3.000000) with path [(16, -20, 4), (17, -21, 4), (18, -22, 4), (19, -23, 4), (20, -24, 4), (21, -24, 3)][/color]
[Peer: 440931918] [Turn 5] [color=cyan]  Checking ship Carrion (Side 2) at (17.000000, -24.000000, 7.000000) with path [(15, -21, 6), (16, -22, 6), (17, -23, 6), (17, -24, 7)][/color]
[Peer: 440931918] [Turn 5] [color=cyan]  Checking ship Deathstroke (Side 2) at (4.000000, -13.000000, 9.000000) with path [(7, -24, 17), (7, -23, 16), (7, -22, 15), (7, -21, 14), (7, -20, 13), (6, -19, 13), (5, -18, 13), (4, -17, 13), (4, -16, 12), (4, -15, 11), (4, -14, 10), (4, -13, 9)][/color]
[Peer: 440931918] [Turn 5] [color=cyan]  Checking ship Bludgeon (Side 2) at (-3.000000, 0.000000, 3.000000) with path [(2, -5, 3), (1, -4, 3), (0, -3, 3), (-1, -2, 3), (-2, -1, 3), (-3, 0, 3)][/color]
[Peer: 440931918] [Turn 5] [color=cyan]  Checking ship Viper (Side 2) at (2.000000, -10.000000, 8.000000) with path [(8, -24, 16), (7, -24, 17), (6, -24, 18), (5, -23, 18), (4, -22, 18), (3, -21, 18), (2, -20, 18), (2, -19, 17), (2, -18, 16), (2, -17, 15), (2, -16, 14), (2, -15, 13), (2, -14, 12), (2, -13, 11), (2, -12, 10), (2, -11, 9), (2, -10, 8)][/color]
[Peer: 440931918] [Turn 5] [color=cyan]  Checking ship Sathar Fighter A (Side 2) at (4.000000, -12.000000, 8.000000) with path [(2, -20, 18), (1, -20, 19), (0, -19, 19), (-1, -18, 19), (-2, -18, 20), (-3, -17, 20), (-3, -16, 19), (-3, -15, 18), (-3, -14, 17), (-3, -13, 16), (-3, -12, 15), (-2, -12, 14), (-1, -12, 13), (0, -12, 12), (1, -12, 11), (2, -12, 10), (3, -12, 9), (4, -12, 8)][/color]
[Peer: 440931918] [Turn 5] [color=cyan]  Checking ship Sathar Fighter B (Side 2) at (3.000000, -11.000000, 8.000000) with path [(4, -20, 16), (4, -21, 17), (5, -22, 17), (6, -22, 16), (7, -22, 15), (8, -22, 14), (8, -21, 13), (8, -20, 12), (8, -19, 11), (8, -18, 10), (8, -17, 9), (8, -16, 8), (7, -15, 8), (6, -14, 8), (5, -13, 8), (4, -12, 8), (3, -11, 8)][/color]
[Peer: 440931918] [Turn 5] [color=cyan]  Checking ship Sathar Fighter C (Side 2) at (-8.000000, -26.000000, 34.000000) with path [(2, -21, 19), (2, -22, 20), (1, -22, 21), (0, -22, 22), (0, -23, 23), (-1, -23, 24), (-1, -24, 25), (-1, -25, 26), (-1, -26, 27), (-2, -26, 28), (-3, -26, 29), (-4, -26, 30), (-5, -26, 31), (-6, -26, 32), (-7, -26, 33), (-8, -26, 34)][/color]
[Peer: 440931918] [Turn 5] [color=cyan]  Checking ship Sathar Fighter D (Side 2) at (7.000000, -11.000000, 4.000000) with path [(7, -21, 14), (8, -21, 13), (9, -22, 13), (10, -23, 13), (11, -23, 12), (11, -22, 11), (11, -21, 10), (11, -20, 9), (11, -19, 8), (11, -18, 7), (11, -17, 6), (11, -16, 5), (11, -15, 4), (10, -14, 4), (9, -13, 4), (8, -12, 4), (7, -11, 4)][/color]
[Peer: 440931918] [Turn 5] [color=cyan]  Checking ship Sathar Fighter F (Side 2) at (5.000000, -5.000000, 0.000000) with path [(13, -12, -1), (13, -11, -2), (13, -10, -3), (12, -9, -3), (11, -8, -3), (10, -7, -3), (10, -6, -4), (9, -5, -4), (8, -4, -4), (7, -4, -3), (6, -4, -2), (5, -4, -1), (5, -5, 0)][/color]
[Peer: 440931918] [Turn 5] Mines check complete. Hit ships size: 0
[Peer: 440931918] [Turn 5] [color=cyan]  Checking ship Maelstrom (Side 2) at (21.000000, -24.000000, 3.000000) with path [(16, -20, 4), (17, -21, 4), (18, -22, 4), (19, -23, 4), (20, -24, 4), (21, -24, 3)][/color]
[Peer: 440931918] [Turn 5] [color=cyan]  Checking ship Carrion (Side 2) at (17.000000, -24.000000, 7.000000) with path [(15, -21, 6), (16, -22, 6), (17, -23, 6), (17, -24, 7)][/color]
[Peer: 440931918] [Turn 5] [color=cyan]  Checking ship Deathstroke (Side 2) at (4.000000, -13.000000, 9.000000) with path [(7, -24, 17), (7, -23, 16), (7, -22, 15), (7, -21, 14), (7, -20, 13), (6, -19, 13), (5, -18, 13), (4, -17, 13), (4, -16, 12), (4, -15, 11), (4, -14, 10), (4, -13, 9)][/color]
[Peer: 440931918] [Turn 5] [color=cyan]  Checking ship Bludgeon (Side 2) at (-3.000000, 0.000000, 3.000000) with path [(2, -5, 3), (1, -4, 3), (0, -3, 3), (-1, -2, 3), (-2, -1, 3), (-3, 0, 3)][/color]
[Peer: 440931918] [Turn 5] [color=cyan]  Checking ship Viper (Side 2) at (2.000000, -10.000000, 8.000000) with path [(8, -24, 16), (7, -24, 17), (6, -24, 18), (5, -23, 18), (4, -22, 18), (3, -21, 18), (2, -20, 18), (2, -19, 17), (2, -18, 16), (2, -17, 15), (2, -16, 14), (2, -15, 13), (2, -14, 12), (2, -13, 11), (2, -12, 10), (2, -11, 9), (2, -10, 8)][/color]
[Peer: 440931918] [Turn 5] [color=cyan]  Checking ship Sathar Fighter A (Side 2) at (4.000000, -12.000000, 8.000000) with path [(2, -20, 18), (1, -20, 19), (0, -19, 19), (-1, -18, 19), (-2, -18, 20), (-3, -17, 20), (-3, -16, 19), (-3, -15, 18), (-3, -14, 17), (-3, -13, 16), (-3, -12, 15), (-2, -12, 14), (-1, -12, 13), (0, -12, 12), (1, -12, 11), (2, -12, 10), (3, -12, 9), (4, -12, 8)][/color]
[Peer: 440931918] [Turn 5] [color=cyan]  Checking ship Sathar Fighter B (Side 2) at (3.000000, -11.000000, 8.000000) with path [(4, -20, 16), (4, -21, 17), (5, -22, 17), (6, -22, 16), (7, -22, 15), (8, -22, 14), (8, -21, 13), (8, -20, 12), (8, -19, 11), (8, -18, 10), (8, -17, 9), (8, -16, 8), (7, -15, 8), (6, -14, 8), (5, -13, 8), (4, -12, 8), (3, -11, 8)][/color]
[Peer: 440931918] [Turn 5] [color=cyan]  Checking ship Sathar Fighter C (Side 2) at (-8.000000, -26.000000, 34.000000) with path [(2, -21, 19), (2, -22, 20), (1, -22, 21), (0, -22, 22), (0, -23, 23), (-1, -23, 24), (-1, -24, 25), (-1, -25, 26), (-1, -26, 27), (-2, -26, 28), (-3, -26, 29), (-4, -26, 30), (-5, -26, 31), (-6, -26, 32), (-7, -26, 33), (-8, -26, 34)][/color]
[Peer: 440931918] [Turn 5] [color=cyan]  Checking ship Sathar Fighter D (Side 2) at (7.000000, -11.000000, 4.000000) with path [(7, -21, 14), (8, -21, 13), (9, -22, 13), (10, -23, 13), (11, -23, 12), (11, -22, 11), (11, -21, 10), (11, -20, 9), (11, -19, 8), (11, -18, 7), (11, -17, 6), (11, -16, 5), (11, -15, 4), (10, -14, 4), (9, -13, 4), (8, -12, 4), (7, -11, 4)][/color]
[Peer: 440931918] [Turn 5] [color=cyan]  Checking ship Sathar Fighter F (Side 2) at (5.000000, -5.000000, 0.000000) with path [(13, -12, -1), (13, -11, -2), (13, -10, -3), (12, -9, -3), (11, -8, -3), (10, -7, -3), (10, -6, -4), (9, -5, -4), (8, -4, -4), (7, -4, -3), (6, -4, -2), (5, -4, -1), (5, -5, 0)][/color]
[Peer: 440931918] [Turn 5] Mines check complete. Hit ships size: 0
[Peer: 440931918] [Turn 5] [color=cyan]  Checking ship Maelstrom (Side 2) at (21.000000, -24.000000, 3.000000) with path [(16, -20, 4), (17, -21, 4), (18, -22, 4), (19, -23, 4), (20, -24, 4), (21, -24, 3)][/color]
[Peer: 440931918] [Turn 5] [color=cyan]  Checking ship Carrion (Side 2) at (17.000000, -24.000000, 7.000000) with path [(15, -21, 6), (16, -22, 6), (17, -23, 6), (17, -24, 7)][/color]
[Peer: 440931918] [Turn 5] [color=cyan]  Checking ship Deathstroke (Side 2) at (4.000000, -13.000000, 9.000000) with path [(7, -24, 17), (7, -23, 16), (7, -22, 15), (7, -21, 14), (7, -20, 13), (6, -19, 13), (5, -18, 13), (4, -17, 13), (4, -16, 12), (4, -15, 11), (4, -14, 10), (4, -13, 9)][/color]
[Peer: 440931918] [Turn 5] [color=cyan]  Checking ship Bludgeon (Side 2) at (-3.000000, 0.000000, 3.000000) with path [(2, -5, 3), (1, -4, 3), (0, -3, 3), (-1, -2, 3), (-2, -1, 3), (-3, 0, 3)][/color]
[Peer: 440931918] [Turn 5] [color=cyan]  Checking ship Viper (Side 2) at (2.000000, -10.000000, 8.000000) with path [(8, -24, 16), (7, -24, 17), (6, -24, 18), (5, -23, 18), (4, -22, 18), (3, -21, 18), (2, -20, 18), (2, -19, 17), (2, -18, 16), (2, -17, 15), (2, -16, 14), (2, -15, 13), (2, -14, 12), (2, -13, 11), (2, -12, 10), (2, -11, 9), (2, -10, 8)][/color]
[Peer: 440931918] [Turn 5] [color=cyan]  Checking ship Sathar Fighter A (Side 2) at (4.000000, -12.000000, 8.000000) with path [(2, -20, 18), (1, -20, 19), (0, -19, 19), (-1, -18, 19), (-2, -18, 20), (-3, -17, 20), (-3, -16, 19), (-3, -15, 18), (-3, -14, 17), (-3, -13, 16), (-3, -12, 15), (-2, -12, 14), (-1, -12, 13), (0, -12, 12), (1, -12, 11), (2, -12, 10), (3, -12, 9), (4, -12, 8)][/color]
[Peer: 440931918] [Turn 5] [color=cyan]  Checking ship Sathar Fighter B (Side 2) at (3.000000, -11.000000, 8.000000) with path [(4, -20, 16), (4, -21, 17), (5, -22, 17), (6, -22, 16), (7, -22, 15), (8, -22, 14), (8, -21, 13), (8, -20, 12), (8, -19, 11), (8, -18, 10), (8, -17, 9), (8, -16, 8), (7, -15, 8), (6, -14, 8), (5, -13, 8), (4, -12, 8), (3, -11, 8)][/color]
[Peer: 440931918] [Turn 5] [color=cyan]  Checking ship Sathar Fighter C (Side 2) at (-8.000000, -26.000000, 34.000000) with path [(2, -21, 19), (2, -22, 20), (1, -22, 21), (0, -22, 22), (0, -23, 23), (-1, -23, 24), (-1, -24, 25), (-1, -25, 26), (-1, -26, 27), (-2, -26, 28), (-3, -26, 29), (-4, -26, 30), (-5, -26, 31), (-6, -26, 32), (-7, -26, 33), (-8, -26, 34)][/color]
[Peer: 440931918] [Turn 5] [color=cyan]  Checking ship Sathar Fighter D (Side 2) at (7.000000, -11.000000, 4.000000) with path [(7, -21, 14), (8, -21, 13), (9, -22, 13), (10, -23, 13), (11, -23, 12), (11, -22, 11), (11, -21, 10), (11, -20, 9), (11, -19, 8), (11, -18, 7), (11, -17, 6), (11, -16, 5), (11, -15, 4), (10, -14, 4), (9, -13, 4), (8, -12, 4), (7, -11, 4)][/color]
[Peer: 440931918] [Turn 5] [color=cyan]  Checking ship Sathar Fighter F (Side 2) at (5.000000, -5.000000, 0.000000) with path [(13, -12, -1), (13, -11, -2), (13, -10, -3), (12, -9, -3), (11, -8, -3), (10, -7, -3), (10, -6, -4), (9, -5, -4), (8, -4, -4), (7, -4, -3), (6, -4, -2), (5, -4, -1), (5, -5, 0)][/color]
[Peer: 440931918] [Turn 5] Mines check complete. Hit ships size: 0
[Peer: 440931918] [Turn 5] [color=cyan]  Checking ship Maelstrom (Side 2) at (21.000000, -24.000000, 3.000000) with path [(16, -20, 4), (17, -21, 4), (18, -22, 4), (19, -23, 4), (20, -24, 4), (21, -24, 3)][/color]
[Peer: 440931918] [Turn 5] [color=cyan]  Checking ship Carrion (Side 2) at (17.000000, -24.000000, 7.000000) with path [(15, -21, 6), (16, -22, 6), (17, -23, 6), (17, -24, 7)][/color]
[Peer: 440931918] [Turn 5] [color=cyan]  Checking ship Deathstroke (Side 2) at (4.000000, -13.000000, 9.000000) with path [(7, -24, 17), (7, -23, 16), (7, -22, 15), (7, -21, 14), (7, -20, 13), (6, -19, 13), (5, -18, 13), (4, -17, 13), (4, -16, 12), (4, -15, 11), (4, -14, 10), (4, -13, 9)][/color]
[Peer: 440931918] [Turn 5] [color=cyan]  Checking ship Bludgeon (Side 2) at (-3.000000, 0.000000, 3.000000) with path [(2, -5, 3), (1, -4, 3), (0, -3, 3), (-1, -2, 3), (-2, -1, 3), (-3, 0, 3)][/color]
[Peer: 440931918] [Turn 5] [color=cyan]  Checking ship Viper (Side 2) at (2.000000, -10.000000, 8.000000) with path [(8, -24, 16), (7, -24, 17), (6, -24, 18), (5, -23, 18), (4, -22, 18), (3, -21, 18), (2, -20, 18), (2, -19, 17), (2, -18, 16), (2, -17, 15), (2, -16, 14), (2, -15, 13), (2, -14, 12), (2, -13, 11), (2, -12, 10), (2, -11, 9), (2, -10, 8)][/color]
[Peer: 440931918] [Turn 5] [color=cyan]  Checking ship Sathar Fighter A (Side 2) at (4.000000, -12.000000, 8.000000) with path [(2, -20, 18), (1, -20, 19), (0, -19, 19), (-1, -18, 19), (-2, -18, 20), (-3, -17, 20), (-3, -16, 19), (-3, -15, 18), (-3, -14, 17), (-3, -13, 16), (-3, -12, 15), (-2, -12, 14), (-1, -12, 13), (0, -12, 12), (1, -12, 11), (2, -12, 10), (3, -12, 9), (4, -12, 8)][/color]
[Peer: 440931918] [Turn 5] [color=cyan]  Checking ship Sathar Fighter B (Side 2) at (3.000000, -11.000000, 8.000000) with path [(4, -20, 16), (4, -21, 17), (5, -22, 17), (6, -22, 16), (7, -22, 15), (8, -22, 14), (8, -21, 13), (8, -20, 12), (8, -19, 11), (8, -18, 10), (8, -17, 9), (8, -16, 8), (7, -15, 8), (6, -14, 8), (5, -13, 8), (4, -12, 8), (3, -11, 8)][/color]
[Peer: 440931918] [Turn 5] [color=cyan]  Checking ship Sathar Fighter C (Side 2) at (-8.000000, -26.000000, 34.000000) with path [(2, -21, 19), (2, -22, 20), (1, -22, 21), (0, -22, 22), (0, -23, 23), (-1, -23, 24), (-1, -24, 25), (-1, -25, 26), (-1, -26, 27), (-2, -26, 28), (-3, -26, 29), (-4, -26, 30), (-5, -26, 31), (-6, -26, 32), (-7, -26, 33), (-8, -26, 34)][/color]
[Peer: 440931918] [Turn 5] [color=cyan]  Checking ship Sathar Fighter D (Side 2) at (7.000000, -11.000000, 4.000000) with path [(7, -21, 14), (8, -21, 13), (9, -22, 13), (10, -23, 13), (11, -23, 12), (11, -22, 11), (11, -21, 10), (11, -20, 9), (11, -19, 8), (11, -18, 7), (11, -17, 6), (11, -16, 5), (11, -15, 4), (10, -14, 4), (9, -13, 4), (8, -12, 4), (7, -11, 4)][/color]
[Peer: 440931918] [Turn 5] [color=cyan]  Checking ship Sathar Fighter F (Side 2) at (5.000000, -5.000000, 0.000000) with path [(13, -12, -1), (13, -11, -2), (13, -10, -3), (12, -9, -3), (11, -8, -3), (10, -7, -3), (10, -6, -4), (9, -5, -4), (8, -4, -4), (7, -4, -3), (6, -4, -2), (5, -4, -1), (5, -5, 0)][/color]
[Peer: 440931918] [Turn 5] Mines check complete. Hit ships size: 0
[Peer: 440931918] [Turn 5] [color=cyan]  Checking ship Maelstrom (Side 2) at (21.000000, -24.000000, 3.000000) with path [(16, -20, 4), (17, -21, 4), (18, -22, 4), (19, -23, 4), (20, -24, 4), (21, -24, 3)][/color]
[Peer: 440931918] [Turn 5] [color=cyan]  Checking ship Carrion (Side 2) at (17.000000, -24.000000, 7.000000) with path [(15, -21, 6), (16, -22, 6), (17, -23, 6), (17, -24, 7)][/color]
[Peer: 440931918] [Turn 5] [color=cyan]  Checking ship Deathstroke (Side 2) at (4.000000, -13.000000, 9.000000) with path [(7, -24, 17), (7, -23, 16), (7, -22, 15), (7, -21, 14), (7, -20, 13), (6, -19, 13), (5, -18, 13), (4, -17, 13), (4, -16, 12), (4, -15, 11), (4, -14, 10), (4, -13, 9)][/color]
[Peer: 440931918] [Turn 5] [color=cyan]  Checking ship Bludgeon (Side 2) at (-3.000000, 0.000000, 3.000000) with path [(2, -5, 3), (1, -4, 3), (0, -3, 3), (-1, -2, 3), (-2, -1, 3), (-3, 0, 3)][/color]
[Peer: 440931918] [Turn 5] [color=cyan]  Checking ship Viper (Side 2) at (2.000000, -10.000000, 8.000000) with path [(8, -24, 16), (7, -24, 17), (6, -24, 18), (5, -23, 18), (4, -22, 18), (3, -21, 18), (2, -20, 18), (2, -19, 17), (2, -18, 16), (2, -17, 15), (2, -16, 14), (2, -15, 13), (2, -14, 12), (2, -13, 11), (2, -12, 10), (2, -11, 9), (2, -10, 8)][/color]
[Peer: 440931918] [Turn 5] [color=cyan]  Checking ship Sathar Fighter A (Side 2) at (4.000000, -12.000000, 8.000000) with path [(2, -20, 18), (1, -20, 19), (0, -19, 19), (-1, -18, 19), (-2, -18, 20), (-3, -17, 20), (-3, -16, 19), (-3, -15, 18), (-3, -14, 17), (-3, -13, 16), (-3, -12, 15), (-2, -12, 14), (-1, -12, 13), (0, -12, 12), (1, -12, 11), (2, -12, 10), (3, -12, 9), (4, -12, 8)][/color]
[Peer: 440931918] [Turn 5] [color=cyan]  Checking ship Sathar Fighter B (Side 2) at (3.000000, -11.000000, 8.000000) with path [(4, -20, 16), (4, -21, 17), (5, -22, 17), (6, -22, 16), (7, -22, 15), (8, -22, 14), (8, -21, 13), (8, -20, 12), (8, -19, 11), (8, -18, 10), (8, -17, 9), (8, -16, 8), (7, -15, 8), (6, -14, 8), (5, -13, 8), (4, -12, 8), (3, -11, 8)][/color]
[Peer: 440931918] [Turn 5] [color=cyan]  Checking ship Sathar Fighter C (Side 2) at (-8.000000, -26.000000, 34.000000) with path [(2, -21, 19), (2, -22, 20), (1, -22, 21), (0, -22, 22), (0, -23, 23), (-1, -23, 24), (-1, -24, 25), (-1, -25, 26), (-1, -26, 27), (-2, -26, 28), (-3, -26, 29), (-4, -26, 30), (-5, -26, 31), (-6, -26, 32), (-7, -26, 33), (-8, -26, 34)][/color]
[Peer: 440931918] [Turn 5] [color=cyan]  Checking ship Sathar Fighter D (Side 2) at (7.000000, -11.000000, 4.000000) with path [(7, -21, 14), (8, -21, 13), (9, -22, 13), (10, -23, 13), (11, -23, 12), (11, -22, 11), (11, -21, 10), (11, -20, 9), (11, -19, 8), (11, -18, 7), (11, -17, 6), (11, -16, 5), (11, -15, 4), (10, -14, 4), (9, -13, 4), (8, -12, 4), (7, -11, 4)][/color]
[Peer: 440931918] [Turn 5] [color=cyan]  Checking ship Sathar Fighter F (Side 2) at (5.000000, -5.000000, 0.000000) with path [(13, -12, -1), (13, -11, -2), (13, -10, -3), (12, -9, -3), (11, -8, -3), (10, -7, -3), (10, -6, -4), (9, -5, -4), (8, -4, -4), (7, -4, -3), (6, -4, -2), (5, -4, -1), (5, -5, 0)][/color]
[Peer: 440931918] [Turn 5] Mines check complete. Hit ships size: 0
[Peer: 440931918] [Turn 5] [color=cyan]  Checking ship Maelstrom (Side 2) at (21.000000, -24.000000, 3.000000) with path [(16, -20, 4), (17, -21, 4), (18, -22, 4), (19, -23, 4), (20, -24, 4), (21, -24, 3)][/color]
[Peer: 440931918] [Turn 5] [color=cyan]  Checking ship Carrion (Side 2) at (17.000000, -24.000000, 7.000000) with path [(15, -21, 6), (16, -22, 6), (17, -23, 6), (17, -24, 7)][/color]
[Peer: 440931918] [Turn 5] [color=cyan]  Checking ship Deathstroke (Side 2) at (4.000000, -13.000000, 9.000000) with path [(7, -24, 17), (7, -23, 16), (7, -22, 15), (7, -21, 14), (7, -20, 13), (6, -19, 13), (5, -18, 13), (4, -17, 13), (4, -16, 12), (4, -15, 11), (4, -14, 10), (4, -13, 9)][/color]
[Peer: 440931918] [Turn 5] [color=cyan]  Checking ship Bludgeon (Side 2) at (-3.000000, 0.000000, 3.000000) with path [(2, -5, 3), (1, -4, 3), (0, -3, 3), (-1, -2, 3), (-2, -1, 3), (-3, 0, 3)][/color]
[Peer: 440931918] [Turn 5] [color=cyan]  Checking ship Viper (Side 2) at (2.000000, -10.000000, 8.000000) with path [(8, -24, 16), (7, -24, 17), (6, -24, 18), (5, -23, 18), (4, -22, 18), (3, -21, 18), (2, -20, 18), (2, -19, 17), (2, -18, 16), (2, -17, 15), (2, -16, 14), (2, -15, 13), (2, -14, 12), (2, -13, 11), (2, -12, 10), (2, -11, 9), (2, -10, 8)][/color]
[Peer: 440931918] [Turn 5] [color=cyan]  Checking ship Sathar Fighter A (Side 2) at (4.000000, -12.000000, 8.000000) with path [(2, -20, 18), (1, -20, 19), (0, -19, 19), (-1, -18, 19), (-2, -18, 20), (-3, -17, 20), (-3, -16, 19), (-3, -15, 18), (-3, -14, 17), (-3, -13, 16), (-3, -12, 15), (-2, -12, 14), (-1, -12, 13), (0, -12, 12), (1, -12, 11), (2, -12, 10), (3, -12, 9), (4, -12, 8)][/color]
[Peer: 440931918] [Turn 5] [color=cyan]  Checking ship Sathar Fighter B (Side 2) at (3.000000, -11.000000, 8.000000) with path [(4, -20, 16), (4, -21, 17), (5, -22, 17), (6, -22, 16), (7, -22, 15), (8, -22, 14), (8, -21, 13), (8, -20, 12), (8, -19, 11), (8, -18, 10), (8, -17, 9), (8, -16, 8), (7, -15, 8), (6, -14, 8), (5, -13, 8), (4, -12, 8), (3, -11, 8)][/color]
[Peer: 440931918] [Turn 5] [color=cyan]  Checking ship Sathar Fighter C (Side 2) at (-8.000000, -26.000000, 34.000000) with path [(2, -21, 19), (2, -22, 20), (1, -22, 21), (0, -22, 22), (0, -23, 23), (-1, -23, 24), (-1, -24, 25), (-1, -25, 26), (-1, -26, 27), (-2, -26, 28), (-3, -26, 29), (-4, -26, 30), (-5, -26, 31), (-6, -26, 32), (-7, -26, 33), (-8, -26, 34)][/color]
[Peer: 440931918] [Turn 5] [color=cyan]  Checking ship Sathar Fighter D (Side 2) at (7.000000, -11.000000, 4.000000) with path [(7, -21, 14), (8, -21, 13), (9, -22, 13), (10, -23, 13), (11, -23, 12), (11, -22, 11), (11, -21, 10), (11, -20, 9), (11, -19, 8), (11, -18, 7), (11, -17, 6), (11, -16, 5), (11, -15, 4), (10, -14, 4), (9, -13, 4), (8, -12, 4), (7, -11, 4)][/color]
[Peer: 440931918] [Turn 5] [color=cyan]  Checking ship Sathar Fighter F (Side 2) at (5.000000, -5.000000, 0.000000) with path [(13, -12, -1), (13, -11, -2), (13, -10, -3), (12, -9, -3), (11, -8, -3), (10, -7, -3), (10, -6, -4), (9, -5, -4), (8, -4, -4), (7, -4, -3), (6, -4, -2), (5, -4, -1), (5, -5, 0)][/color]
[Peer: 440931918] [Turn 5] Mines check complete. Hit ships size: 0
[Peer: 440931918] [Turn 5] [color=cyan]  Checking ship Maelstrom (Side 2) at (21.000000, -24.000000, 3.000000) with path [(16, -20, 4), (17, -21, 4), (18, -22, 4), (19, -23, 4), (20, -24, 4), (21, -24, 3)][/color]
[Peer: 440931918] [Turn 5] [color=cyan]  Checking ship Carrion (Side 2) at (17.000000, -24.000000, 7.000000) with path [(15, -21, 6), (16, -22, 6), (17, -23, 6), (17, -24, 7)][/color]
[Peer: 440931918] [Turn 5] [color=cyan]  Checking ship Deathstroke (Side 2) at (4.000000, -13.000000, 9.000000) with path [(7, -24, 17), (7, -23, 16), (7, -22, 15), (7, -21, 14), (7, -20, 13), (6, -19, 13), (5, -18, 13), (4, -17, 13), (4, -16, 12), (4, -15, 11), (4, -14, 10), (4, -13, 9)][/color]
[Peer: 440931918] [Turn 5] [color=cyan]  Checking ship Bludgeon (Side 2) at (-3.000000, 0.000000, 3.000000) with path [(2, -5, 3), (1, -4, 3), (0, -3, 3), (-1, -2, 3), (-2, -1, 3), (-3, 0, 3)][/color]
[Peer: 440931918] [Turn 5] [color=cyan]  Checking ship Viper (Side 2) at (2.000000, -10.000000, 8.000000) with path [(8, -24, 16), (7, -24, 17), (6, -24, 18), (5, -23, 18), (4, -22, 18), (3, -21, 18), (2, -20, 18), (2, -19, 17), (2, -18, 16), (2, -17, 15), (2, -16, 14), (2, -15, 13), (2, -14, 12), (2, -13, 11), (2, -12, 10), (2, -11, 9), (2, -10, 8)][/color]
[Peer: 440931918] [Turn 5] [color=cyan]  Checking ship Sathar Fighter A (Side 2) at (4.000000, -12.000000, 8.000000) with path [(2, -20, 18), (1, -20, 19), (0, -19, 19), (-1, -18, 19), (-2, -18, 20), (-3, -17, 20), (-3, -16, 19), (-3, -15, 18), (-3, -14, 17), (-3, -13, 16), (-3, -12, 15), (-2, -12, 14), (-1, -12, 13), (0, -12, 12), (1, -12, 11), (2, -12, 10), (3, -12, 9), (4, -12, 8)][/color]
[Peer: 440931918] [Turn 5] [color=cyan]  Checking ship Sathar Fighter B (Side 2) at (3.000000, -11.000000, 8.000000) with path [(4, -20, 16), (4, -21, 17), (5, -22, 17), (6, -22, 16), (7, -22, 15), (8, -22, 14), (8, -21, 13), (8, -20, 12), (8, -19, 11), (8, -18, 10), (8, -17, 9), (8, -16, 8), (7, -15, 8), (6, -14, 8), (5, -13, 8), (4, -12, 8), (3, -11, 8)][/color]
[Peer: 440931918] [Turn 5] [color=cyan]  Checking ship Sathar Fighter C (Side 2) at (-8.000000, -26.000000, 34.000000) with path [(2, -21, 19), (2, -22, 20), (1, -22, 21), (0, -22, 22), (0, -23, 23), (-1, -23, 24), (-1, -24, 25), (-1, -25, 26), (-1, -26, 27), (-2, -26, 28), (-3, -26, 29), (-4, -26, 30), (-5, -26, 31), (-6, -26, 32), (-7, -26, 33), (-8, -26, 34)][/color]
[Peer: 440931918] [Turn 5] [color=cyan]  Checking ship Sathar Fighter D (Side 2) at (7.000000, -11.000000, 4.000000) with path [(7, -21, 14), (8, -21, 13), (9, -22, 13), (10, -23, 13), (11, -23, 12), (11, -22, 11), (11, -21, 10), (11, -20, 9), (11, -19, 8), (11, -18, 7), (11, -17, 6), (11, -16, 5), (11, -15, 4), (10, -14, 4), (9, -13, 4), (8, -12, 4), (7, -11, 4)][/color]
[Peer: 440931918] [Turn 5] [color=cyan]  Checking ship Sathar Fighter F (Side 2) at (5.000000, -5.000000, 0.000000) with path [(13, -12, -1), (13, -11, -2), (13, -10, -3), (12, -9, -3), (11, -8, -3), (10, -7, -3), (10, -6, -4), (9, -5, -4), (8, -4, -4), (7, -4, -3), (6, -4, -2), (5, -4, -1), (5, -5, 0)][/color]
[Peer: 440931918] [Turn 5] Mines check complete. Hit ships size: 0
[Peer: 440931918] [Turn 5] [color=cyan]  Checking ship Maelstrom (Side 2) at (21.000000, -24.000000, 3.000000) with path [(16, -20, 4), (17, -21, 4), (18, -22, 4), (19, -23, 4), (20, -24, 4), (21, -24, 3)][/color]
[Peer: 440931918] [Turn 5] [color=cyan]  Checking ship Carrion (Side 2) at (17.000000, -24.000000, 7.000000) with path [(15, -21, 6), (16, -22, 6), (17, -23, 6), (17, -24, 7)][/color]
[Peer: 440931918] [Turn 5] [color=cyan]  Checking ship Deathstroke (Side 2) at (4.000000, -13.000000, 9.000000) with path [(7, -24, 17), (7, -23, 16), (7, -22, 15), (7, -21, 14), (7, -20, 13), (6, -19, 13), (5, -18, 13), (4, -17, 13), (4, -16, 12), (4, -15, 11), (4, -14, 10), (4, -13, 9)][/color]
[Peer: 440931918] [Turn 5] [color=cyan]  Checking ship Bludgeon (Side 2) at (-3.000000, 0.000000, 3.000000) with path [(2, -5, 3), (1, -4, 3), (0, -3, 3), (-1, -2, 3), (-2, -1, 3), (-3, 0, 3)][/color]
[Peer: 440931918] [Turn 5] [color=cyan]  Checking ship Viper (Side 2) at (2.000000, -10.000000, 8.000000) with path [(8, -24, 16), (7, -24, 17), (6, -24, 18), (5, -23, 18), (4, -22, 18), (3, -21, 18), (2, -20, 18), (2, -19, 17), (2, -18, 16), (2, -17, 15), (2, -16, 14), (2, -15, 13), (2, -14, 12), (2, -13, 11), (2, -12, 10), (2, -11, 9), (2, -10, 8)][/color]
[Peer: 440931918] [Turn 5] [color=cyan]  Checking ship Sathar Fighter A (Side 2) at (4.000000, -12.000000, 8.000000) with path [(2, -20, 18), (1, -20, 19), (0, -19, 19), (-1, -18, 19), (-2, -18, 20), (-3, -17, 20), (-3, -16, 19), (-3, -15, 18), (-3, -14, 17), (-3, -13, 16), (-3, -12, 15), (-2, -12, 14), (-1, -12, 13), (0, -12, 12), (1, -12, 11), (2, -12, 10), (3, -12, 9), (4, -12, 8)][/color]
[Peer: 440931918] [Turn 5] [color=cyan]  Checking ship Sathar Fighter B (Side 2) at (3.000000, -11.000000, 8.000000) with path [(4, -20, 16), (4, -21, 17), (5, -22, 17), (6, -22, 16), (7, -22, 15), (8, -22, 14), (8, -21, 13), (8, -20, 12), (8, -19, 11), (8, -18, 10), (8, -17, 9), (8, -16, 8), (7, -15, 8), (6, -14, 8), (5, -13, 8), (4, -12, 8), (3, -11, 8)][/color]
[Peer: 440931918] [Turn 5] [color=cyan]  Checking ship Sathar Fighter C (Side 2) at (-8.000000, -26.000000, 34.000000) with path [(2, -21, 19), (2, -22, 20), (1, -22, 21), (0, -22, 22), (0, -23, 23), (-1, -23, 24), (-1, -24, 25), (-1, -25, 26), (-1, -26, 27), (-2, -26, 28), (-3, -26, 29), (-4, -26, 30), (-5, -26, 31), (-6, -26, 32), (-7, -26, 33), (-8, -26, 34)][/color]
[Peer: 440931918] [Turn 5] [color=cyan]  Checking ship Sathar Fighter D (Side 2) at (7.000000, -11.000000, 4.000000) with path [(7, -21, 14), (8, -21, 13), (9, -22, 13), (10, -23, 13), (11, -23, 12), (11, -22, 11), (11, -21, 10), (11, -20, 9), (11, -19, 8), (11, -18, 7), (11, -17, 6), (11, -16, 5), (11, -15, 4), (10, -14, 4), (9, -13, 4), (8, -12, 4), (7, -11, 4)][/color]
[Peer: 440931918] [Turn 5] [color=cyan]  Checking ship Sathar Fighter F (Side 2) at (5.000000, -5.000000, 0.000000) with path [(13, -12, -1), (13, -11, -2), (13, -10, -3), (12, -9, -3), (11, -8, -3), (10, -7, -3), (10, -6, -4), (9, -5, -4), (8, -4, -4), (7, -4, -3), (6, -4, -2), (5, -4, -1), (5, -5, 0)][/color]
[Peer: 440931918] [Turn 5] Mines check complete. Hit ships size: 0
[Peer: 440931918] [Turn 5] [color=cyan]  Checking ship Maelstrom (Side 2) at (21.000000, -24.000000, 3.000000) with path [(16, -20, 4), (17, -21, 4), (18, -22, 4), (19, -23, 4), (20, -24, 4), (21, -24, 3)][/color]
[Peer: 440931918] [Turn 5] [color=cyan]  Checking ship Carrion (Side 2) at (17.000000, -24.000000, 7.000000) with path [(15, -21, 6), (16, -22, 6), (17, -23, 6), (17, -24, 7)][/color]
[Peer: 440931918] [Turn 5] [color=cyan]  Checking ship Deathstroke (Side 2) at (4.000000, -13.000000, 9.000000) with path [(7, -24, 17), (7, -23, 16), (7, -22, 15), (7, -21, 14), (7, -20, 13), (6, -19, 13), (5, -18, 13), (4, -17, 13), (4, -16, 12), (4, -15, 11), (4, -14, 10), (4, -13, 9)][/color]
[Peer: 440931918] [Turn 5] [color=cyan]  Checking ship Bludgeon (Side 2) at (-3.000000, 0.000000, 3.000000) with path [(2, -5, 3), (1, -4, 3), (0, -3, 3), (-1, -2, 3), (-2, -1, 3), (-3, 0, 3)][/color]
[Peer: 440931918] [Turn 5] [color=cyan]  Checking ship Viper (Side 2) at (2.000000, -10.000000, 8.000000) with path [(8, -24, 16), (7, -24, 17), (6, -24, 18), (5, -23, 18), (4, -22, 18), (3, -21, 18), (2, -20, 18), (2, -19, 17), (2, -18, 16), (2, -17, 15), (2, -16, 14), (2, -15, 13), (2, -14, 12), (2, -13, 11), (2, -12, 10), (2, -11, 9), (2, -10, 8)][/color]
[Peer: 440931918] [Turn 5] [color=cyan]  Checking ship Sathar Fighter A (Side 2) at (4.000000, -12.000000, 8.000000) with path [(2, -20, 18), (1, -20, 19), (0, -19, 19), (-1, -18, 19), (-2, -18, 20), (-3, -17, 20), (-3, -16, 19), (-3, -15, 18), (-3, -14, 17), (-3, -13, 16), (-3, -12, 15), (-2, -12, 14), (-1, -12, 13), (0, -12, 12), (1, -12, 11), (2, -12, 10), (3, -12, 9), (4, -12, 8)][/color]
[Peer: 440931918] [Turn 5] [color=cyan]  Checking ship Sathar Fighter B (Side 2) at (3.000000, -11.000000, 8.000000) with path [(4, -20, 16), (4, -21, 17), (5, -22, 17), (6, -22, 16), (7, -22, 15), (8, -22, 14), (8, -21, 13), (8, -20, 12), (8, -19, 11), (8, -18, 10), (8, -17, 9), (8, -16, 8), (7, -15, 8), (6, -14, 8), (5, -13, 8), (4, -12, 8), (3, -11, 8)][/color]
[Peer: 440931918] [Turn 5] [color=cyan]  Checking ship Sathar Fighter C (Side 2) at (-8.000000, -26.000000, 34.000000) with path [(2, -21, 19), (2, -22, 20), (1, -22, 21), (0, -22, 22), (0, -23, 23), (-1, -23, 24), (-1, -24, 25), (-1, -25, 26), (-1, -26, 27), (-2, -26, 28), (-3, -26, 29), (-4, -26, 30), (-5, -26, 31), (-6, -26, 32), (-7, -26, 33), (-8, -26, 34)][/color]
[Peer: 440931918] [Turn 5] [color=cyan]  Checking ship Sathar Fighter D (Side 2) at (7.000000, -11.000000, 4.000000) with path [(7, -21, 14), (8, -21, 13), (9, -22, 13), (10, -23, 13), (11, -23, 12), (11, -22, 11), (11, -21, 10), (11, -20, 9), (11, -19, 8), (11, -18, 7), (11, -17, 6), (11, -16, 5), (11, -15, 4), (10, -14, 4), (9, -13, 4), (8, -12, 4), (7, -11, 4)][/color]
[Peer: 440931918] [Turn 5] [color=cyan]  Checking ship Sathar Fighter F (Side 2) at (5.000000, -5.000000, 0.000000) with path [(13, -12, -1), (13, -11, -2), (13, -10, -3), (12, -9, -3), (11, -8, -3), (10, -7, -3), (10, -6, -4), (9, -5, -4), (8, -4, -4), (7, -4, -3), (6, -4, -2), (5, -4, -1), (5, -5, 0)][/color]
[Peer: 440931918] [Turn 5] Mines check complete. Hit ships size: 0
[Peer: 440931918] [Turn 5] [color=cyan]!!! DEBUG !!! Entering Seeker Movement. Active Seekers: 4[/color]
[Peer: 440931918] [Turn 5] Movement Phase Complete for Side 1. Starting Combat.
[DEBUG] start_combat_passive: Side 2 firing (Opponent of Moving Side 1)
[Peer: 440931918] [Turn 5] Combat Planning: Side 2
[DEBUG] TARGET CHECK P2. Ships: 10
[DEBUG] Weapon Torpedoes N/A for Carrion (Phase 3, Fired false)
[DEBUG] VALID: Deathstroke found target with Electron Battery
[Peer: 440931918] [Turn 5] AI Planning: CL Deathstroke -> F Fighter A with Electron Battery (Utility: 1.69)
[Peer: 440931918] [Turn 5] AI Planning: CL Deathstroke -> ST Ken'zah Station with Proton Battery (Utility: -2.27)
[Peer: 440931918] [Turn 5] AI Planning: DD Bludgeon -> FG Shimmer with Laser Battery (Utility: 7.83)
[Peer: 440931918] [Turn 5] AI Planning: DD Bludgeon -> F Fighter C with Laser Canon (Utility: 3.66)
[Peer: 440931918] [Turn 5] AI Planning: DD Bludgeon -> FG Shimmer with Electron Battery (Utility: 11.28)
[Peer: 440931918] [Turn 5] AI Planning: DD Bludgeon -> FG Shimmer with Rocket Batteries (Utility: 11.03)
[Peer: 440931918] [Turn 5] AI Planning: DD Viper -> ST Ken'zah Station with Laser Battery (Utility: 2.86)
[Peer: 440931918] [Turn 5] AI Planning: DD Viper -> ST Ken'zah Station with Laser Canon (Utility: -0.81)
[Peer: 440931918] [Turn 5] AI Planning: DD Viper -> ST Ken'zah Station with Electron Battery (Utility: 3.25)
[Peer: 440931918] [Turn 5] Resolving 9 attacks...
[Peer: 440931918] [Turn 5] CL Deathstroke firing Electron Battery at F Fighter A
Combat Roll: Distance 1, Chance 55%, Rolled 83
[Peer: 440931918] [Turn 5] Firing Ship: CL Deathstroke, Weapon: Electron Battery, Odds: 55%, Roll: 83, Result: MISS
[Peer: 440931918] [Turn 5] [color=red]MISS![/color]
[Peer: 440931918] [Turn 5] CL Deathstroke firing Electron Battery at F Fighter A
[Peer: 440931918] [Turn 5] Firing Ship: CL Deathstroke, Weapon: Electron Battery, Odds: 55%, Roll: 83, Result: MISS
[Peer: 440931918] [Turn 5] CL Deathstroke firing Proton Battery at ST Ken'zah Station
Combat Roll: Distance 12, Chance 0%, Rolled 82
[Peer: 440931918] [Turn 5] Firing Ship: CL Deathstroke, Weapon: Proton Battery, Odds: 0%, Roll: 82, Result: MISS
[Peer: 440931918] [Turn 5] [color=red]MISS![/color]
[Peer: 440931918] [Turn 5] CL Deathstroke firing Proton Battery at ST Ken'zah Station
[Peer: 440931918] [Turn 5] Firing Ship: CL Deathstroke, Weapon: Proton Battery, Odds: 0%, Roll: 82, Result: MISS
[Peer: 440931918] [Turn 5] DD Bludgeon firing Laser Battery at FG Shimmer
[Peer: 440931918] [Turn 5] DD Bludgeon firing Laser Battery at FG Shimmer
Combat Roll: Distance 1, Chance 45%, Rolled 53
[Peer: 440931918] [Turn 5] Firing Ship: DD Bludgeon, Weapon: Laser Battery, Odds: 45%, Roll: 53, Result: MISS
[Peer: 440931918] [Turn 5] [color=red]MISS![/color]
[Peer: 440931918] [Turn 5] Firing Ship: DD Bludgeon, Weapon: Laser Battery, Odds: 45%, Roll: 53, Result: MISS
[Peer: 440931918] [Turn 5] DD Bludgeon firing Laser Canon at F Fighter C
[Peer: 440931918] [Turn 5] DD Bludgeon firing Laser Canon at F Fighter C
Combat Roll: Distance 7, Chance 35%, Rolled 76
[Peer: 440931918] [Turn 5] Firing Ship: DD Bludgeon, Weapon: Laser Canon, Odds: 35%, Roll: 76, Result: MISS
[Peer: 440931918] [Turn 5] [color=red]MISS![/color]
[Peer: 440931918] [Turn 5] Firing Ship: DD Bludgeon, Weapon: Laser Canon, Odds: 35%, Roll: 76, Result: MISS
[Peer: 440931918] [Turn 5] DD Bludgeon firing Electron Battery at FG Shimmer
[Peer: 440931918] [Turn 5] DD Bludgeon firing Electron Battery at FG Shimmer
Combat Roll: Distance 1, Chance 55%, Rolled 75
[Peer: 440931918] [Turn 5] Firing Ship: DD Bludgeon, Weapon: Electron Battery, Odds: 55%, Roll: 75, Result: MISS
[Peer: 440931918] [Turn 5] [color=red]MISS![/color]
[Peer: 440931918] [Turn 5] Firing Ship: DD Bludgeon, Weapon: Electron Battery, Odds: 55%, Roll: 75, Result: MISS
[Peer: 440931918] [Turn 5] DD Bludgeon firing Rocket Batteries at FG Shimmer
>>> DEBUG RPC ICM: Target Name string = Shimmer
>>> DEBUG RPC ICM: IS AI TARGET = false
>>> DEBUG EVALUATION: target_owner=false ai_target=false local_bot=false
[Peer: 440931918] [Turn 5] DD Bludgeon firing Rocket Batteries at FG Shimmer
>>> TRIGGER ICM TOP. Target=Shimmer
>>> TRIGGER ICM MID: is_networked=true
>>> DEBUG RPC ICM: Target Name string = Shimmer
>>> DEBUG RPC ICM: IS AI TARGET = false
>>> DEBUG EVALUATION: target_owner=false ai_target=false local_bot=false
[Peer: 440931918] [Turn 5] Shared Defense launches 4 total ICMs!
[Peer: 440931918] [Turn 5] Firing Ship: DD Bludgeon, Weapon: Rocket Batteries, Odds: 28%, Roll: 81, Result: MISS
Combat Roll: Distance 1, Chance 28%, Rolled 81
[Peer: 440931918] [Turn 5] Firing Ship: DD Bludgeon, Weapon: Rocket Batteries, Odds: 28%, Roll: 81, Result: MISS
[Peer: 440931918] [Turn 5] [color=red]MISS![/color]
DEBUG: broadcast_icm_decision called on peer 440931918
[Peer: 440931918] [Turn 5] DD Viper firing Laser Battery at ST Ken'zah Station
[Peer: 440931918] [Turn 5] Firing Ship: DD Viper, Weapon: Laser Battery, Odds: 0%, Roll: 60, Result: MISS
[Peer: 440931918] [Turn 5] DD Viper firing Laser Battery at ST Ken'zah Station
Combat Roll: Distance 9, Chance 0%, Rolled 60
[Peer: 440931918] [Turn 5] Firing Ship: DD Viper, Weapon: Laser Battery, Odds: 0%, Roll: 60, Result: MISS
[Peer: 440931918] [Turn 5] [color=red]MISS![/color]
[Peer: 440931918] [Turn 5] DD Viper firing Laser Canon at ST Ken'zah Station
[Peer: 440931918] [Turn 5] Firing Ship: DD Viper, Weapon: Laser Canon, Odds: 5%, Roll: 11, Result: MISS
[Peer: 440931918] [Turn 5] DD Viper firing Laser Canon at ST Ken'zah Station
Combat Roll: Distance 9, Chance 5%, Rolled 11
[Peer: 440931918] [Turn 5] Firing Ship: DD Viper, Weapon: Laser Canon, Odds: 5%, Roll: 11, Result: MISS
[Peer: 440931918] [Turn 5] [color=red]MISS![/color]
[Peer: 440931918] [Turn 5] DD Viper firing Electron Battery at ST Ken'zah Station
[Peer: 440931918] [Turn 5] Firing Ship: DD Viper, Weapon: Electron Battery, Odds: 5%, Roll: 79, Result: MISS
[Peer: 440931918] [Turn 5] DD Viper firing Electron Battery at ST Ken'zah Station
Combat Roll: Distance 9, Chance 5%, Rolled 79
[Peer: 440931918] [Turn 5] Firing Ship: DD Viper, Weapon: Electron Battery, Odds: 5%, Roll: 79, Result: MISS
[Peer: 440931918] [Turn 5] [color=red]MISS![/color]
[Peer: 440931918] [Turn 5] Resolution Phase Complete.
[Peer: 440931918] [Turn 5] Turn Segment Complete.
[DEBUG] start_combat_active: Side 1 firing (Active Side)
[Peer: 440931918] [Turn 5] Combat Planning: Side 1
[DEBUG] TARGET CHECK P1. Ships: 8
[DEBUG] VALID: Ken'zah Station found target with Laser Battery
[Peer: 440931918] [Turn 5] Resolving 9 attacks...
[Peer: 440931918] [Turn 5] ST Ken'zah Station firing Laser Battery at F Sathar Fighter F
Combat Roll: Distance 4, Chance 30%, Rolled 62
[Peer: 440931918] [Turn 5] Firing Ship: ST Ken'zah Station, Weapon: Laser Battery, Odds: 30%, Roll: 62, Result: MISS
[Peer: 440931918] [Turn 5] [color=red]MISS![/color]
[Peer: 440931918] [Turn 5] ST Ken'zah Station firing Laser Battery at F Sathar Fighter F
[Peer: 440931918] [Turn 5] Firing Ship: ST Ken'zah Station, Weapon: Laser Battery, Odds: 30%, Roll: 62, Result: MISS
[Peer: 440931918] [Turn 5] ST Ken'zah Station firing Laser Battery at F Sathar Fighter F
[Peer: 440931918] [Turn 5] Firing Ship: ST Ken'zah Station, Weapon: Laser Battery, Odds: 30%, Roll: 39, Result: MISS
[Peer: 440931918] [Turn 5] ST Ken'zah Station firing Laser Battery at F Sathar Fighter F
Combat Roll: Distance 4, Chance 30%, Rolled 39
[Peer: 440931918] [Turn 5] Firing Ship: ST Ken'zah Station, Weapon: Laser Battery, Odds: 30%, Roll: 39, Result: MISS
[Peer: 440931918] [Turn 5] [color=red]MISS![/color]
[Peer: 440931918] [Turn 5] FG Shimmer firing Laser Battery at DD Bludgeon
[Peer: 440931918] [Turn 5] Firing Ship: FG Shimmer, Weapon: Laser Battery, Odds: 45%, Roll: 26, Result: HIT
[Peer: 440931918] [Turn 5] [color=green]HIT![/color] Rolling Damage Table (d100+0 = 28)
[Peer: 440931918] [Turn 5] FG Shimmer firing Laser Battery at DD Bludgeon
Combat Roll: Distance 1, Chance 45%, Rolled 26
[Peer: 440931918] [Turn 5] Firing Ship: FG Shimmer, Weapon: Laser Battery, Odds: 45%, Roll: 26, Result: HIT
Damage Roll: 1d10+0 -> 3
Damage Roll: d100(28) + DTM(0) = 28
[Peer: 440931918] [Turn 5] [color=green]HIT![/color] Rolling Damage Table (d100+0 = 28)
[Peer: 440931918] [Turn 5] Bludgeon: Hull Hit (3 Damage)
[Peer: 440931918] [Turn 5] FG Shimmer firing Rocket Batteries at DD Bludgeon
[Peer: 440931918] [Turn 5] Firing Ship: FG Shimmer, Weapon: Rocket Batteries, Odds: 40%, Roll: 32, Result: HIT
[Peer: 440931918] [Turn 5] [color=green]HIT![/color] Rolling Damage Table (d100+-10 = 52)
[Peer: 440931918] [Turn 5] FG Shimmer firing Rocket Batteries at DD Bludgeon
Combat Roll: Distance 1, Chance 40%, Rolled 32
[Peer: 440931918] [Turn 5] Firing Ship: FG Shimmer, Weapon: Rocket Batteries, Odds: 40%, Roll: 32, Result: HIT
Damage Roll: 2d10+0 -> 10
Damage Roll: d100(62) + DTM(-10) = 52
[Peer: 440931918] [Turn 5] [color=green]HIT![/color] Rolling Damage Table (d100+-10 = 52)
[Peer: 440931918] [Turn 5] Bludgeon: Drive Hit (-1/2 ADF)
[Peer: 440931918] [Turn 5] [color=red]System missing/destroyed -> FALLBACK HULL HIT[/color]
[Peer: 440931918] [Turn 5] Bludgeon takes 10 Fallback Damage (Converted Effect)
[Peer: 440931918] [Turn 5] FG Shimmer firing Torpedoes at DD Bludgeon
[Peer: 440931918] [Turn 5] Firing Ship: FG Shimmer, Weapon: Torpedoes, Odds: 70%, Roll: 78, Result: MISS
[Peer: 440931918] [Turn 5] FG Shimmer firing Torpedoes at DD Bludgeon
Combat Roll: Distance 1, Chance 70%, Rolled 78
[Peer: 440931918] [Turn 5] Firing Ship: FG Shimmer, Weapon: Torpedoes, Odds: 70%, Roll: 78, Result: MISS
[Peer: 440931918] [Turn 5] [color=red]MISS![/color]
[Peer: 440931918] [Turn 5] FG Zz'Nakk'T firing Laser Battery at DD Bludgeon
[Peer: 440931918] [Turn 5] Firing Ship: FG Zz'Nakk'T, Weapon: Laser Battery, Odds: 35%, Roll: 36, Result: MISS
[Peer: 440931918] [Turn 5] FG Zz'Nakk'T firing Laser Battery at DD Bludgeon
Combat Roll: Distance 3, Chance 35%, Rolled 36
[Peer: 440931918] [Turn 5] Firing Ship: FG Zz'Nakk'T, Weapon: Laser Battery, Odds: 35%, Roll: 36, Result: MISS
[Peer: 440931918] [Turn 5] [color=red]MISS![/color]
[Peer: 440931918] [Turn 5] FG Zz'Nakk'T firing Laser Canon at F Sathar Fighter F
[Peer: 440931918] [Turn 5] Firing Ship: FG Zz'Nakk'T, Weapon: Laser Canon, Odds: 15%, Roll: 94, Result: MISS
[Peer: 440931918] [Turn 5] FG Zz'Nakk'T firing Laser Canon at F Sathar Fighter F
Combat Roll: Distance 9, Chance 15%, Rolled 94
[Peer: 440931918] [Turn 5] Firing Ship: FG Zz'Nakk'T, Weapon: Laser Canon, Odds: 15%, Roll: 94, Result: MISS
[Peer: 440931918] [Turn 5] [color=red]MISS![/color]
[Peer: 440931918] [Turn 5] FG Zz'Nakk'T firing Rocket Batteries at DD Bludgeon
[Peer: 440931918] [Turn 5] Firing Ship: FG Zz'Nakk'T, Weapon: Rocket Batteries, Odds: 40%, Roll: 79, Result: MISS
[Peer: 440931918] [Turn 5] FG Zz'Nakk'T firing Rocket Batteries at DD Bludgeon
Combat Roll: Distance 3, Chance 40%, Rolled 79
[Peer: 440931918] [Turn 5] Firing Ship: FG Zz'Nakk'T, Weapon: Rocket Batteries, Odds: 40%, Roll: 79, Result: MISS
[Peer: 440931918] [Turn 5] [color=red]MISS![/color]
[Peer: 440931918] [Turn 5] FG Zz'Nakk'T firing Torpedoes at DD Bludgeon
[Peer: 440931918] [Turn 5] Firing Ship: FG Zz'Nakk'T, Weapon: Torpedoes, Odds: 70%, Roll: 58, Result: HIT
[Peer: 440931918] [Turn 5] [color=green]HIT![/color] Rolling Damage Table (d100+20 = 27)
[Peer: 440931918] [Turn 5] FG Zz'Nakk'T firing Torpedoes at DD Bludgeon
Combat Roll: Distance 3, Chance 70%, Rolled 58
[Peer: 440931918] [Turn 5] Firing Ship: FG Zz'Nakk'T, Weapon: Torpedoes, Odds: 70%, Roll: 58, Result: HIT
Damage Roll: 4d10+0 -> 25
Damage Roll: d100(7) + DTM(20) = 27
[Peer: 440931918] [Turn 5] [color=green]HIT![/color] Rolling Damage Table (d100+20 = 27)
[Peer: 440931918] [Turn 5] Ship destroyed: Bludgeon
[Peer: 440931918] [Turn 5] Bludgeon: Hull Hit (25 Damage)
[Peer: 440931918] [Turn 5] Resolution Phase Complete.
[Peer: 440931918] [Turn 5] Turn Segment Complete.
[Peer: 440931918] [Turn 5] === Turn Start: Side Sathar ===
DEBUG: Rejected Ken'zah Station Side:1 CurSide:2 Moved:false
DEBUG: Rejected Z'Rak't Zoz Side:1 CurSide:2 Moved:false
DEBUG: Rejected Shimmer Side:1 CurSide:2 Moved:false
DEBUG: Rejected Zz'Nakk'T Side:1 CurSide:2 Moved:false
DEBUG: Rejected Fighter A Side:1 CurSide:2 Moved:false
DEBUG: Rejected Fighter B Side:1 CurSide:2 Moved:false
DEBUG: Rejected Fighter C Side:1 CurSide:2 Moved:false
DEBUG: Rejected Fighter F Side:1 CurSide:2 Moved:false
DEBUG: start_movement_phase. Side: 2 Available: 9
DEBUG: First available: Maelstrom ID: 2 Moved: false
DEBUG: Skip Auto-Orbit Check: Maelstrom (Class: Assault Carrier, Orbit: 0)
DEBUG: Skip Auto-Orbit Check: Carrion (Class: Heavy Cruiser, Orbit: 0)
DEBUG: Skip Auto-Orbit Check: Deathstroke (Class: Light Cruiser, Orbit: 0)
DEBUG: Skip Auto-Orbit Check: Viper (Class: Destroyer, Orbit: 0)
DEBUG: Skip Auto-Orbit Check: Sathar Fighter A (Class: Fighter, Orbit: 0)
DEBUG: Skip Auto-Orbit Check: Sathar Fighter B (Class: Fighter, Orbit: 0)
DEBUG: Skip Auto-Orbit Check: Sathar Fighter C (Class: Fighter, Orbit: 0)
DEBUG: Skip Auto-Orbit Check: Sathar Fighter D (Class: Fighter, Orbit: 0)
DEBUG: Skip Auto-Orbit Check: Sathar Fighter F (Class: Fighter, Orbit: 0)
[DEBUG] Standard move start for Maelstrom
[Peer: 440931918] [Turn 5] [color=yellow]AI Computer Opponent Planning Movement...[/color]
[Peer: 440931918] [Turn 5] [color=gray]AI Thinking: Evaluating Maelstrom (Unmoved left: 9)[/color]
[Peer: 440931918] [Turn 5] [color=gray]AI Thinking: Nearest target for Maelstrom is Fighter A[/color]
[Peer: 440931918] [Turn 5] [color=gray]AI Thinking: Maelstrom constraints -> Speed [3, 7], MR 1[/color]
[Peer: 440931918] [Turn 5] [color=gray]AI Thinking: Explored 45 possible paths matching speed bounds.[/color]
[Peer: 440931918] [Turn 5] [color=gray]AI Move Eval -> Ship: AC Maelstrom | Start Speed: 5 | Final Speed: 6 (ADF: 2) | MR Used: 1/1[/color]
[Peer: 440931918] [Turn 5] AI plotted movement for AC Maelstrom (Speed 5 -> 6, 6 hexes)
[Peer: 440931918] [Turn 5] Synced Orders for Maelstrom
[Peer: 440931918] [Turn 5] [color=gray]AI Thinking: Evaluating Carrion (Unmoved left: 8)[/color]
[Peer: 440931918] [Turn 5] [color=gray]AI Thinking: Nearest target for Carrion is Fighter A[/color]
[Peer: 440931918] [Turn 5] [color=gray]AI Thinking: Carrion constraints -> Speed [2, 4], MR 1[/color]
[Peer: 440931918] [Turn 5] [color=gray]AI Thinking: Explored 15 possible paths matching speed bounds.[/color]
[Peer: 440931918] [Turn 5] [color=gray]AI Move Eval -> Ship: CA Carrion | Start Speed: 3 | Final Speed: 3 (ADF: 1) | MR Used: 1/1[/color]
[Peer: 440931918] [Turn 5] AI plotted movement for CA Carrion (Speed 3 -> 3, 3 hexes)
[Peer: 440931918] [Turn 5] Synced Orders for Carrion
[Peer: 440931918] [Turn 5] [color=gray]AI Thinking: Evaluating Deathstroke (Unmoved left: 7)[/color]
[Peer: 440931918] [Turn 5] [color=gray]AI Thinking: Nearest target for Deathstroke is Fighter A[/color]
[Peer: 440931918] [Turn 5] [color=gray]AI Thinking: Deathstroke constraints -> Speed [8, 14], MR 2[/color]
[Peer: 440931918] [Turn 5] [color=gray]AI Thinking: Explored 1463 possible paths matching speed bounds.[/color]
[Peer: 440931918] [Turn 5] [color=gray]AI Move Eval -> Ship: CL Deathstroke | Start Speed: 11 | Final Speed: 14 (ADF: 3) | MR Used: 2/2[/color]
[Peer: 440931918] [Turn 5] AI plotted movement for CL Deathstroke (Speed 11 -> 14, 14 hexes)
[Peer: 440931918] [Turn 5] Synced Orders for Deathstroke
[Peer: 440931918] [Turn 5] [color=gray]AI Thinking: Evaluating Viper (Unmoved left: 6)[/color]
[Peer: 440931918] [Turn 5] [color=gray]AI Thinking: Nearest target for Viper is Ken'zah Station[/color]
[Peer: 440931918] [Turn 5] [color=gray]AI Thinking: Viper constraints -> Speed [13, 19], MR 2[/color]
[Peer: 440931918] [Turn 5] [color=gray]AI Thinking: Explored 2000 possible paths matching speed bounds.[/color]
[Peer: 440931918] [Turn 5] [color=gray]AI Move Eval -> Ship: DD Viper | Start Speed: 16 | Final Speed: 14 (ADF: 3) | MR Used: 2/2[/color]
[Peer: 440931918] [Turn 5] AI plotted movement for DD Viper (Speed 16 -> 14, 14 hexes)
[Peer: 440931918] [Turn 5] Synced Orders for Viper
[Peer: 440931918] [Turn 5] [color=gray]AI Thinking: Evaluating Sathar Fighter A (Unmoved left: 5)[/color]
[Peer: 440931918] [Turn 5] [color=gray]AI Thinking: Nearest target for Sathar Fighter A is Ken'zah Station[/color]
[Peer: 440931918] [Turn 5] [color=gray]AI Thinking: Sathar Fighter A constraints -> Speed [12, 22], MR 5[/color]
[Peer: 440931918] [Turn 5] [color=gray]AI Thinking: Explored 2000 possible paths matching speed bounds.[/color]
[Peer: 440931918] [Turn 5] [color=gray]AI Move Eval -> Ship: F Sathar Fighter A | Start Speed: 17 | Final Speed: 22 (ADF: 5) | MR Used: 5/5[/color]
[Peer: 440931918] [Turn 5] AI plotted movement for F Sathar Fighter A (Speed 17 -> 22, 22 hexes)
[Peer: 440931918] [Turn 5] Synced Orders for Sathar Fighter A
[Peer: 440931918] [Turn 5] [color=gray]AI Thinking: Evaluating Sathar Fighter B (Unmoved left: 4)[/color]
[Peer: 440931918] [Turn 5] [color=gray]AI Thinking: Nearest target for Sathar Fighter B is Ken'zah Station[/color]
[Peer: 440931918] [Turn 5] [color=gray]AI Thinking: Sathar Fighter B constraints -> Speed [11, 21], MR 5[/color]
[Peer: 440931918] [Turn 5] [color=gray]AI Thinking: Explored 2000 possible paths matching speed bounds.[/color]
[Peer: 440931918] [Turn 5] [color=gray]AI Move Eval -> Ship: F Sathar Fighter B | Start Speed: 16 | Final Speed: 17 (ADF: 5) | MR Used: 5/5[/color]
[Peer: 440931918] [Turn 5] AI plotted movement for F Sathar Fighter B (Speed 16 -> 17, 17 hexes)
[Peer: 440931918] [Turn 5] Synced Orders for Sathar Fighter B
[Peer: 440931918] [Turn 5] [color=gray]AI Thinking: Evaluating Sathar Fighter C (Unmoved left: 3)[/color]
[Peer: 440931918] [Turn 5] [color=gray]AI Thinking: Nearest target for Sathar Fighter C is Fighter A[/color]
[Peer: 440931918] [Turn 5] [color=gray]AI Thinking: Sathar Fighter C constraints -> Speed [10, 20], MR 5[/color]
[Peer: 440931918] [Turn 5] [color=gray]AI Thinking: Explored 2000 possible paths matching speed bounds.[/color]
[Peer: 440931918] [Turn 5] [color=gray]AI Move Eval -> Ship: F Sathar Fighter C | Start Speed: 15 | Final Speed: 20 (ADF: 5) | MR Used: 5/5[/color]
[Peer: 440931918] [Turn 5] AI plotted movement for F Sathar Fighter C (Speed 15 -> 20, 20 hexes)
[Peer: 440931918] [Turn 5] Synced Orders for Sathar Fighter C
[Peer: 440931918] [Turn 5] [color=gray]AI Thinking: Evaluating Sathar Fighter D (Unmoved left: 2)[/color]
[Peer: 440931918] [Turn 5] [color=gray]AI Thinking: Nearest target for Sathar Fighter D is Ken'zah Station[/color]
[Peer: 440931918] [Turn 5] [color=gray]AI Thinking: Sathar Fighter D constraints -> Speed [11, 21], MR 5[/color]
[Peer: 440931918] [Turn 5] [color=gray]AI Thinking: Explored 2000 possible paths matching speed bounds.[/color]
[Peer: 440931918] [Turn 5] [color=gray]AI Move Eval -> Ship: F Sathar Fighter D | Start Speed: 16 | Final Speed: 15 (ADF: 5) | MR Used: 5/5[/color]
[Peer: 440931918] [Turn 5] AI plotted movement for F Sathar Fighter D (Speed 16 -> 15, 15 hexes)
[Peer: 440931918] [Turn 5] Synced Orders for Sathar Fighter D
[Peer: 440931918] [Turn 5] [color=gray]AI Thinking: Evaluating Sathar Fighter F (Unmoved left: 1)[/color]
[Peer: 440931918] [Turn 5] [color=gray]AI Thinking: Nearest target for Sathar Fighter F is Ken'zah Station[/color]
[Peer: 440931918] [Turn 5] [color=gray]AI Thinking: Sathar Fighter F constraints -> Speed [7, 17], MR 5[/color]
[Peer: 440931918] [Turn 5] [color=gray]AI Thinking: Explored 2000 possible paths matching speed bounds.[/color]
[Peer: 440931918] [Turn 5] [color=gray]AI Move Eval -> Ship: F Sathar Fighter F | Start Speed: 12 | Final Speed: 12 (ADF: 5) | MR Used: 5/5[/color]
[Peer: 440931918] [Turn 5] AI plotted movement for F Sathar Fighter F (Speed 12 -> 12, 12 hexes)
[Peer: 440931918] [Turn 5] Synced Orders for Sathar Fighter F
>>> DIAGNOSTIC: execute_all_movement running for side: 2 on peer: 440931918
[Peer: 440931918] [Turn 5] Executing Movement Phase for Side Sathar
[Peer: 440931918] [Turn 5] [color=yellow]EXECUTE LOOP: Checking Ship Maelstrom (Class: Assault Carrier, Mines: 0)[/color]
[Peer: 440931918] [Turn 5] [color=yellow]EXECUTE LOOP: Checking Ship Carrion (Class: Heavy Cruiser, Mines: 0)[/color]
[Peer: 440931918] [Turn 5] [color=yellow]EXECUTE LOOP: Checking Ship Deathstroke (Class: Light Cruiser, Mines: 0)[/color]
[Peer: 440931918] [Turn 5] [color=yellow]EXECUTE LOOP: Checking Ship Viper (Class: Destroyer, Mines: 0)[/color]
[Peer: 440931918] [Turn 5] [color=yellow]EXECUTE LOOP: Checking Ship Sathar Fighter A (Class: Fighter, Mines: 0)[/color]
[Peer: 440931918] [Turn 5] [color=yellow]EXECUTE LOOP: Checking Ship Sathar Fighter B (Class: Fighter, Mines: 0)[/color]
[Peer: 440931918] [Turn 5] [color=yellow]EXECUTE LOOP: Checking Ship Sathar Fighter C (Class: Fighter, Mines: 0)[/color]
[Peer: 440931918] [Turn 5] [color=yellow]EXECUTE LOOP: Checking Ship Sathar Fighter D (Class: Fighter, Mines: 0)[/color]
[Peer: 440931918] [Turn 5] [color=yellow]EXECUTE LOOP: Checking Ship Sathar Fighter F (Class: Fighter, Mines: 0)[/color]
>>> DIAGNOSTIC: Entering Mine Detonations. Active Mines: 19 on peer: 440931918
[Peer: 440931918] [Turn 5] [color=cyan]!!! DEBUG !!! Entering Mine Detonations. Active Mines: 19[/color]
[Peer: 440931918] [Turn 5] [color=cyan]  Mine at (-4.000000, 8.000000, -4.000000) (Side 1)[/color]
[Peer: 440931918] [Turn 5] [color=cyan]  Mine at (-4.000000, -4.000000, 8.000000) (Side 1)[/color]
[Peer: 440931918] [Turn 5] [color=cyan]  Mine at (-1.000000, -6.000000, 7.000000) (Side 1)[/color]
[Peer: 440931918] [Turn 5] [color=cyan]  Mine at (9.000000, -1.000000, -8.000000) (Side 1)[/color]
[Peer: 440931918] [Turn 5] [color=cyan]  Mine at (-9.000000, 0.000000, 9.000000) (Side 1)[/color]
[Peer: 440931918] [Turn 5] [color=cyan]  Mine at (-9.000000, 1.000000, 8.000000) (Side 1)[/color]
[Peer: 440931918] [Turn 5] [color=cyan]  Mine at (-8.000000, 7.000000, 1.000000) (Side 1)[/color]
[Peer: 440931918] [Turn 5] [color=cyan]  Mine at (8.000000, -9.000000, 1.000000) (Side 1)[/color]
[Peer: 440931918] [Turn 5] [color=cyan]  Mine at (6.000000, -7.000000, 1.000000) (Side 1)[/color]
[Peer: 440931918] [Turn 5] [color=cyan]  Mine at (7.000000, 0.000000, -7.000000) (Side 1)[/color]
[Peer: 440931918] [Turn 5] [color=cyan]  Mine at (-8.000000, 3.000000, 5.000000) (Side 1)[/color]
[Peer: 440931918] [Turn 5] [color=cyan]  Mine at (-7.000000, 1.000000, 6.000000) (Side 1)[/color]
[Peer: 440931918] [Turn 5] [color=cyan]  Mine at (-7.000000, 7.000000, 0.000000) (Side 1)[/color]
[Peer: 440931918] [Turn 5] [color=cyan]  Mine at (-2.000000, 9.000000, -7.000000) (Side 1)[/color]
[Peer: 440931918] [Turn 5] [color=cyan]  Mine at (0.000000, 7.000000, -7.000000) (Side 1)[/color]
[Peer: 440931918] [Turn 5] [color=cyan]  Mine at (-5.000000, 8.000000, -3.000000) (Side 1)[/color]
[Peer: 440931918] [Turn 5] [color=cyan]  Mine at (-4.000000, -3.000000, 7.000000) (Side 1)[/color]
[Peer: 440931918] [Turn 5] [color=cyan]  Mine at (6.000000, -9.000000, 3.000000) (Side 1)[/color]
[Peer: 440931918] [Turn 5] [color=cyan]  Mine at (-7.000000, 4.000000, 3.000000) (Side 1)[/color]
[Peer: 440931918] [Turn 5] [color=cyan]  Checking ship Maelstrom (Side 2) at (27.000000, -26.000000, -1.000000) with path [(21, -24, 3), (22, -24, 2), (23, -24, 1), (24, -24, 0), (25, -24, -1), (26, -25, -1), (27, -26, -1)][/color]
[Peer: 440931918] [Turn 5] [color=cyan]  Checking ship Carrion (Side 2) at (19.000000, -27.000000, 8.000000) with path [(17, -24, 7), (17, -25, 8), (18, -26, 8), (19, -27, 8)][/color]
[Peer: 440931918] [Turn 5] [color=cyan]  Checking ship Deathstroke (Side 2) at (17.000000, -19.000000, 2.000000) with path [(4, -13, 9), (4, -12, 8), (5, -12, 7), (6, -12, 6), (7, -12, 5), (8, -12, 4), (9, -12, 3), (10, -12, 2), (11, -13, 2), (12, -14, 2), (13, -15, 2), (14, -16, 2), (15, -17, 2), (16, -18, 2), (17, -19, 2)][/color]
[Peer: 440931918] [Turn 5] [color=cyan]  Checking ship Viper (Side 2) at (-2.000000, 2.000000, 0.000000) with path [(2, -10, 8), (2, -9, 7), (2, -8, 6), (2, -7, 5), (2, -6, 4), (2, -5, 3), (2, -4, 2), (2, -3, 1), (2, -2, 0), (2, -1, -1), (2, 0, -2), (1, 1, -2), (0, 2, -2), (-1, 2, -1), (-2, 2, 0)][/color]
[Peer: 440931918] [Turn 5] [color=cyan]  Checking ship Sathar Fighter A (Side 2) at (-1.000000, -3.000000, 4.000000) with path [(4, -12, 8), (5, -12, 7), (6, -13, 7), (7, -14, 7), (8, -15, 7), (9, -16, 7), (9, -17, 8), (8, -17, 9), (7, -17, 10), (6, -16, 10), (5, -15, 10), (4, -14, 10), (3, -13, 10), (2, -12, 10), (1, -11, 10), (0, -10, 10), (-1, -9, 10), (-1, -8, 9), (-1, -7, 8), (-1, -6, 7), (-1, -5, 6), (-1, -4, 5), (-1, -3, 4)][/color]
[Peer: 440931918] [Turn 5] [color=cyan]  Checking ship Sathar Fighter B (Side 2) at (-4.000000, -1.000000, 5.000000) with path [(3, -11, 8), (2, -10, 8), (1, -10, 9), (1, -11, 10), (0, -11, 11), (-1, -11, 12), (-2, -11, 13), (-3, -11, 14), (-4, -10, 14), (-4, -9, 13), (-4, -8, 12), (-4, -7, 11), (-4, -6, 10), (-4, -5, 9), (-4, -4, 8), (-4, -3, 7), (-4, -2, 6), (-4, -1, 5)][/color]
[Peer: 440931918] [Turn 5] [color=cyan]  Checking ship Sathar Fighter C (Side 2) at (0.000000, -22.000000, 22.000000) with path [(-8, -26, 34), (-9, -26, 35), (-9, -27, 36), (-10, -27, 37), (-11, -26, 37), (-12, -25, 37), (-12, -24, 36), (-12, -23, 35), (-12, -22, 34), (-11, -22, 33), (-10, -22, 32), (-9, -22, 31), (-8, -22, 30), (-7, -22, 29), (-6, -22, 28), (-5, -22, 27), (-4, -22, 26), (-3, -22, 25), (-2, -22, 24), (-1, -22, 23), (0, -22, 22)][/color]
[Peer: 440931918] [Turn 5] [color=cyan]  Checking ship Sathar Fighter D (Side 2) at (1.000000, 2.000000, -3.000000) with path [(7, -11, 4), (6, -10, 4), (5, -10, 5), (4, -10, 6), (3, -9, 6), (3, -8, 5), (3, -7, 4), (3, -6, 3), (3, -5, 2), (3, -4, 1), (3, -3, 0), (2, -2, 0), (1, -1, 0), (1, 0, -1), (1, 1, -2), (1, 2, -3)][/color]
[Peer: 440931918] [Turn 5] [color=cyan]  Checking ship Sathar Fighter F (Side 2) at (0.000000, -1.000000, 1.000000) with path [(5, -5, 0), (5, -6, 1), (4, -6, 2), (3, -6, 3), (2, -6, 4), (2, -7, 5), (1, -7, 6), (0, -6, 6), (0, -5, 5), (0, -4, 4), (0, -3, 3), (0, -2, 2), (0, -1, 1)][/color]
[Peer: 440931918] [Turn 5] Mines check complete. Hit ships size: 0
[Peer: 440931918] [Turn 5] [color=cyan]  Checking ship Maelstrom (Side 2) at (27.000000, -26.000000, -1.000000) with path [(21, -24, 3), (22, -24, 2), (23, -24, 1), (24, -24, 0), (25, -24, -1), (26, -25, -1), (27, -26, -1)][/color]
[Peer: 440931918] [Turn 5] [color=cyan]  Checking ship Carrion (Side 2) at (19.000000, -27.000000, 8.000000) with path [(17, -24, 7), (17, -25, 8), (18, -26, 8), (19, -27, 8)][/color]
[Peer: 440931918] [Turn 5] [color=cyan]  Checking ship Deathstroke (Side 2) at (17.000000, -19.000000, 2.000000) with path [(4, -13, 9), (4, -12, 8), (5, -12, 7), (6, -12, 6), (7, -12, 5), (8, -12, 4), (9, -12, 3), (10, -12, 2), (11, -13, 2), (12, -14, 2), (13, -15, 2), (14, -16, 2), (15, -17, 2), (16, -18, 2), (17, -19, 2)][/color]
[Peer: 440931918] [Turn 5] [color=cyan]  Checking ship Viper (Side 2) at (-2.000000, 2.000000, 0.000000) with path [(2, -10, 8), (2, -9, 7), (2, -8, 6), (2, -7, 5), (2, -6, 4), (2, -5, 3), (2, -4, 2), (2, -3, 1), (2, -2, 0), (2, -1, -1), (2, 0, -2), (1, 1, -2), (0, 2, -2), (-1, 2, -1), (-2, 2, 0)][/color]
[Peer: 440931918] [Turn 5] [color=cyan]  Checking ship Sathar Fighter A (Side 2) at (-1.000000, -3.000000, 4.000000) with path [(4, -12, 8), (5, -12, 7), (6, -13, 7), (7, -14, 7), (8, -15, 7), (9, -16, 7), (9, -17, 8), (8, -17, 9), (7, -17, 10), (6, -16, 10), (5, -15, 10), (4, -14, 10), (3, -13, 10), (2, -12, 10), (1, -11, 10), (0, -10, 10), (-1, -9, 10), (-1, -8, 9), (-1, -7, 8), (-1, -6, 7), (-1, -5, 6), (-1, -4, 5), (-1, -3, 4)][/color]
[Peer: 440931918] [Turn 5] [color=cyan]  Checking ship Sathar Fighter B (Side 2) at (-4.000000, -1.000000, 5.000000) with path [(3, -11, 8), (2, -10, 8), (1, -10, 9), (1, -11, 10), (0, -11, 11), (-1, -11, 12), (-2, -11, 13), (-3, -11, 14), (-4, -10, 14), (-4, -9, 13), (-4, -8, 12), (-4, -7, 11), (-4, -6, 10), (-4, -5, 9), (-4, -4, 8), (-4, -3, 7), (-4, -2, 6), (-4, -1, 5)][/color]
[Peer: 440931918] [Turn 5] Target Sathar Fighter B HIT by mine!
[Peer: 440931918] [Turn 5] [color=cyan]  Checking ship Sathar Fighter C (Side 2) at (0.000000, -22.000000, 22.000000) with path [(-8, -26, 34), (-9, -26, 35), (-9, -27, 36), (-10, -27, 37), (-11, -26, 37), (-12, -25, 37), (-12, -24, 36), (-12, -23, 35), (-12, -22, 34), (-11, -22, 33), (-10, -22, 32), (-9, -22, 31), (-8, -22, 30), (-7, -22, 29), (-6, -22, 28), (-5, -22, 27), (-4, -22, 26), (-3, -22, 25), (-2, -22, 24), (-1, -22, 23), (0, -22, 22)][/color]
[Peer: 440931918] [Turn 5] [color=cyan]  Checking ship Sathar Fighter D (Side 2) at (1.000000, 2.000000, -3.000000) with path [(7, -11, 4), (6, -10, 4), (5, -10, 5), (4, -10, 6), (3, -9, 6), (3, -8, 5), (3, -7, 4), (3, -6, 3), (3, -5, 2), (3, -4, 1), (3, -3, 0), (2, -2, 0), (1, -1, 0), (1, 0, -1), (1, 1, -2), (1, 2, -3)][/color]
[Peer: 440931918] [Turn 5] [color=cyan]  Checking ship Sathar Fighter F (Side 2) at (0.000000, -1.000000, 1.000000) with path [(5, -5, 0), (5, -6, 1), (4, -6, 2), (3, -6, 3), (2, -6, 4), (2, -7, 5), (1, -7, 6), (0, -6, 6), (0, -5, 5), (0, -4, 4), (0, -3, 3), (0, -2, 2), (0, -1, 1)][/color]
[Peer: 440931918] [Turn 5] Mines check complete. Hit ships size: 1
[Peer: 440931918] [Turn 5] MINE DETONATED at (-4.000000, -4.000000, 8.000000)!
Combat Roll: Distance 0, Chance 60%, Rolled 52
[Peer: 440931918] [Turn 5] Firing Ship: Spatial Mine, Weapon: Proximity Detonation, Odds: 60%, Roll: 52, Result: HIT
Damage Roll: 3d10+5 -> 28
[Peer: 440931918] [Turn 5] Ship destroyed: Sathar Fighter B
[Peer: 440931918] [Turn 5] F Sathar Fighter B took 28 damage from spatial mine at location -4, -4!
[Peer: 440931918] [Turn 5] [color=gray]AI Poll: Movement Phase active but no unmoved ships left.[/color]
[Peer: 440931918] [Turn 5] Firing Ship: Spatial Mine, Weapon: Proximity Detonation, Odds: 60%, Roll: 53, Result: HIT
[Peer: 440931918] [Turn 5] F Sathar Fighter B took 23 damage from spatial mine at location -4, -4!
[Peer: 440931918] [Turn 5] [color=cyan]  Checking ship Maelstrom (Side 2) at (27.000000, -26.000000, -1.000000) with path [(21, -24, 3), (22, -24, 2), (23, -24, 1), (24, -24, 0), (25, -24, -1), (26, -25, -1), (27, -26, -1)][/color]
[Peer: 440931918] [Turn 5] [color=cyan]  Checking ship Carrion (Side 2) at (19.000000, -27.000000, 8.000000) with path [(17, -24, 7), (17, -25, 8), (18, -26, 8), (19, -27, 8)][/color]
[Peer: 440931918] [Turn 5] [color=cyan]  Checking ship Deathstroke (Side 2) at (17.000000, -19.000000, 2.000000) with path [(4, -13, 9), (4, -12, 8), (5, -12, 7), (6, -12, 6), (7, -12, 5), (8, -12, 4), (9, -12, 3), (10, -12, 2), (11, -13, 2), (12, -14, 2), (13, -15, 2), (14, -16, 2), (15, -17, 2), (16, -18, 2), (17, -19, 2)][/color]
[Peer: 440931918] [Turn 5] [color=cyan]  Checking ship Viper (Side 2) at (-2.000000, 2.000000, 0.000000) with path [(2, -10, 8), (2, -9, 7), (2, -8, 6), (2, -7, 5), (2, -6, 4), (2, -5, 3), (2, -4, 2), (2, -3, 1), (2, -2, 0), (2, -1, -1), (2, 0, -2), (1, 1, -2), (0, 2, -2), (-1, 2, -1), (-2, 2, 0)][/color]
[Peer: 440931918] [Turn 5] [color=cyan]  Checking ship Sathar Fighter A (Side 2) at (-1.000000, -3.000000, 4.000000) with path [(4, -12, 8), (5, -12, 7), (6, -13, 7), (7, -14, 7), (8, -15, 7), (9, -16, 7), (9, -17, 8), (8, -17, 9), (7, -17, 10), (6, -16, 10), (5, -15, 10), (4, -14, 10), (3, -13, 10), (2, -12, 10), (1, -11, 10), (0, -10, 10), (-1, -9, 10), (-1, -8, 9), (-1, -7, 8), (-1, -6, 7), (-1, -5, 6), (-1, -4, 5), (-1, -3, 4)][/color]
[Peer: 440931918] [Turn 5] Target Sathar Fighter A HIT by mine!
[Peer: 440931918] [Turn 5] [color=cyan]  Checking ship Sathar Fighter C (Side 2) at (0.000000, -22.000000, 22.000000) with path [(-8, -26, 34), (-9, -26, 35), (-9, -27, 36), (-10, -27, 37), (-11, -26, 37), (-12, -25, 37), (-12, -24, 36), (-12, -23, 35), (-12, -22, 34), (-11, -22, 33), (-10, -22, 32), (-9, -22, 31), (-8, -22, 30), (-7, -22, 29), (-6, -22, 28), (-5, -22, 27), (-4, -22, 26), (-3, -22, 25), (-2, -22, 24), (-1, -22, 23), (0, -22, 22)][/color]
[Peer: 440931918] [Turn 5] [color=cyan]  Checking ship Sathar Fighter D (Side 2) at (1.000000, 2.000000, -3.000000) with path [(7, -11, 4), (6, -10, 4), (5, -10, 5), (4, -10, 6), (3, -9, 6), (3, -8, 5), (3, -7, 4), (3, -6, 3), (3, -5, 2), (3, -4, 1), (3, -3, 0), (2, -2, 0), (1, -1, 0), (1, 0, -1), (1, 1, -2), (1, 2, -3)][/color]
[Peer: 440931918] [Turn 5] [color=cyan]  Checking ship Sathar Fighter F (Side 2) at (0.000000, -1.000000, 1.000000) with path [(5, -5, 0), (5, -6, 1), (4, -6, 2), (3, -6, 3), (2, -6, 4), (2, -7, 5), (1, -7, 6), (0, -6, 6), (0, -5, 5), (0, -4, 4), (0, -3, 3), (0, -2, 2), (0, -1, 1)][/color]
[Peer: 440931918] [Turn 5] Mines check complete. Hit ships size: 1
[Peer: 440931918] [Turn 5] MINE DETONATED at (-1.000000, -6.000000, 7.000000)!
Combat Roll: Distance 0, Chance 60%, Rolled 5
[Peer: 440931918] [Turn 5] Firing Ship: Spatial Mine, Weapon: Proximity Detonation, Odds: 60%, Roll: 5, Result: HIT
Damage Roll: 3d10+5 -> 25
[Peer: 440931918] [Turn 5] Ship destroyed: Sathar Fighter A
[Peer: 440931918] [Turn 5] F Sathar Fighter A took 25 damage from spatial mine at location -1, -6!
[Peer: 440931918] [Turn 5] Firing Ship: Spatial Mine, Weapon: Proximity Detonation, Odds: 60%, Roll: 47, Result: HIT
[Peer: 440931918] [Turn 5] F Sathar Fighter A took 27 damage from spatial mine at location -1, -6!
[Peer: 440931918] [Turn 5] [color=cyan]  Checking ship Maelstrom (Side 2) at (27.000000, -26.000000, -1.000000) with path [(21, -24, 3), (22, -24, 2), (23, -24, 1), (24, -24, 0), (25, -24, -1), (26, -25, -1), (27, -26, -1)][/color]
[Peer: 440931918] [Turn 5] [color=cyan]  Checking ship Carrion (Side 2) at (19.000000, -27.000000, 8.000000) with path [(17, -24, 7), (17, -25, 8), (18, -26, 8), (19, -27, 8)][/color]
[Peer: 440931918] [Turn 5] [color=cyan]  Checking ship Deathstroke (Side 2) at (17.000000, -19.000000, 2.000000) with path [(4, -13, 9), (4, -12, 8), (5, -12, 7), (6, -12, 6), (7, -12, 5), (8, -12, 4), (9, -12, 3), (10, -12, 2), (11, -13, 2), (12, -14, 2), (13, -15, 2), (14, -16, 2), (15, -17, 2), (16, -18, 2), (17, -19, 2)][/color]
[Peer: 440931918] [Turn 5] [color=cyan]  Checking ship Viper (Side 2) at (-2.000000, 2.000000, 0.000000) with path [(2, -10, 8), (2, -9, 7), (2, -8, 6), (2, -7, 5), (2, -6, 4), (2, -5, 3), (2, -4, 2), (2, -3, 1), (2, -2, 0), (2, -1, -1), (2, 0, -2), (1, 1, -2), (0, 2, -2), (-1, 2, -1), (-2, 2, 0)][/color]
[Peer: 440931918] [Turn 5] [color=cyan]  Checking ship Sathar Fighter C (Side 2) at (0.000000, -22.000000, 22.000000) with path [(-8, -26, 34), (-9, -26, 35), (-9, -27, 36), (-10, -27, 37), (-11, -26, 37), (-12, -25, 37), (-12, -24, 36), (-12, -23, 35), (-12, -22, 34), (-11, -22, 33), (-10, -22, 32), (-9, -22, 31), (-8, -22, 30), (-7, -22, 29), (-6, -22, 28), (-5, -22, 27), (-4, -22, 26), (-3, -22, 25), (-2, -22, 24), (-1, -22, 23), (0, -22, 22)][/color]
[Peer: 440931918] [Turn 5] [color=cyan]  Checking ship Sathar Fighter D (Side 2) at (1.000000, 2.000000, -3.000000) with path [(7, -11, 4), (6, -10, 4), (5, -10, 5), (4, -10, 6), (3, -9, 6), (3, -8, 5), (3, -7, 4), (3, -6, 3), (3, -5, 2), (3, -4, 1), (3, -3, 0), (2, -2, 0), (1, -1, 0), (1, 0, -1), (1, 1, -2), (1, 2, -3)][/color]
[Peer: 440931918] [Turn 5] [color=cyan]  Checking ship Sathar Fighter F (Side 2) at (0.000000, -1.000000, 1.000000) with path [(5, -5, 0), (5, -6, 1), (4, -6, 2), (3, -6, 3), (2, -6, 4), (2, -7, 5), (1, -7, 6), (0, -6, 6), (0, -5, 5), (0, -4, 4), (0, -3, 3), (0, -2, 2), (0, -1, 1)][/color]
[Peer: 440931918] [Turn 5] Mines check complete. Hit ships size: 0
[Peer: 440931918] [Turn 5] [color=cyan]  Checking ship Maelstrom (Side 2) at (27.000000, -26.000000, -1.000000) with path [(21, -24, 3), (22, -24, 2), (23, -24, 1), (24, -24, 0), (25, -24, -1), (26, -25, -1), (27, -26, -1)][/color]
[Peer: 440931918] [Turn 5] [color=cyan]  Checking ship Carrion (Side 2) at (19.000000, -27.000000, 8.000000) with path [(17, -24, 7), (17, -25, 8), (18, -26, 8), (19, -27, 8)][/color]
[Peer: 440931918] [Turn 5] [color=cyan]  Checking ship Deathstroke (Side 2) at (17.000000, -19.000000, 2.000000) with path [(4, -13, 9), (4, -12, 8), (5, -12, 7), (6, -12, 6), (7, -12, 5), (8, -12, 4), (9, -12, 3), (10, -12, 2), (11, -13, 2), (12, -14, 2), (13, -15, 2), (14, -16, 2), (15, -17, 2), (16, -18, 2), (17, -19, 2)][/color]
[Peer: 440931918] [Turn 5] [color=cyan]  Checking ship Viper (Side 2) at (-2.000000, 2.000000, 0.000000) with path [(2, -10, 8), (2, -9, 7), (2, -8, 6), (2, -7, 5), (2, -6, 4), (2, -5, 3), (2, -4, 2), (2, -3, 1), (2, -2, 0), (2, -1, -1), (2, 0, -2), (1, 1, -2), (0, 2, -2), (-1, 2, -1), (-2, 2, 0)][/color]
[Peer: 440931918] [Turn 5] [color=cyan]  Checking ship Sathar Fighter C (Side 2) at (0.000000, -22.000000, 22.000000) with path [(-8, -26, 34), (-9, -26, 35), (-9, -27, 36), (-10, -27, 37), (-11, -26, 37), (-12, -25, 37), (-12, -24, 36), (-12, -23, 35), (-12, -22, 34), (-11, -22, 33), (-10, -22, 32), (-9, -22, 31), (-8, -22, 30), (-7, -22, 29), (-6, -22, 28), (-5, -22, 27), (-4, -22, 26), (-3, -22, 25), (-2, -22, 24), (-1, -22, 23), (0, -22, 22)][/color]
[Peer: 440931918] [Turn 5] [color=cyan]  Checking ship Sathar Fighter D (Side 2) at (1.000000, 2.000000, -3.000000) with path [(7, -11, 4), (6, -10, 4), (5, -10, 5), (4, -10, 6), (3, -9, 6), (3, -8, 5), (3, -7, 4), (3, -6, 3), (3, -5, 2), (3, -4, 1), (3, -3, 0), (2, -2, 0), (1, -1, 0), (1, 0, -1), (1, 1, -2), (1, 2, -3)][/color]
[Peer: 440931918] [Turn 5] [color=cyan]  Checking ship Sathar Fighter F (Side 2) at (0.000000, -1.000000, 1.000000) with path [(5, -5, 0), (5, -6, 1), (4, -6, 2), (3, -6, 3), (2, -6, 4), (2, -7, 5), (1, -7, 6), (0, -6, 6), (0, -5, 5), (0, -4, 4), (0, -3, 3), (0, -2, 2), (0, -1, 1)][/color]
[Peer: 440931918] [Turn 5] Mines check complete. Hit ships size: 0
[Peer: 440931918] [Turn 5] [color=cyan]  Checking ship Maelstrom (Side 2) at (27.000000, -26.000000, -1.000000) with path [(21, -24, 3), (22, -24, 2), (23, -24, 1), (24, -24, 0), (25, -24, -1), (26, -25, -1), (27, -26, -1)][/color]
[Peer: 440931918] [Turn 5] [color=cyan]  Checking ship Carrion (Side 2) at (19.000000, -27.000000, 8.000000) with path [(17, -24, 7), (17, -25, 8), (18, -26, 8), (19, -27, 8)][/color]
[Peer: 440931918] [Turn 5] [color=cyan]  Checking ship Deathstroke (Side 2) at (17.000000, -19.000000, 2.000000) with path [(4, -13, 9), (4, -12, 8), (5, -12, 7), (6, -12, 6), (7, -12, 5), (8, -12, 4), (9, -12, 3), (10, -12, 2), (11, -13, 2), (12, -14, 2), (13, -15, 2), (14, -16, 2), (15, -17, 2), (16, -18, 2), (17, -19, 2)][/color]
[Peer: 440931918] [Turn 5] [color=cyan]  Checking ship Viper (Side 2) at (-2.000000, 2.000000, 0.000000) with path [(2, -10, 8), (2, -9, 7), (2, -8, 6), (2, -7, 5), (2, -6, 4), (2, -5, 3), (2, -4, 2), (2, -3, 1), (2, -2, 0), (2, -1, -1), (2, 0, -2), (1, 1, -2), (0, 2, -2), (-1, 2, -1), (-2, 2, 0)][/color]
[Peer: 440931918] [Turn 5] [color=cyan]  Checking ship Sathar Fighter C (Side 2) at (0.000000, -22.000000, 22.000000) with path [(-8, -26, 34), (-9, -26, 35), (-9, -27, 36), (-10, -27, 37), (-11, -26, 37), (-12, -25, 37), (-12, -24, 36), (-12, -23, 35), (-12, -22, 34), (-11, -22, 33), (-10, -22, 32), (-9, -22, 31), (-8, -22, 30), (-7, -22, 29), (-6, -22, 28), (-5, -22, 27), (-4, -22, 26), (-3, -22, 25), (-2, -22, 24), (-1, -22, 23), (0, -22, 22)][/color]
[Peer: 440931918] [Turn 5] [color=cyan]  Checking ship Sathar Fighter D (Side 2) at (1.000000, 2.000000, -3.000000) with path [(7, -11, 4), (6, -10, 4), (5, -10, 5), (4, -10, 6), (3, -9, 6), (3, -8, 5), (3, -7, 4), (3, -6, 3), (3, -5, 2), (3, -4, 1), (3, -3, 0), (2, -2, 0), (1, -1, 0), (1, 0, -1), (1, 1, -2), (1, 2, -3)][/color]
[Peer: 440931918] [Turn 5] [color=cyan]  Checking ship Sathar Fighter F (Side 2) at (0.000000, -1.000000, 1.000000) with path [(5, -5, 0), (5, -6, 1), (4, -6, 2), (3, -6, 3), (2, -6, 4), (2, -7, 5), (1, -7, 6), (0, -6, 6), (0, -5, 5), (0, -4, 4), (0, -3, 3), (0, -2, 2), (0, -1, 1)][/color]
[Peer: 440931918] [Turn 5] Mines check complete. Hit ships size: 0
[Peer: 440931918] [Turn 5] [color=cyan]  Checking ship Maelstrom (Side 2) at (27.000000, -26.000000, -1.000000) with path [(21, -24, 3), (22, -24, 2), (23, -24, 1), (24, -24, 0), (25, -24, -1), (26, -25, -1), (27, -26, -1)][/color]
[Peer: 440931918] [Turn 5] [color=cyan]  Checking ship Carrion (Side 2) at (19.000000, -27.000000, 8.000000) with path [(17, -24, 7), (17, -25, 8), (18, -26, 8), (19, -27, 8)][/color]
[Peer: 440931918] [Turn 5] [color=cyan]  Checking ship Deathstroke (Side 2) at (17.000000, -19.000000, 2.000000) with path [(4, -13, 9), (4, -12, 8), (5, -12, 7), (6, -12, 6), (7, -12, 5), (8, -12, 4), (9, -12, 3), (10, -12, 2), (11, -13, 2), (12, -14, 2), (13, -15, 2), (14, -16, 2), (15, -17, 2), (16, -18, 2), (17, -19, 2)][/color]
[Peer: 440931918] [Turn 5] [color=cyan]  Checking ship Viper (Side 2) at (-2.000000, 2.000000, 0.000000) with path [(2, -10, 8), (2, -9, 7), (2, -8, 6), (2, -7, 5), (2, -6, 4), (2, -5, 3), (2, -4, 2), (2, -3, 1), (2, -2, 0), (2, -1, -1), (2, 0, -2), (1, 1, -2), (0, 2, -2), (-1, 2, -1), (-2, 2, 0)][/color]
[Peer: 440931918] [Turn 5] [color=cyan]  Checking ship Sathar Fighter C (Side 2) at (0.000000, -22.000000, 22.000000) with path [(-8, -26, 34), (-9, -26, 35), (-9, -27, 36), (-10, -27, 37), (-11, -26, 37), (-12, -25, 37), (-12, -24, 36), (-12, -23, 35), (-12, -22, 34), (-11, -22, 33), (-10, -22, 32), (-9, -22, 31), (-8, -22, 30), (-7, -22, 29), (-6, -22, 28), (-5, -22, 27), (-4, -22, 26), (-3, -22, 25), (-2, -22, 24), (-1, -22, 23), (0, -22, 22)][/color]
[Peer: 440931918] [Turn 5] [color=cyan]  Checking ship Sathar Fighter D (Side 2) at (1.000000, 2.000000, -3.000000) with path [(7, -11, 4), (6, -10, 4), (5, -10, 5), (4, -10, 6), (3, -9, 6), (3, -8, 5), (3, -7, 4), (3, -6, 3), (3, -5, 2), (3, -4, 1), (3, -3, 0), (2, -2, 0), (1, -1, 0), (1, 0, -1), (1, 1, -2), (1, 2, -3)][/color]
[Peer: 440931918] [Turn 5] [color=cyan]  Checking ship Sathar Fighter F (Side 2) at (0.000000, -1.000000, 1.000000) with path [(5, -5, 0), (5, -6, 1), (4, -6, 2), (3, -6, 3), (2, -6, 4), (2, -7, 5), (1, -7, 6), (0, -6, 6), (0, -5, 5), (0, -4, 4), (0, -3, 3), (0, -2, 2), (0, -1, 1)][/color]
[Peer: 440931918] [Turn 5] Mines check complete. Hit ships size: 0
[Peer: 440931918] [Turn 5] [color=cyan]  Checking ship Maelstrom (Side 2) at (27.000000, -26.000000, -1.000000) with path [(21, -24, 3), (22, -24, 2), (23, -24, 1), (24, -24, 0), (25, -24, -1), (26, -25, -1), (27, -26, -1)][/color]
[Peer: 440931918] [Turn 5] [color=cyan]  Checking ship Carrion (Side 2) at (19.000000, -27.000000, 8.000000) with path [(17, -24, 7), (17, -25, 8), (18, -26, 8), (19, -27, 8)][/color]
[Peer: 440931918] [Turn 5] [color=cyan]  Checking ship Deathstroke (Side 2) at (17.000000, -19.000000, 2.000000) with path [(4, -13, 9), (4, -12, 8), (5, -12, 7), (6, -12, 6), (7, -12, 5), (8, -12, 4), (9, -12, 3), (10, -12, 2), (11, -13, 2), (12, -14, 2), (13, -15, 2), (14, -16, 2), (15, -17, 2), (16, -18, 2), (17, -19, 2)][/color]
[Peer: 440931918] [Turn 5] [color=cyan]  Checking ship Viper (Side 2) at (-2.000000, 2.000000, 0.000000) with path [(2, -10, 8), (2, -9, 7), (2, -8, 6), (2, -7, 5), (2, -6, 4), (2, -5, 3), (2, -4, 2), (2, -3, 1), (2, -2, 0), (2, -1, -1), (2, 0, -2), (1, 1, -2), (0, 2, -2), (-1, 2, -1), (-2, 2, 0)][/color]
[Peer: 440931918] [Turn 5] [color=cyan]  Checking ship Sathar Fighter C (Side 2) at (0.000000, -22.000000, 22.000000) with path [(-8, -26, 34), (-9, -26, 35), (-9, -27, 36), (-10, -27, 37), (-11, -26, 37), (-12, -25, 37), (-12, -24, 36), (-12, -23, 35), (-12, -22, 34), (-11, -22, 33), (-10, -22, 32), (-9, -22, 31), (-8, -22, 30), (-7, -22, 29), (-6, -22, 28), (-5, -22, 27), (-4, -22, 26), (-3, -22, 25), (-2, -22, 24), (-1, -22, 23), (0, -22, 22)][/color]
[Peer: 440931918] [Turn 5] [color=cyan]  Checking ship Sathar Fighter D (Side 2) at (1.000000, 2.000000, -3.000000) with path [(7, -11, 4), (6, -10, 4), (5, -10, 5), (4, -10, 6), (3, -9, 6), (3, -8, 5), (3, -7, 4), (3, -6, 3), (3, -5, 2), (3, -4, 1), (3, -3, 0), (2, -2, 0), (1, -1, 0), (1, 0, -1), (1, 1, -2), (1, 2, -3)][/color]
[Peer: 440931918] [Turn 5] [color=cyan]  Checking ship Sathar Fighter F (Side 2) at (0.000000, -1.000000, 1.000000) with path [(5, -5, 0), (5, -6, 1), (4, -6, 2), (3, -6, 3), (2, -6, 4), (2, -7, 5), (1, -7, 6), (0, -6, 6), (0, -5, 5), (0, -4, 4), (0, -3, 3), (0, -2, 2), (0, -1, 1)][/color]
[Peer: 440931918] [Turn 5] Mines check complete. Hit ships size: 0
[Peer: 440931918] [Turn 5] [color=cyan]  Checking ship Maelstrom (Side 2) at (27.000000, -26.000000, -1.000000) with path [(21, -24, 3), (22, -24, 2), (23, -24, 1), (24, -24, 0), (25, -24, -1), (26, -25, -1), (27, -26, -1)][/color]
[Peer: 440931918] [Turn 5] [color=cyan]  Checking ship Carrion (Side 2) at (19.000000, -27.000000, 8.000000) with path [(17, -24, 7), (17, -25, 8), (18, -26, 8), (19, -27, 8)][/color]
[Peer: 440931918] [Turn 5] [color=cyan]  Checking ship Deathstroke (Side 2) at (17.000000, -19.000000, 2.000000) with path [(4, -13, 9), (4, -12, 8), (5, -12, 7), (6, -12, 6), (7, -12, 5), (8, -12, 4), (9, -12, 3), (10, -12, 2), (11, -13, 2), (12, -14, 2), (13, -15, 2), (14, -16, 2), (15, -17, 2), (16, -18, 2), (17, -19, 2)][/color]
[Peer: 440931918] [Turn 5] [color=cyan]  Checking ship Viper (Side 2) at (-2.000000, 2.000000, 0.000000) with path [(2, -10, 8), (2, -9, 7), (2, -8, 6), (2, -7, 5), (2, -6, 4), (2, -5, 3), (2, -4, 2), (2, -3, 1), (2, -2, 0), (2, -1, -1), (2, 0, -2), (1, 1, -2), (0, 2, -2), (-1, 2, -1), (-2, 2, 0)][/color]
[Peer: 440931918] [Turn 5] [color=cyan]  Checking ship Sathar Fighter C (Side 2) at (0.000000, -22.000000, 22.000000) with path [(-8, -26, 34), (-9, -26, 35), (-9, -27, 36), (-10, -27, 37), (-11, -26, 37), (-12, -25, 37), (-12, -24, 36), (-12, -23, 35), (-12, -22, 34), (-11, -22, 33), (-10, -22, 32), (-9, -22, 31), (-8, -22, 30), (-7, -22, 29), (-6, -22, 28), (-5, -22, 27), (-4, -22, 26), (-3, -22, 25), (-2, -22, 24), (-1, -22, 23), (0, -22, 22)][/color]
[Peer: 440931918] [Turn 5] [color=cyan]  Checking ship Sathar Fighter D (Side 2) at (1.000000, 2.000000, -3.000000) with path [(7, -11, 4), (6, -10, 4), (5, -10, 5), (4, -10, 6), (3, -9, 6), (3, -8, 5), (3, -7, 4), (3, -6, 3), (3, -5, 2), (3, -4, 1), (3, -3, 0), (2, -2, 0), (1, -1, 0), (1, 0, -1), (1, 1, -2), (1, 2, -3)][/color]
[Peer: 440931918] [Turn 5] [color=cyan]  Checking ship Sathar Fighter F (Side 2) at (0.000000, -1.000000, 1.000000) with path [(5, -5, 0), (5, -6, 1), (4, -6, 2), (3, -6, 3), (2, -6, 4), (2, -7, 5), (1, -7, 6), (0, -6, 6), (0, -5, 5), (0, -4, 4), (0, -3, 3), (0, -2, 2), (0, -1, 1)][/color]
[Peer: 440931918] [Turn 5] Mines check complete. Hit ships size: 0
[Peer: 440931918] [Turn 5] [color=cyan]  Checking ship Maelstrom (Side 2) at (27.000000, -26.000000, -1.000000) with path [(21, -24, 3), (22, -24, 2), (23, -24, 1), (24, -24, 0), (25, -24, -1), (26, -25, -1), (27, -26, -1)][/color]
[Peer: 440931918] [Turn 5] [color=cyan]  Checking ship Carrion (Side 2) at (19.000000, -27.000000, 8.000000) with path [(17, -24, 7), (17, -25, 8), (18, -26, 8), (19, -27, 8)][/color]
[Peer: 440931918] [Turn 5] [color=cyan]  Checking ship Deathstroke (Side 2) at (17.000000, -19.000000, 2.000000) with path [(4, -13, 9), (4, -12, 8), (5, -12, 7), (6, -12, 6), (7, -12, 5), (8, -12, 4), (9, -12, 3), (10, -12, 2), (11, -13, 2), (12, -14, 2), (13, -15, 2), (14, -16, 2), (15, -17, 2), (16, -18, 2), (17, -19, 2)][/color]
[Peer: 440931918] [Turn 5] [color=cyan]  Checking ship Viper (Side 2) at (-2.000000, 2.000000, 0.000000) with path [(2, -10, 8), (2, -9, 7), (2, -8, 6), (2, -7, 5), (2, -6, 4), (2, -5, 3), (2, -4, 2), (2, -3, 1), (2, -2, 0), (2, -1, -1), (2, 0, -2), (1, 1, -2), (0, 2, -2), (-1, 2, -1), (-2, 2, 0)][/color]
[Peer: 440931918] [Turn 5] [color=cyan]  Checking ship Sathar Fighter C (Side 2) at (0.000000, -22.000000, 22.000000) with path [(-8, -26, 34), (-9, -26, 35), (-9, -27, 36), (-10, -27, 37), (-11, -26, 37), (-12, -25, 37), (-12, -24, 36), (-12, -23, 35), (-12, -22, 34), (-11, -22, 33), (-10, -22, 32), (-9, -22, 31), (-8, -22, 30), (-7, -22, 29), (-6, -22, 28), (-5, -22, 27), (-4, -22, 26), (-3, -22, 25), (-2, -22, 24), (-1, -22, 23), (0, -22, 22)][/color]
[Peer: 440931918] [Turn 5] [color=cyan]  Checking ship Sathar Fighter D (Side 2) at (1.000000, 2.000000, -3.000000) with path [(7, -11, 4), (6, -10, 4), (5, -10, 5), (4, -10, 6), (3, -9, 6), (3, -8, 5), (3, -7, 4), (3, -6, 3), (3, -5, 2), (3, -4, 1), (3, -3, 0), (2, -2, 0), (1, -1, 0), (1, 0, -1), (1, 1, -2), (1, 2, -3)][/color]
[Peer: 440931918] [Turn 5] [color=cyan]  Checking ship Sathar Fighter F (Side 2) at (0.000000, -1.000000, 1.000000) with path [(5, -5, 0), (5, -6, 1), (4, -6, 2), (3, -6, 3), (2, -6, 4), (2, -7, 5), (1, -7, 6), (0, -6, 6), (0, -5, 5), (0, -4, 4), (0, -3, 3), (0, -2, 2), (0, -1, 1)][/color]
[Peer: 440931918] [Turn 5] Mines check complete. Hit ships size: 0
[Peer: 440931918] [Turn 5] [color=cyan]  Checking ship Maelstrom (Side 2) at (27.000000, -26.000000, -1.000000) with path [(21, -24, 3), (22, -24, 2), (23, -24, 1), (24, -24, 0), (25, -24, -1), (26, -25, -1), (27, -26, -1)][/color]
[Peer: 440931918] [Turn 5] [color=cyan]  Checking ship Carrion (Side 2) at (19.000000, -27.000000, 8.000000) with path [(17, -24, 7), (17, -25, 8), (18, -26, 8), (19, -27, 8)][/color]
[Peer: 440931918] [Turn 5] [color=cyan]  Checking ship Deathstroke (Side 2) at (17.000000, -19.000000, 2.000000) with path [(4, -13, 9), (4, -12, 8), (5, -12, 7), (6, -12, 6), (7, -12, 5), (8, -12, 4), (9, -12, 3), (10, -12, 2), (11, -13, 2), (12, -14, 2), (13, -15, 2), (14, -16, 2), (15, -17, 2), (16, -18, 2), (17, -19, 2)][/color]
[Peer: 440931918] [Turn 5] [color=cyan]  Checking ship Viper (Side 2) at (-2.000000, 2.000000, 0.000000) with path [(2, -10, 8), (2, -9, 7), (2, -8, 6), (2, -7, 5), (2, -6, 4), (2, -5, 3), (2, -4, 2), (2, -3, 1), (2, -2, 0), (2, -1, -1), (2, 0, -2), (1, 1, -2), (0, 2, -2), (-1, 2, -1), (-2, 2, 0)][/color]
[Peer: 440931918] [Turn 5] [color=cyan]  Checking ship Sathar Fighter C (Side 2) at (0.000000, -22.000000, 22.000000) with path [(-8, -26, 34), (-9, -26, 35), (-9, -27, 36), (-10, -27, 37), (-11, -26, 37), (-12, -25, 37), (-12, -24, 36), (-12, -23, 35), (-12, -22, 34), (-11, -22, 33), (-10, -22, 32), (-9, -22, 31), (-8, -22, 30), (-7, -22, 29), (-6, -22, 28), (-5, -22, 27), (-4, -22, 26), (-3, -22, 25), (-2, -22, 24), (-1, -22, 23), (0, -22, 22)][/color]
[Peer: 440931918] [Turn 5] [color=cyan]  Checking ship Sathar Fighter D (Side 2) at (1.000000, 2.000000, -3.000000) with path [(7, -11, 4), (6, -10, 4), (5, -10, 5), (4, -10, 6), (3, -9, 6), (3, -8, 5), (3, -7, 4), (3, -6, 3), (3, -5, 2), (3, -4, 1), (3, -3, 0), (2, -2, 0), (1, -1, 0), (1, 0, -1), (1, 1, -2), (1, 2, -3)][/color]
[Peer: 440931918] [Turn 5] [color=cyan]  Checking ship Sathar Fighter F (Side 2) at (0.000000, -1.000000, 1.000000) with path [(5, -5, 0), (5, -6, 1), (4, -6, 2), (3, -6, 3), (2, -6, 4), (2, -7, 5), (1, -7, 6), (0, -6, 6), (0, -5, 5), (0, -4, 4), (0, -3, 3), (0, -2, 2), (0, -1, 1)][/color]
[Peer: 440931918] [Turn 5] Mines check complete. Hit ships size: 0
[Peer: 440931918] [Turn 5] [color=cyan]  Checking ship Maelstrom (Side 2) at (27.000000, -26.000000, -1.000000) with path [(21, -24, 3), (22, -24, 2), (23, -24, 1), (24, -24, 0), (25, -24, -1), (26, -25, -1), (27, -26, -1)][/color]
[Peer: 440931918] [Turn 5] [color=cyan]  Checking ship Carrion (Side 2) at (19.000000, -27.000000, 8.000000) with path [(17, -24, 7), (17, -25, 8), (18, -26, 8), (19, -27, 8)][/color]
[Peer: 440931918] [Turn 5] [color=cyan]  Checking ship Deathstroke (Side 2) at (17.000000, -19.000000, 2.000000) with path [(4, -13, 9), (4, -12, 8), (5, -12, 7), (6, -12, 6), (7, -12, 5), (8, -12, 4), (9, -12, 3), (10, -12, 2), (11, -13, 2), (12, -14, 2), (13, -15, 2), (14, -16, 2), (15, -17, 2), (16, -18, 2), (17, -19, 2)][/color]
[Peer: 440931918] [Turn 5] [color=cyan]  Checking ship Viper (Side 2) at (-2.000000, 2.000000, 0.000000) with path [(2, -10, 8), (2, -9, 7), (2, -8, 6), (2, -7, 5), (2, -6, 4), (2, -5, 3), (2, -4, 2), (2, -3, 1), (2, -2, 0), (2, -1, -1), (2, 0, -2), (1, 1, -2), (0, 2, -2), (-1, 2, -1), (-2, 2, 0)][/color]
[Peer: 440931918] [Turn 5] [color=cyan]  Checking ship Sathar Fighter C (Side 2) at (0.000000, -22.000000, 22.000000) with path [(-8, -26, 34), (-9, -26, 35), (-9, -27, 36), (-10, -27, 37), (-11, -26, 37), (-12, -25, 37), (-12, -24, 36), (-12, -23, 35), (-12, -22, 34), (-11, -22, 33), (-10, -22, 32), (-9, -22, 31), (-8, -22, 30), (-7, -22, 29), (-6, -22, 28), (-5, -22, 27), (-4, -22, 26), (-3, -22, 25), (-2, -22, 24), (-1, -22, 23), (0, -22, 22)][/color]
[Peer: 440931918] [Turn 5] [color=cyan]  Checking ship Sathar Fighter D (Side 2) at (1.000000, 2.000000, -3.000000) with path [(7, -11, 4), (6, -10, 4), (5, -10, 5), (4, -10, 6), (3, -9, 6), (3, -8, 5), (3, -7, 4), (3, -6, 3), (3, -5, 2), (3, -4, 1), (3, -3, 0), (2, -2, 0), (1, -1, 0), (1, 0, -1), (1, 1, -2), (1, 2, -3)][/color]
[Peer: 440931918] [Turn 5] [color=cyan]  Checking ship Sathar Fighter F (Side 2) at (0.000000, -1.000000, 1.000000) with path [(5, -5, 0), (5, -6, 1), (4, -6, 2), (3, -6, 3), (2, -6, 4), (2, -7, 5), (1, -7, 6), (0, -6, 6), (0, -5, 5), (0, -4, 4), (0, -3, 3), (0, -2, 2), (0, -1, 1)][/color]
[Peer: 440931918] [Turn 5] Mines check complete. Hit ships size: 0
[Peer: 440931918] [Turn 5] [color=cyan]  Checking ship Maelstrom (Side 2) at (27.000000, -26.000000, -1.000000) with path [(21, -24, 3), (22, -24, 2), (23, -24, 1), (24, -24, 0), (25, -24, -1), (26, -25, -1), (27, -26, -1)][/color]
[Peer: 440931918] [Turn 5] [color=cyan]  Checking ship Carrion (Side 2) at (19.000000, -27.000000, 8.000000) with path [(17, -24, 7), (17, -25, 8), (18, -26, 8), (19, -27, 8)][/color]
[Peer: 440931918] [Turn 5] [color=cyan]  Checking ship Deathstroke (Side 2) at (17.000000, -19.000000, 2.000000) with path [(4, -13, 9), (4, -12, 8), (5, -12, 7), (6, -12, 6), (7, -12, 5), (8, -12, 4), (9, -12, 3), (10, -12, 2), (11, -13, 2), (12, -14, 2), (13, -15, 2), (14, -16, 2), (15, -17, 2), (16, -18, 2), (17, -19, 2)][/color]
[Peer: 440931918] [Turn 5] [color=cyan]  Checking ship Viper (Side 2) at (-2.000000, 2.000000, 0.000000) with path [(2, -10, 8), (2, -9, 7), (2, -8, 6), (2, -7, 5), (2, -6, 4), (2, -5, 3), (2, -4, 2), (2, -3, 1), (2, -2, 0), (2, -1, -1), (2, 0, -2), (1, 1, -2), (0, 2, -2), (-1, 2, -1), (-2, 2, 0)][/color]
[Peer: 440931918] [Turn 5] [color=cyan]  Checking ship Sathar Fighter C (Side 2) at (0.000000, -22.000000, 22.000000) with path [(-8, -26, 34), (-9, -26, 35), (-9, -27, 36), (-10, -27, 37), (-11, -26, 37), (-12, -25, 37), (-12, -24, 36), (-12, -23, 35), (-12, -22, 34), (-11, -22, 33), (-10, -22, 32), (-9, -22, 31), (-8, -22, 30), (-7, -22, 29), (-6, -22, 28), (-5, -22, 27), (-4, -22, 26), (-3, -22, 25), (-2, -22, 24), (-1, -22, 23), (0, -22, 22)][/color]
[Peer: 440931918] [Turn 5] [color=cyan]  Checking ship Sathar Fighter D (Side 2) at (1.000000, 2.000000, -3.000000) with path [(7, -11, 4), (6, -10, 4), (5, -10, 5), (4, -10, 6), (3, -9, 6), (3, -8, 5), (3, -7, 4), (3, -6, 3), (3, -5, 2), (3, -4, 1), (3, -3, 0), (2, -2, 0), (1, -1, 0), (1, 0, -1), (1, 1, -2), (1, 2, -3)][/color]
[Peer: 440931918] [Turn 5] [color=cyan]  Checking ship Sathar Fighter F (Side 2) at (0.000000, -1.000000, 1.000000) with path [(5, -5, 0), (5, -6, 1), (4, -6, 2), (3, -6, 3), (2, -6, 4), (2, -7, 5), (1, -7, 6), (0, -6, 6), (0, -5, 5), (0, -4, 4), (0, -3, 3), (0, -2, 2), (0, -1, 1)][/color]
[Peer: 440931918] [Turn 5] Mines check complete. Hit ships size: 0
[Peer: 440931918] [Turn 5] [color=cyan]  Checking ship Maelstrom (Side 2) at (27.000000, -26.000000, -1.000000) with path [(21, -24, 3), (22, -24, 2), (23, -24, 1), (24, -24, 0), (25, -24, -1), (26, -25, -1), (27, -26, -1)][/color]
[Peer: 440931918] [Turn 5] [color=cyan]  Checking ship Carrion (Side 2) at (19.000000, -27.000000, 8.000000) with path [(17, -24, 7), (17, -25, 8), (18, -26, 8), (19, -27, 8)][/color]
[Peer: 440931918] [Turn 5] [color=cyan]  Checking ship Deathstroke (Side 2) at (17.000000, -19.000000, 2.000000) with path [(4, -13, 9), (4, -12, 8), (5, -12, 7), (6, -12, 6), (7, -12, 5), (8, -12, 4), (9, -12, 3), (10, -12, 2), (11, -13, 2), (12, -14, 2), (13, -15, 2), (14, -16, 2), (15, -17, 2), (16, -18, 2), (17, -19, 2)][/color]
[Peer: 440931918] [Turn 5] [color=cyan]  Checking ship Viper (Side 2) at (-2.000000, 2.000000, 0.000000) with path [(2, -10, 8), (2, -9, 7), (2, -8, 6), (2, -7, 5), (2, -6, 4), (2, -5, 3), (2, -4, 2), (2, -3, 1), (2, -2, 0), (2, -1, -1), (2, 0, -2), (1, 1, -2), (0, 2, -2), (-1, 2, -1), (-2, 2, 0)][/color]
[Peer: 440931918] [Turn 5] [color=cyan]  Checking ship Sathar Fighter C (Side 2) at (0.000000, -22.000000, 22.000000) with path [(-8, -26, 34), (-9, -26, 35), (-9, -27, 36), (-10, -27, 37), (-11, -26, 37), (-12, -25, 37), (-12, -24, 36), (-12, -23, 35), (-12, -22, 34), (-11, -22, 33), (-10, -22, 32), (-9, -22, 31), (-8, -22, 30), (-7, -22, 29), (-6, -22, 28), (-5, -22, 27), (-4, -22, 26), (-3, -22, 25), (-2, -22, 24), (-1, -22, 23), (0, -22, 22)][/color]
[Peer: 440931918] [Turn 5] [color=cyan]  Checking ship Sathar Fighter D (Side 2) at (1.000000, 2.000000, -3.000000) with path [(7, -11, 4), (6, -10, 4), (5, -10, 5), (4, -10, 6), (3, -9, 6), (3, -8, 5), (3, -7, 4), (3, -6, 3), (3, -5, 2), (3, -4, 1), (3, -3, 0), (2, -2, 0), (1, -1, 0), (1, 0, -1), (1, 1, -2), (1, 2, -3)][/color]
[Peer: 440931918] [Turn 5] [color=cyan]  Checking ship Sathar Fighter F (Side 2) at (0.000000, -1.000000, 1.000000) with path [(5, -5, 0), (5, -6, 1), (4, -6, 2), (3, -6, 3), (2, -6, 4), (2, -7, 5), (1, -7, 6), (0, -6, 6), (0, -5, 5), (0, -4, 4), (0, -3, 3), (0, -2, 2), (0, -1, 1)][/color]
[Peer: 440931918] [Turn 5] Mines check complete. Hit ships size: 0
[Peer: 440931918] [Turn 5] [color=cyan]  Checking ship Maelstrom (Side 2) at (27.000000, -26.000000, -1.000000) with path [(21, -24, 3), (22, -24, 2), (23, -24, 1), (24, -24, 0), (25, -24, -1), (26, -25, -1), (27, -26, -1)][/color]
[Peer: 440931918] [Turn 5] [color=cyan]  Checking ship Carrion (Side 2) at (19.000000, -27.000000, 8.000000) with path [(17, -24, 7), (17, -25, 8), (18, -26, 8), (19, -27, 8)][/color]
[Peer: 440931918] [Turn 5] [color=cyan]  Checking ship Deathstroke (Side 2) at (17.000000, -19.000000, 2.000000) with path [(4, -13, 9), (4, -12, 8), (5, -12, 7), (6, -12, 6), (7, -12, 5), (8, -12, 4), (9, -12, 3), (10, -12, 2), (11, -13, 2), (12, -14, 2), (13, -15, 2), (14, -16, 2), (15, -17, 2), (16, -18, 2), (17, -19, 2)][/color]
[Peer: 440931918] [Turn 5] [color=cyan]  Checking ship Viper (Side 2) at (-2.000000, 2.000000, 0.000000) with path [(2, -10, 8), (2, -9, 7), (2, -8, 6), (2, -7, 5), (2, -6, 4), (2, -5, 3), (2, -4, 2), (2, -3, 1), (2, -2, 0), (2, -1, -1), (2, 0, -2), (1, 1, -2), (0, 2, -2), (-1, 2, -1), (-2, 2, 0)][/color]
[Peer: 440931918] [Turn 5] [color=cyan]  Checking ship Sathar Fighter C (Side 2) at (0.000000, -22.000000, 22.000000) with path [(-8, -26, 34), (-9, -26, 35), (-9, -27, 36), (-10, -27, 37), (-11, -26, 37), (-12, -25, 37), (-12, -24, 36), (-12, -23, 35), (-12, -22, 34), (-11, -22, 33), (-10, -22, 32), (-9, -22, 31), (-8, -22, 30), (-7, -22, 29), (-6, -22, 28), (-5, -22, 27), (-4, -22, 26), (-3, -22, 25), (-2, -22, 24), (-1, -22, 23), (0, -22, 22)][/color]
[Peer: 440931918] [Turn 5] [color=cyan]  Checking ship Sathar Fighter D (Side 2) at (1.000000, 2.000000, -3.000000) with path [(7, -11, 4), (6, -10, 4), (5, -10, 5), (4, -10, 6), (3, -9, 6), (3, -8, 5), (3, -7, 4), (3, -6, 3), (3, -5, 2), (3, -4, 1), (3, -3, 0), (2, -2, 0), (1, -1, 0), (1, 0, -1), (1, 1, -2), (1, 2, -3)][/color]
[Peer: 440931918] [Turn 5] [color=cyan]  Checking ship Sathar Fighter F (Side 2) at (0.000000, -1.000000, 1.000000) with path [(5, -5, 0), (5, -6, 1), (4, -6, 2), (3, -6, 3), (2, -6, 4), (2, -7, 5), (1, -7, 6), (0, -6, 6), (0, -5, 5), (0, -4, 4), (0, -3, 3), (0, -2, 2), (0, -1, 1)][/color]
[Peer: 440931918] [Turn 5] Mines check complete. Hit ships size: 0
[Peer: 440931918] [Turn 5] [color=cyan]  Checking ship Maelstrom (Side 2) at (27.000000, -26.000000, -1.000000) with path [(21, -24, 3), (22, -24, 2), (23, -24, 1), (24, -24, 0), (25, -24, -1), (26, -25, -1), (27, -26, -1)][/color]
[Peer: 440931918] [Turn 5] [color=cyan]  Checking ship Carrion (Side 2) at (19.000000, -27.000000, 8.000000) with path [(17, -24, 7), (17, -25, 8), (18, -26, 8), (19, -27, 8)][/color]
[Peer: 440931918] [Turn 5] [color=cyan]  Checking ship Deathstroke (Side 2) at (17.000000, -19.000000, 2.000000) with path [(4, -13, 9), (4, -12, 8), (5, -12, 7), (6, -12, 6), (7, -12, 5), (8, -12, 4), (9, -12, 3), (10, -12, 2), (11, -13, 2), (12, -14, 2), (13, -15, 2), (14, -16, 2), (15, -17, 2), (16, -18, 2), (17, -19, 2)][/color]
[Peer: 440931918] [Turn 5] [color=cyan]  Checking ship Viper (Side 2) at (-2.000000, 2.000000, 0.000000) with path [(2, -10, 8), (2, -9, 7), (2, -8, 6), (2, -7, 5), (2, -6, 4), (2, -5, 3), (2, -4, 2), (2, -3, 1), (2, -2, 0), (2, -1, -1), (2, 0, -2), (1, 1, -2), (0, 2, -2), (-1, 2, -1), (-2, 2, 0)][/color]
[Peer: 440931918] [Turn 5] [color=cyan]  Checking ship Sathar Fighter C (Side 2) at (0.000000, -22.000000, 22.000000) with path [(-8, -26, 34), (-9, -26, 35), (-9, -27, 36), (-10, -27, 37), (-11, -26, 37), (-12, -25, 37), (-12, -24, 36), (-12, -23, 35), (-12, -22, 34), (-11, -22, 33), (-10, -22, 32), (-9, -22, 31), (-8, -22, 30), (-7, -22, 29), (-6, -22, 28), (-5, -22, 27), (-4, -22, 26), (-3, -22, 25), (-2, -22, 24), (-1, -22, 23), (0, -22, 22)][/color]
[Peer: 440931918] [Turn 5] [color=cyan]  Checking ship Sathar Fighter D (Side 2) at (1.000000, 2.000000, -3.000000) with path [(7, -11, 4), (6, -10, 4), (5, -10, 5), (4, -10, 6), (3, -9, 6), (3, -8, 5), (3, -7, 4), (3, -6, 3), (3, -5, 2), (3, -4, 1), (3, -3, 0), (2, -2, 0), (1, -1, 0), (1, 0, -1), (1, 1, -2), (1, 2, -3)][/color]
[Peer: 440931918] [Turn 5] [color=cyan]  Checking ship Sathar Fighter F (Side 2) at (0.000000, -1.000000, 1.000000) with path [(5, -5, 0), (5, -6, 1), (4, -6, 2), (3, -6, 3), (2, -6, 4), (2, -7, 5), (1, -7, 6), (0, -6, 6), (0, -5, 5), (0, -4, 4), (0, -3, 3), (0, -2, 2), (0, -1, 1)][/color]
[Peer: 440931918] [Turn 5] Mines check complete. Hit ships size: 0
[Peer: 440931918] [Turn 5] [color=cyan]  Checking ship Maelstrom (Side 2) at (27.000000, -26.000000, -1.000000) with path [(21, -24, 3), (22, -24, 2), (23, -24, 1), (24, -24, 0), (25, -24, -1), (26, -25, -1), (27, -26, -1)][/color]
[Peer: 440931918] [Turn 5] [color=cyan]  Checking ship Carrion (Side 2) at (19.000000, -27.000000, 8.000000) with path [(17, -24, 7), (17, -25, 8), (18, -26, 8), (19, -27, 8)][/color]
[Peer: 440931918] [Turn 5] [color=cyan]  Checking ship Deathstroke (Side 2) at (17.000000, -19.000000, 2.000000) with path [(4, -13, 9), (4, -12, 8), (5, -12, 7), (6, -12, 6), (7, -12, 5), (8, -12, 4), (9, -12, 3), (10, -12, 2), (11, -13, 2), (12, -14, 2), (13, -15, 2), (14, -16, 2), (15, -17, 2), (16, -18, 2), (17, -19, 2)][/color]
[Peer: 440931918] [Turn 5] [color=cyan]  Checking ship Viper (Side 2) at (-2.000000, 2.000000, 0.000000) with path [(2, -10, 8), (2, -9, 7), (2, -8, 6), (2, -7, 5), (2, -6, 4), (2, -5, 3), (2, -4, 2), (2, -3, 1), (2, -2, 0), (2, -1, -1), (2, 0, -2), (1, 1, -2), (0, 2, -2), (-1, 2, -1), (-2, 2, 0)][/color]
[Peer: 440931918] [Turn 5] [color=cyan]  Checking ship Sathar Fighter C (Side 2) at (0.000000, -22.000000, 22.000000) with path [(-8, -26, 34), (-9, -26, 35), (-9, -27, 36), (-10, -27, 37), (-11, -26, 37), (-12, -25, 37), (-12, -24, 36), (-12, -23, 35), (-12, -22, 34), (-11, -22, 33), (-10, -22, 32), (-9, -22, 31), (-8, -22, 30), (-7, -22, 29), (-6, -22, 28), (-5, -22, 27), (-4, -22, 26), (-3, -22, 25), (-2, -22, 24), (-1, -22, 23), (0, -22, 22)][/color]
[Peer: 440931918] [Turn 5] [color=cyan]  Checking ship Sathar Fighter D (Side 2) at (1.000000, 2.000000, -3.000000) with path [(7, -11, 4), (6, -10, 4), (5, -10, 5), (4, -10, 6), (3, -9, 6), (3, -8, 5), (3, -7, 4), (3, -6, 3), (3, -5, 2), (3, -4, 1), (3, -3, 0), (2, -2, 0), (1, -1, 0), (1, 0, -1), (1, 1, -2), (1, 2, -3)][/color]
[Peer: 440931918] [Turn 5] [color=cyan]  Checking ship Sathar Fighter F (Side 2) at (0.000000, -1.000000, 1.000000) with path [(5, -5, 0), (5, -6, 1), (4, -6, 2), (3, -6, 3), (2, -6, 4), (2, -7, 5), (1, -7, 6), (0, -6, 6), (0, -5, 5), (0, -4, 4), (0, -3, 3), (0, -2, 2), (0, -1, 1)][/color]
[Peer: 440931918] [Turn 5] Mines check complete. Hit ships size: 0
[Peer: 440931918] [Turn 5] [color=cyan]  Checking ship Maelstrom (Side 2) at (27.000000, -26.000000, -1.000000) with path [(21, -24, 3), (22, -24, 2), (23, -24, 1), (24, -24, 0), (25, -24, -1), (26, -25, -1), (27, -26, -1)][/color]
[Peer: 440931918] [Turn 5] [color=cyan]  Checking ship Carrion (Side 2) at (19.000000, -27.000000, 8.000000) with path [(17, -24, 7), (17, -25, 8), (18, -26, 8), (19, -27, 8)][/color]
[Peer: 440931918] [Turn 5] [color=cyan]  Checking ship Deathstroke (Side 2) at (17.000000, -19.000000, 2.000000) with path [(4, -13, 9), (4, -12, 8), (5, -12, 7), (6, -12, 6), (7, -12, 5), (8, -12, 4), (9, -12, 3), (10, -12, 2), (11, -13, 2), (12, -14, 2), (13, -15, 2), (14, -16, 2), (15, -17, 2), (16, -18, 2), (17, -19, 2)][/color]
[Peer: 440931918] [Turn 5] [color=cyan]  Checking ship Viper (Side 2) at (-2.000000, 2.000000, 0.000000) with path [(2, -10, 8), (2, -9, 7), (2, -8, 6), (2, -7, 5), (2, -6, 4), (2, -5, 3), (2, -4, 2), (2, -3, 1), (2, -2, 0), (2, -1, -1), (2, 0, -2), (1, 1, -2), (0, 2, -2), (-1, 2, -1), (-2, 2, 0)][/color]
[Peer: 440931918] [Turn 5] [color=cyan]  Checking ship Sathar Fighter C (Side 2) at (0.000000, -22.000000, 22.000000) with path [(-8, -26, 34), (-9, -26, 35), (-9, -27, 36), (-10, -27, 37), (-11, -26, 37), (-12, -25, 37), (-12, -24, 36), (-12, -23, 35), (-12, -22, 34), (-11, -22, 33), (-10, -22, 32), (-9, -22, 31), (-8, -22, 30), (-7, -22, 29), (-6, -22, 28), (-5, -22, 27), (-4, -22, 26), (-3, -22, 25), (-2, -22, 24), (-1, -22, 23), (0, -22, 22)][/color]
[Peer: 440931918] [Turn 5] [color=cyan]  Checking ship Sathar Fighter D (Side 2) at (1.000000, 2.000000, -3.000000) with path [(7, -11, 4), (6, -10, 4), (5, -10, 5), (4, -10, 6), (3, -9, 6), (3, -8, 5), (3, -7, 4), (3, -6, 3), (3, -5, 2), (3, -4, 1), (3, -3, 0), (2, -2, 0), (1, -1, 0), (1, 0, -1), (1, 1, -2), (1, 2, -3)][/color]
[Peer: 440931918] [Turn 5] [color=cyan]  Checking ship Sathar Fighter F (Side 2) at (0.000000, -1.000000, 1.000000) with path [(5, -5, 0), (5, -6, 1), (4, -6, 2), (3, -6, 3), (2, -6, 4), (2, -7, 5), (1, -7, 6), (0, -6, 6), (0, -5, 5), (0, -4, 4), (0, -3, 3), (0, -2, 2), (0, -1, 1)][/color]
[Peer: 440931918] [Turn 5] Mines check complete. Hit ships size: 0
[Peer: 440931918] [Turn 5] [color=cyan]  Checking ship Maelstrom (Side 2) at (27.000000, -26.000000, -1.000000) with path [(21, -24, 3), (22, -24, 2), (23, -24, 1), (24, -24, 0), (25, -24, -1), (26, -25, -1), (27, -26, -1)][/color]
[Peer: 440931918] [Turn 5] [color=cyan]  Checking ship Carrion (Side 2) at (19.000000, -27.000000, 8.000000) with path [(17, -24, 7), (17, -25, 8), (18, -26, 8), (19, -27, 8)][/color]
[Peer: 440931918] [Turn 5] [color=cyan]  Checking ship Deathstroke (Side 2) at (17.000000, -19.000000, 2.000000) with path [(4, -13, 9), (4, -12, 8), (5, -12, 7), (6, -12, 6), (7, -12, 5), (8, -12, 4), (9, -12, 3), (10, -12, 2), (11, -13, 2), (12, -14, 2), (13, -15, 2), (14, -16, 2), (15, -17, 2), (16, -18, 2), (17, -19, 2)][/color]
[Peer: 440931918] [Turn 5] [color=cyan]  Checking ship Viper (Side 2) at (-2.000000, 2.000000, 0.000000) with path [(2, -10, 8), (2, -9, 7), (2, -8, 6), (2, -7, 5), (2, -6, 4), (2, -5, 3), (2, -4, 2), (2, -3, 1), (2, -2, 0), (2, -1, -1), (2, 0, -2), (1, 1, -2), (0, 2, -2), (-1, 2, -1), (-2, 2, 0)][/color]
[Peer: 440931918] [Turn 5] [color=cyan]  Checking ship Sathar Fighter C (Side 2) at (0.000000, -22.000000, 22.000000) with path [(-8, -26, 34), (-9, -26, 35), (-9, -27, 36), (-10, -27, 37), (-11, -26, 37), (-12, -25, 37), (-12, -24, 36), (-12, -23, 35), (-12, -22, 34), (-11, -22, 33), (-10, -22, 32), (-9, -22, 31), (-8, -22, 30), (-7, -22, 29), (-6, -22, 28), (-5, -22, 27), (-4, -22, 26), (-3, -22, 25), (-2, -22, 24), (-1, -22, 23), (0, -22, 22)][/color]
[Peer: 440931918] [Turn 5] [color=cyan]  Checking ship Sathar Fighter D (Side 2) at (1.000000, 2.000000, -3.000000) with path [(7, -11, 4), (6, -10, 4), (5, -10, 5), (4, -10, 6), (3, -9, 6), (3, -8, 5), (3, -7, 4), (3, -6, 3), (3, -5, 2), (3, -4, 1), (3, -3, 0), (2, -2, 0), (1, -1, 0), (1, 0, -1), (1, 1, -2), (1, 2, -3)][/color]
[Peer: 440931918] [Turn 5] [color=cyan]  Checking ship Sathar Fighter F (Side 2) at (0.000000, -1.000000, 1.000000) with path [(5, -5, 0), (5, -6, 1), (4, -6, 2), (3, -6, 3), (2, -6, 4), (2, -7, 5), (1, -7, 6), (0, -6, 6), (0, -5, 5), (0, -4, 4), (0, -3, 3), (0, -2, 2), (0, -1, 1)][/color]
[Peer: 440931918] [Turn 5] Mines check complete. Hit ships size: 0
[Peer: 440931918] [Turn 5] [color=cyan]!!! DEBUG !!! Entering Seeker Movement. Active Seekers: 4[/color]
[Peer: 440931918] [Turn 5] Movement Phase Complete for Side 2. Starting Combat.
[DEBUG] start_combat_passive: Side 1 firing (Opponent of Moving Side 2)
[Peer: 440931918] [Turn 5] Combat Planning: Side 1
[DEBUG] TARGET CHECK P1. Ships: 8
[DEBUG] VALID: Ken'zah Station found target with Laser Battery
[Peer: 440931918] [Turn 5] Resolving 9 attacks...
[Peer: 440931918] [Turn 5] ST Ken'zah Station firing Laser Battery at F Sathar Fighter F
Combat Roll: Distance 1, Chance 45%, Rolled 57
[Peer: 440931918] [Turn 5] Firing Ship: ST Ken'zah Station, Weapon: Laser Battery, Odds: 45%, Roll: 57, Result: MISS
[Peer: 440931918] [Turn 5] [color=red]MISS![/color]
[Peer: 440931918] [Turn 5] ST Ken'zah Station firing Laser Battery at F Sathar Fighter F
[Peer: 440931918] [Turn 5] Firing Ship: ST Ken'zah Station, Weapon: Laser Battery, Odds: 45%, Roll: 57, Result: MISS
[Peer: 440931918] [Turn 5] ST Ken'zah Station firing Laser Battery at F Sathar Fighter F
[Peer: 440931918] [Turn 5] Firing Ship: ST Ken'zah Station, Weapon: Laser Battery, Odds: 45%, Roll: 72, Result: MISS
[Peer: 440931918] [Turn 5] ST Ken'zah Station firing Laser Battery at F Sathar Fighter F
Combat Roll: Distance 1, Chance 45%, Rolled 72
[Peer: 440931918] [Turn 5] Firing Ship: ST Ken'zah Station, Weapon: Laser Battery, Odds: 45%, Roll: 72, Result: MISS
[Peer: 440931918] [Turn 5] [color=red]MISS![/color]
[Peer: 440931918] [Turn 5] ST Ken'zah Station firing Rocket Battery Swarm at F Sathar Fighter F
[Peer: 440931918] [Turn 5] Firing Ship: ST Ken'zah Station, Weapon: Rocket Battery Swarm, Odds: 40%, Roll: 63, Result: MISS
[Peer: 440931918] [Turn 5] ST Ken'zah Station firing Rocket Battery Swarm at F Sathar Fighter F
Combat Roll: Distance 1, Chance 40%, Rolled 63
[Peer: 440931918] [Turn 5] Firing Ship: ST Ken'zah Station, Weapon: Rocket Battery Swarm, Odds: 40%, Roll: 63, Result: MISS
[Peer: 440931918] [Turn 5] [color=red]MISS![/color]
[Peer: 440931918] [Turn 5] FG Shimmer firing Laser Battery at DD Viper
[Peer: 440931918] [Turn 5] Firing Ship: FG Shimmer, Weapon: Laser Battery, Odds: 40%, Roll: 95, Result: MISS
[Peer: 440931918] [Turn 5] FG Shimmer firing Laser Battery at DD Viper
Combat Roll: Distance 2, Chance 40%, Rolled 95
[Peer: 440931918] [Turn 5] Firing Ship: FG Shimmer, Weapon: Laser Battery, Odds: 40%, Roll: 95, Result: MISS
[Peer: 440931918] [Turn 5] [color=red]MISS![/color]
[Peer: 440931918] [Turn 5] FG Shimmer firing Laser Canon at F Sathar Fighter D
[Peer: 440931918] [Turn 5] Firing Ship: FG Shimmer, Weapon: Laser Canon, Odds: 50%, Roll: 26, Result: HIT
[Peer: 440931918] [Turn 5] [color=green]HIT![/color] Rolling Damage Table (d100+0 = 91)
[Peer: 440931918] [Turn 5] FG Shimmer firing Laser Canon at F Sathar Fighter D
Combat Roll: Distance 4, Chance 50%, Rolled 26
[Peer: 440931918] [Turn 5] Firing Ship: FG Shimmer, Weapon: Laser Canon, Odds: 50%, Roll: 26, Result: HIT
Damage Roll: 2d10+0 -> 10
Damage Roll: d100(91) + DTM(0) = 91
[Peer: 440931918] [Turn 5] [color=green]HIT![/color] Rolling Damage Table (d100+0 = 91)
[Peer: 440931918] [Turn 5] Sathar Fighter D: Combat Control System Hit (-10% Hit Chance)
[Peer: 440931918] [Turn 5] FG Shimmer firing Rocket Batteries at DD Viper
>>> DEBUG RPC ICM: Target Name string = Viper
>>> DEBUG RPC ICM: IS AI TARGET = true
[Peer: 440931918] [Turn 5] Firing Ship: FG Shimmer, Weapon: Rocket Batteries, Odds: 40%, Roll: 1, Result: HIT
[Peer: 440931918] [Turn 5] [color=green]HIT![/color] Rolling Damage Table (d100+-10 = 1)
[Peer: 440931918] [Turn 5] FG Shimmer firing Rocket Batteries at DD Viper
>>> TRIGGER ICM TOP. Target=Viper
>>> TRIGGER ICM MID: is_networked=true
>>> DEBUG RPC ICM: Target Name string = Viper
>>> DEBUG RPC ICM: IS AI TARGET = true
Combat Roll: Distance 2, Chance 40%, Rolled 1
[Peer: 440931918] [Turn 5] Firing Ship: FG Shimmer, Weapon: Rocket Batteries, Odds: 40%, Roll: 1, Result: HIT
Damage Roll: 2d10+0 -> 13
Damage Roll: d100(11) + DTM(-10) = 1
[Peer: 440931918] [Turn 5] [color=green]HIT![/color] Rolling Damage Table (d100+-10 = 1)
[Peer: 440931918] [Turn 5] Viper: CRITICAL HULL HIT (x2) (26 Damage)
DEBUG: broadcast_icm_decision called on peer 440931918
DEBUG: broadcast_icm_decision called on peer 440931918
[Peer: 440931918] [Turn 5] FG Zz'Nakk'T firing Laser Battery at F Sathar Fighter F
[Peer: 440931918] [Turn 5] Firing Ship: FG Zz'Nakk'T, Weapon: Laser Battery, Odds: 30%, Roll: 78, Result: MISS
[Peer: 440931918] [Turn 5] FG Zz'Nakk'T firing Laser Battery at F Sathar Fighter F
Combat Roll: Distance 4, Chance 30%, Rolled 78
[Peer: 440931918] [Turn 5] Firing Ship: FG Zz'Nakk'T, Weapon: Laser Battery, Odds: 30%, Roll: 78, Result: MISS
[Peer: 440931918] [Turn 5] [color=red]MISS![/color]
[Peer: 440931918] [Turn 5] FG Zz'Nakk'T firing Laser Canon at DD Viper
[Peer: 440931918] [Turn 5] Firing Ship: FG Zz'Nakk'T, Weapon: Laser Canon, Odds: 50%, Roll: 37, Result: HIT
[Peer: 440931918] [Turn 5] [color=green]HIT![/color] Rolling Damage Table (d100+0 = 7)
[Peer: 440931918] [Turn 5] FG Zz'Nakk'T firing Laser Canon at DD Viper
Combat Roll: Distance 2, Chance 50%, Rolled 37
[Peer: 440931918] [Turn 5] Firing Ship: FG Zz'Nakk'T, Weapon: Laser Canon, Odds: 50%, Roll: 37, Result: HIT
Damage Roll: 2d10+0 -> 11
Damage Roll: d100(7) + DTM(0) = 7
[Peer: 440931918] [Turn 5] [color=green]HIT![/color] Rolling Damage Table (d100+0 = 7)
[Peer: 440931918] [Turn 5] Viper: CRITICAL HULL HIT (x2) (22 Damage)
[Peer: 440931918] [Turn 5] FG Zz'Nakk'T firing Rocket Batteries at DD Viper
>>> DEBUG RPC ICM: Target Name string = Viper
>>> DEBUG RPC ICM: IS AI TARGET = true
[Peer: 440931918] [Turn 5] Firing Ship: FG Zz'Nakk'T, Weapon: Rocket Batteries, Odds: 40%, Roll: 52, Result: MISS
[Peer: 440931918] [Turn 5] FG Zz'Nakk'T firing Rocket Batteries at DD Viper
>>> TRIGGER ICM TOP. Target=Viper
>>> TRIGGER ICM MID: is_networked=true
>>> DEBUG RPC ICM: Target Name string = Viper
>>> DEBUG RPC ICM: IS AI TARGET = true
Combat Roll: Distance 2, Chance 40%, Rolled 52
[Peer: 440931918] [Turn 5] Firing Ship: FG Zz'Nakk'T, Weapon: Rocket Batteries, Odds: 40%, Roll: 52, Result: MISS
[Peer: 440931918] [Turn 5] [color=red]MISS![/color]
DEBUG: broadcast_icm_decision called on peer 440931918
DEBUG: broadcast_icm_decision called on peer 440931918
[Peer: 440931918] [Turn 5] Resolution Phase Complete.
[Peer: 440931918] [Turn 5] Turn Segment Complete.
[DEBUG] start_combat_active: Side 2 firing (Active Side)
[Peer: 440931918] [Turn 5] Combat Planning: Side 2
[DEBUG] TARGET CHECK P2. Ships: 7
[DEBUG] VALID: Viper found target with Laser Battery
[Peer: 440931918] [Turn 5] AI Planning: DD Viper -> FG Zz'Nakk'T with Laser Battery (Utility: 8.07)
[Peer: 440931918] [Turn 5] AI Planning: DD Viper -> FG Shimmer with Laser Canon (Utility: 9.52)
[Peer: 440931918] [Turn 5] AI Planning: DD Viper -> FG Shimmer with Electron Battery (Utility: 7.78)
[Peer: 440931918] [Turn 5] AI Planning: DD Viper -> FG Shimmer with Rocket Batteries (Utility: 8.86)
[Peer: 440931918] [Turn 5] AI Planning: DD Viper -> FG Shimmer with Torpedoes (Utility: 10.08)
[Peer: 440931918] [Turn 5] AI Planning: F Sathar Fighter C -> F Fighter A with Assault Rockets (Utility: 8.20)
[Peer: 440931918] [Turn 5] Resolving 6 attacks...
[Peer: 440931918] [Turn 5] DD Viper firing Laser Battery at FG Zz'Nakk'T
Combat Roll: Distance 2, Chance 30%, Rolled 42
[Peer: 440931918] [Turn 5] Firing Ship: DD Viper, Weapon: Laser Battery, Odds: 30%, Roll: 42, Result: MISS
[Peer: 440931918] [Turn 5] [color=red]MISS![/color]
[Peer: 440931918] [Turn 5] DD Viper firing Laser Battery at FG Zz'Nakk'T
[Peer: 440931918] [Turn 5] Firing Ship: DD Viper, Weapon: Laser Battery, Odds: 30%, Roll: 42, Result: MISS
[Peer: 440931918] [Turn 5] DD Viper firing Laser Canon at FG Shimmer
[Peer: 440931918] [Turn 5] DD Viper firing Laser Canon at FG Shimmer
Combat Roll: Distance 2, Chance 40%, Rolled 86
[Peer: 440931918] [Turn 5] Firing Ship: DD Viper, Weapon: Laser Canon, Odds: 40%, Roll: 86, Result: MISS
[Peer: 440931918] [Turn 5] [color=red]MISS![/color]
[Peer: 440931918] [Turn 5] Firing Ship: DD Viper, Weapon: Laser Canon, Odds: 40%, Roll: 86, Result: MISS
[Peer: 440931918] [Turn 5] DD Viper firing Electron Battery at FG Shimmer
[Peer: 440931918] [Turn 5] DD Viper firing Electron Battery at FG Shimmer
Combat Roll: Distance 2, Chance 40%, Rolled 48
[Peer: 440931918] [Turn 5] Firing Ship: DD Viper, Weapon: Electron Battery, Odds: 40%, Roll: 48, Result: MISS
[Peer: 440931918] [Turn 5] [color=red]MISS![/color]
[Peer: 440931918] [Turn 5] Firing Ship: DD Viper, Weapon: Electron Battery, Odds: 40%, Roll: 48, Result: MISS
[Peer: 440931918] [Turn 5] DD Viper firing Rocket Batteries at FG Shimmer
[Peer: 440931918] [Turn 5] DD Viper firing Rocket Batteries at FG Shimmer
>>> TRIGGER ICM TOP. Target=Shimmer
>>> TRIGGER ICM MID: is_networked=true
>>> DEBUG RPC ICM: Target Name string = Shimmer
>>> DEBUG RPC ICM: IS AI TARGET = false
>>> DEBUG EVALUATION: target_owner=false ai_target=false local_bot=false
Combat Roll: Distance 2, Chance 40%, Rolled 21
[Peer: 440931918] [Turn 5] Firing Ship: DD Viper, Weapon: Rocket Batteries, Odds: 40%, Roll: 21, Result: HIT
Damage Roll: 2d10+0 -> 13
Damage Roll: d100(59) + DTM(0) = 59
[Peer: 440931918] [Turn 5] [color=green]HIT![/color] Rolling Damage Table (d100+0 = 59)
>>> DEBUG RPC ICM: Target Name string = Shimmer
>>> DEBUG RPC ICM: IS AI TARGET = false
>>> DEBUG EVALUATION: target_owner=false ai_target=false local_bot=false
[Peer: 440931918] [Turn 5] Firing Ship: DD Viper, Weapon: Rocket Batteries, Odds: 40%, Roll: 21, Result: HIT
[Peer: 440931918] [Turn 5] [color=green]HIT![/color] Rolling Damage Table (d100+0 = 59)
[Peer: 440931918] [Turn 5] Shimmer: Steering Hit (All MR)
DEBUG: broadcast_icm_decision called on peer 440931918
[Peer: 440931918] [Turn 5] DD Viper firing Torpedoes at FG Shimmer
>>> DEBUG RPC ICM: Target Name string = Shimmer
>>> DEBUG RPC ICM: IS AI TARGET = false
>>> DEBUG EVALUATION: target_owner=false ai_target=false local_bot=false
[Peer: 440931918] [Turn 5] Firing Ship: DD Viper, Weapon: Torpedoes, Odds: 70%, Roll: 28, Result: HIT
[Peer: 440931918] [Turn 5] [color=green]HIT![/color] Rolling Damage Table (d100+20 = 106)
[Peer: 440931918] [Turn 5] DD Viper firing Torpedoes at FG Shimmer
>>> TRIGGER ICM TOP. Target=Shimmer
>>> TRIGGER ICM MID: is_networked=true
>>> DEBUG RPC ICM: Target Name string = Shimmer
>>> DEBUG RPC ICM: IS AI TARGET = false
>>> DEBUG EVALUATION: target_owner=false ai_target=false local_bot=false
Combat Roll: Distance 2, Chance 70%, Rolled 28
[Peer: 440931918] [Turn 5] Firing Ship: DD Viper, Weapon: Torpedoes, Odds: 70%, Roll: 28, Result: HIT
Damage Roll: 4d10+0 -> 26
Damage Roll: d100(86) + DTM(20) = 106
[Peer: 440931918] [Turn 5] [color=green]HIT![/color] Rolling Damage Table (d100+20 = 106)
[Peer: 440931918] [Turn 5] Shimmer: ELECTRICAL FIRE! (+20 Dmg/Turn)
DEBUG: broadcast_icm_decision called on peer 440931918
[Peer: 440931918] [Turn 5] F Sathar Fighter C firing Assault Rockets at F Fighter A
[Peer: 440931918] [Turn 5] Firing Ship: F Sathar Fighter C, Weapon: Assault Rockets, Odds: 70%, Roll: 35, Result: HIT
[Peer: 440931918] [Turn 5] F Sathar Fighter C firing Assault Rockets at F Fighter A
Combat Roll: Distance 3, Chance 70%, Rolled 35
[Peer: 440931918] [Turn 5] Firing Ship: F Sathar Fighter C, Weapon: Assault Rockets, Odds: 70%, Roll: 35, Result: HIT
Damage Roll: 2d10+4 -> 9
Damage Roll: d100(66) + DTM(-10) = 56
[Peer: 440931918] [Turn 5] [color=green]HIT![/color] Rolling Damage Table (d100+-10 = 56)
[Peer: 440931918] [Turn 5] [color=green]HIT![/color] Rolling Damage Table (d100+-10 = 56)
[Peer: 440931918] [Turn 5] Fighter A: Steering Hit (-1 MR)
[Peer: 440931918] [Turn 5] Resolution Phase Complete.
[Peer: 440931918] [Turn 5] Turn Segment Complete.
[Peer: 440931918] [Turn 6] Round Complete. Starting New Round.
[Peer: 440931918] [Turn 6] === Turn Start: Side UPF ===
DEBUG: Rejected Maelstrom Side:2 CurSide:1 Moved:false
DEBUG: Rejected Carrion Side:2 CurSide:1 Moved:false
DEBUG: Rejected Deathstroke Side:2 CurSide:1 Moved:false
DEBUG: Rejected Viper Side:2 CurSide:1 Moved:false
DEBUG: Rejected Sathar Fighter C Side:2 CurSide:1 Moved:false
DEBUG: Rejected Sathar Fighter D Side:2 CurSide:1 Moved:false
DEBUG: Rejected Sathar Fighter F Side:2 CurSide:1 Moved:false
DEBUG: start_movement_phase. Side: 1 Available: 8
DEBUG: First available: Ken'zah Station ID: 1 Moved: false
DEBUG: Auto-Orbit Candidate Found: Ken'zah Station (Class: Space Station, Orbit: 1)
[Peer: 440931918] [Turn 6] Synced Orders for Ken'zah Station
[Peer: 440931918] [Turn 6] [color=orange]Fire damage on Shimmer![/color]
[Peer: 440931918] [Turn 6] Fire Roll: d100+20 = 38 -> Hull Hit
[Peer: 440931918] [Turn 6] Shimmer: Hull Hit (2 Damage)
[Peer: 440931918] [Turn 6] Synced Orders for Z'Rak't Zoz
[Peer: 440931918] [Turn 6] Synced Orders for Shimmer
[Peer: 440931918] [Turn 6] Synced Orders for Zz'Nakk'T
[Peer: 440931918] [Turn 6] Synced Orders for Fighter A
[Peer: 440931918] [Turn 6] Synced Orders for Fighter B
[Peer: 440931918] [Turn 6] Synced Orders for Fighter C
[Peer: 440931918] [Turn 6] Synced Orders for Fighter F
>>> DIAGNOSTIC: execute_all_movement running for side: 1 on peer: 440931918
[Peer: 440931918] [Turn 6] Executing Movement Phase for Side UPF
[Peer: 440931918] [Turn 6] [color=yellow]EXECUTE LOOP: Checking Ship Ken'zah Station (Class: Space Station, Mines: 0)[/color]
[Peer: 440931918] [Turn 6] [color=yellow]EXECUTE LOOP: Checking Ship Z'Rak't Zoz (Class: Minelayer, Mines: 0)[/color]
[Peer: 440931918] [Turn 6] [color=yellow]EXECUTE LOOP: Checking Ship Shimmer (Class: Frigate, Mines: 0)[/color]
[Peer: 440931918] [Turn 6] [color=yellow]EXECUTE LOOP: Checking Ship Zz'Nakk'T (Class: Frigate, Mines: 0)[/color]
[Peer: 440931918] [Turn 6] [color=yellow]EXECUTE LOOP: Checking Ship Fighter A (Class: Fighter, Mines: 0)[/color]
[Peer: 440931918] [Turn 6] [color=yellow]EXECUTE LOOP: Checking Ship Fighter B (Class: Fighter, Mines: 0)[/color]
[Peer: 440931918] [Turn 6] [color=yellow]EXECUTE LOOP: Checking Ship Fighter C (Class: Fighter, Mines: 0)[/color]
[Peer: 440931918] [Turn 6] [color=yellow]EXECUTE LOOP: Checking Ship Fighter F (Class: Fighter, Mines: 0)[/color]
>>> DIAGNOSTIC: Entering Mine Detonations. Active Mines: 17 on peer: 440931918
[Peer: 440931918] [Turn 6] [color=cyan]!!! DEBUG !!! Entering Mine Detonations. Active Mines: 17[/color]
[Peer: 440931918] [Turn 6] [color=cyan]  Mine at (-4.000000, 8.000000, -4.000000) (Side 1)[/color]
[Peer: 440931918] [Turn 6] [color=cyan]  Mine at (9.000000, -1.000000, -8.000000) (Side 1)[/color]
[Peer: 440931918] [Turn 6] [color=cyan]  Mine at (-9.000000, 0.000000, 9.000000) (Side 1)[/color]
[Peer: 440931918] [Turn 6] [color=cyan]  Mine at (-9.000000, 1.000000, 8.000000) (Side 1)[/color]
[Peer: 440931918] [Turn 6] [color=cyan]  Mine at (-8.000000, 7.000000, 1.000000) (Side 1)[/color]
[Peer: 440931918] [Turn 6] [color=cyan]  Mine at (8.000000, -9.000000, 1.000000) (Side 1)[/color]
[Peer: 440931918] [Turn 6] [color=cyan]  Mine at (6.000000, -7.000000, 1.000000) (Side 1)[/color]
[Peer: 440931918] [Turn 6] [color=cyan]  Mine at (7.000000, 0.000000, -7.000000) (Side 1)[/color]
[Peer: 440931918] [Turn 6] [color=cyan]  Mine at (-8.000000, 3.000000, 5.000000) (Side 1)[/color]
[Peer: 440931918] [Turn 6] [color=cyan]  Mine at (-7.000000, 1.000000, 6.000000) (Side 1)[/color]
[Peer: 440931918] [Turn 6] [color=cyan]  Mine at (-7.000000, 7.000000, 0.000000) (Side 1)[/color]
[Peer: 440931918] [Turn 6] [color=cyan]  Mine at (-2.000000, 9.000000, -7.000000) (Side 1)[/color]
[Peer: 440931918] [Turn 6] [color=cyan]  Mine at (0.000000, 7.000000, -7.000000) (Side 1)[/color]
[Peer: 440931918] [Turn 6] [color=cyan]  Mine at (-5.000000, 8.000000, -3.000000) (Side 1)[/color]
[Peer: 440931918] [Turn 6] [color=cyan]  Mine at (-4.000000, -3.000000, 7.000000) (Side 1)[/color]
[Peer: 440931918] [Turn 6] [color=cyan]  Mine at (6.000000, -9.000000, 3.000000) (Side 1)[/color]
[Peer: 440931918] [Turn 6] [color=cyan]  Mine at (-7.000000, 4.000000, 3.000000) (Side 1)[/color]
[Peer: 440931918] [Turn 6] [color=cyan]  Checking ship Maelstrom (Side 2) at (27.000000, -26.000000, -1.000000) with path [(21, -24, 3), (22, -24, 2), (23, -24, 1), (24, -24, 0), (25, -24, -1), (26, -25, -1), (27, -26, -1)][/color]
[Peer: 440931918] [Turn 6] [color=cyan]  Checking ship Carrion (Side 2) at (19.000000, -27.000000, 8.000000) with path [(17, -24, 7), (17, -25, 8), (18, -26, 8), (19, -27, 8)][/color]
[Peer: 440931918] [Turn 6] [color=cyan]  Checking ship Deathstroke (Side 2) at (17.000000, -19.000000, 2.000000) with path [(4, -13, 9), (4, -12, 8), (5, -12, 7), (6, -12, 6), (7, -12, 5), (8, -12, 4), (9, -12, 3), (10, -12, 2), (11, -13, 2), (12, -14, 2), (13, -15, 2), (14, -16, 2), (15, -17, 2), (16, -18, 2), (17, -19, 2)][/color]
[Peer: 440931918] [Turn 6] [color=cyan]  Checking ship Viper (Side 2) at (-2.000000, 2.000000, 0.000000) with path [(2, -10, 8), (2, -9, 7), (2, -8, 6), (2, -7, 5), (2, -6, 4), (2, -5, 3), (2, -4, 2), (2, -3, 1), (2, -2, 0), (2, -1, -1), (2, 0, -2), (1, 1, -2), (0, 2, -2), (-1, 2, -1), (-2, 2, 0)][/color]
[Peer: 440931918] [Turn 6] [color=cyan]  Checking ship Sathar Fighter C (Side 2) at (0.000000, -22.000000, 22.000000) with path [(-8, -26, 34), (-9, -26, 35), (-9, -27, 36), (-10, -27, 37), (-11, -26, 37), (-12, -25, 37), (-12, -24, 36), (-12, -23, 35), (-12, -22, 34), (-11, -22, 33), (-10, -22, 32), (-9, -22, 31), (-8, -22, 30), (-7, -22, 29), (-6, -22, 28), (-5, -22, 27), (-4, -22, 26), (-3, -22, 25), (-2, -22, 24), (-1, -22, 23), (0, -22, 22)][/color]
[Peer: 440931918] [Turn 6] [color=cyan]  Checking ship Sathar Fighter D (Side 2) at (1.000000, 2.000000, -3.000000) with path [(7, -11, 4), (6, -10, 4), (5, -10, 5), (4, -10, 6), (3, -9, 6), (3, -8, 5), (3, -7, 4), (3, -6, 3), (3, -5, 2), (3, -4, 1), (3, -3, 0), (2, -2, 0), (1, -1, 0), (1, 0, -1), (1, 1, -2), (1, 2, -3)][/color]
[Peer: 440931918] [Turn 6] [color=cyan]  Checking ship Sathar Fighter F (Side 2) at (0.000000, -1.000000, 1.000000) with path [(5, -5, 0), (5, -6, 1), (4, -6, 2), (3, -6, 3), (2, -6, 4), (2, -7, 5), (1, -7, 6), (0, -6, 6), (0, -5, 5), (0, -4, 4), (0, -3, 3), (0, -2, 2), (0, -1, 1)][/color]
[Peer: 440931918] [Turn 6] Mines check complete. Hit ships size: 0
[Peer: 440931918] [Turn 6] [color=cyan]  Checking ship Maelstrom (Side 2) at (27.000000, -26.000000, -1.000000) with path [(21, -24, 3), (22, -24, 2), (23, -24, 1), (24, -24, 0), (25, -24, -1), (26, -25, -1), (27, -26, -1)][/color]
[Peer: 440931918] [Turn 6] [color=cyan]  Checking ship Carrion (Side 2) at (19.000000, -27.000000, 8.000000) with path [(17, -24, 7), (17, -25, 8), (18, -26, 8), (19, -27, 8)][/color]
[Peer: 440931918] [Turn 6] [color=cyan]  Checking ship Deathstroke (Side 2) at (17.000000, -19.000000, 2.000000) with path [(4, -13, 9), (4, -12, 8), (5, -12, 7), (6, -12, 6), (7, -12, 5), (8, -12, 4), (9, -12, 3), (10, -12, 2), (11, -13, 2), (12, -14, 2), (13, -15, 2), (14, -16, 2), (15, -17, 2), (16, -18, 2), (17, -19, 2)][/color]
[Peer: 440931918] [Turn 6] [color=cyan]  Checking ship Viper (Side 2) at (-2.000000, 2.000000, 0.000000) with path [(2, -10, 8), (2, -9, 7), (2, -8, 6), (2, -7, 5), (2, -6, 4), (2, -5, 3), (2, -4, 2), (2, -3, 1), (2, -2, 0), (2, -1, -1), (2, 0, -2), (1, 1, -2), (0, 2, -2), (-1, 2, -1), (-2, 2, 0)][/color]
[Peer: 440931918] [Turn 6] [color=cyan]  Checking ship Sathar Fighter C (Side 2) at (0.000000, -22.000000, 22.000000) with path [(-8, -26, 34), (-9, -26, 35), (-9, -27, 36), (-10, -27, 37), (-11, -26, 37), (-12, -25, 37), (-12, -24, 36), (-12, -23, 35), (-12, -22, 34), (-11, -22, 33), (-10, -22, 32), (-9, -22, 31), (-8, -22, 30), (-7, -22, 29), (-6, -22, 28), (-5, -22, 27), (-4, -22, 26), (-3, -22, 25), (-2, -22, 24), (-1, -22, 23), (0, -22, 22)][/color]
[Peer: 440931918] [Turn 6] [color=cyan]  Checking ship Sathar Fighter D (Side 2) at (1.000000, 2.000000, -3.000000) with path [(7, -11, 4), (6, -10, 4), (5, -10, 5), (4, -10, 6), (3, -9, 6), (3, -8, 5), (3, -7, 4), (3, -6, 3), (3, -5, 2), (3, -4, 1), (3, -3, 0), (2, -2, 0), (1, -1, 0), (1, 0, -1), (1, 1, -2), (1, 2, -3)][/color]
[Peer: 440931918] [Turn 6] [color=cyan]  Checking ship Sathar Fighter F (Side 2) at (0.000000, -1.000000, 1.000000) with path [(5, -5, 0), (5, -6, 1), (4, -6, 2), (3, -6, 3), (2, -6, 4), (2, -7, 5), (1, -7, 6), (0, -6, 6), (0, -5, 5), (0, -4, 4), (0, -3, 3), (0, -2, 2), (0, -1, 1)][/color]
[Peer: 440931918] [Turn 6] Mines check complete. Hit ships size: 0
[Peer: 440931918] [Turn 6] [color=cyan]  Checking ship Maelstrom (Side 2) at (27.000000, -26.000000, -1.000000) with path [(21, -24, 3), (22, -24, 2), (23, -24, 1), (24, -24, 0), (25, -24, -1), (26, -25, -1), (27, -26, -1)][/color]
[Peer: 440931918] [Turn 6] [color=cyan]  Checking ship Carrion (Side 2) at (19.000000, -27.000000, 8.000000) with path [(17, -24, 7), (17, -25, 8), (18, -26, 8), (19, -27, 8)][/color]
[Peer: 440931918] [Turn 6] [color=cyan]  Checking ship Deathstroke (Side 2) at (17.000000, -19.000000, 2.000000) with path [(4, -13, 9), (4, -12, 8), (5, -12, 7), (6, -12, 6), (7, -12, 5), (8, -12, 4), (9, -12, 3), (10, -12, 2), (11, -13, 2), (12, -14, 2), (13, -15, 2), (14, -16, 2), (15, -17, 2), (16, -18, 2), (17, -19, 2)][/color]
[Peer: 440931918] [Turn 6] [color=cyan]  Checking ship Viper (Side 2) at (-2.000000, 2.000000, 0.000000) with path [(2, -10, 8), (2, -9, 7), (2, -8, 6), (2, -7, 5), (2, -6, 4), (2, -5, 3), (2, -4, 2), (2, -3, 1), (2, -2, 0), (2, -1, -1), (2, 0, -2), (1, 1, -2), (0, 2, -2), (-1, 2, -1), (-2, 2, 0)][/color]
[Peer: 440931918] [Turn 6] [color=cyan]  Checking ship Sathar Fighter C (Side 2) at (0.000000, -22.000000, 22.000000) with path [(-8, -26, 34), (-9, -26, 35), (-9, -27, 36), (-10, -27, 37), (-11, -26, 37), (-12, -25, 37), (-12, -24, 36), (-12, -23, 35), (-12, -22, 34), (-11, -22, 33), (-10, -22, 32), (-9, -22, 31), (-8, -22, 30), (-7, -22, 29), (-6, -22, 28), (-5, -22, 27), (-4, -22, 26), (-3, -22, 25), (-2, -22, 24), (-1, -22, 23), (0, -22, 22)][/color]
[Peer: 440931918] [Turn 6] [color=cyan]  Checking ship Sathar Fighter D (Side 2) at (1.000000, 2.000000, -3.000000) with path [(7, -11, 4), (6, -10, 4), (5, -10, 5), (4, -10, 6), (3, -9, 6), (3, -8, 5), (3, -7, 4), (3, -6, 3), (3, -5, 2), (3, -4, 1), (3, -3, 0), (2, -2, 0), (1, -1, 0), (1, 0, -1), (1, 1, -2), (1, 2, -3)][/color]
[Peer: 440931918] [Turn 6] [color=cyan]  Checking ship Sathar Fighter F (Side 2) at (0.000000, -1.000000, 1.000000) with path [(5, -5, 0), (5, -6, 1), (4, -6, 2), (3, -6, 3), (2, -6, 4), (2, -7, 5), (1, -7, 6), (0, -6, 6), (0, -5, 5), (0, -4, 4), (0, -3, 3), (0, -2, 2), (0, -1, 1)][/color]
[Peer: 440931918] [Turn 6] Mines check complete. Hit ships size: 0
[Peer: 440931918] [Turn 6] [color=cyan]  Checking ship Maelstrom (Side 2) at (27.000000, -26.000000, -1.000000) with path [(21, -24, 3), (22, -24, 2), (23, -24, 1), (24, -24, 0), (25, -24, -1), (26, -25, -1), (27, -26, -1)][/color]
[Peer: 440931918] [Turn 6] [color=cyan]  Checking ship Carrion (Side 2) at (19.000000, -27.000000, 8.000000) with path [(17, -24, 7), (17, -25, 8), (18, -26, 8), (19, -27, 8)][/color]
[Peer: 440931918] [Turn 6] [color=cyan]  Checking ship Deathstroke (Side 2) at (17.000000, -19.000000, 2.000000) with path [(4, -13, 9), (4, -12, 8), (5, -12, 7), (6, -12, 6), (7, -12, 5), (8, -12, 4), (9, -12, 3), (10, -12, 2), (11, -13, 2), (12, -14, 2), (13, -15, 2), (14, -16, 2), (15, -17, 2), (16, -18, 2), (17, -19, 2)][/color]
[Peer: 440931918] [Turn 6] [color=cyan]  Checking ship Viper (Side 2) at (-2.000000, 2.000000, 0.000000) with path [(2, -10, 8), (2, -9, 7), (2, -8, 6), (2, -7, 5), (2, -6, 4), (2, -5, 3), (2, -4, 2), (2, -3, 1), (2, -2, 0), (2, -1, -1), (2, 0, -2), (1, 1, -2), (0, 2, -2), (-1, 2, -1), (-2, 2, 0)][/color]
[Peer: 440931918] [Turn 6] [color=cyan]  Checking ship Sathar Fighter C (Side 2) at (0.000000, -22.000000, 22.000000) with path [(-8, -26, 34), (-9, -26, 35), (-9, -27, 36), (-10, -27, 37), (-11, -26, 37), (-12, -25, 37), (-12, -24, 36), (-12, -23, 35), (-12, -22, 34), (-11, -22, 33), (-10, -22, 32), (-9, -22, 31), (-8, -22, 30), (-7, -22, 29), (-6, -22, 28), (-5, -22, 27), (-4, -22, 26), (-3, -22, 25), (-2, -22, 24), (-1, -22, 23), (0, -22, 22)][/color]
[Peer: 440931918] [Turn 6] [color=cyan]  Checking ship Sathar Fighter D (Side 2) at (1.000000, 2.000000, -3.000000) with path [(7, -11, 4), (6, -10, 4), (5, -10, 5), (4, -10, 6), (3, -9, 6), (3, -8, 5), (3, -7, 4), (3, -6, 3), (3, -5, 2), (3, -4, 1), (3, -3, 0), (2, -2, 0), (1, -1, 0), (1, 0, -1), (1, 1, -2), (1, 2, -3)][/color]
[Peer: 440931918] [Turn 6] [color=cyan]  Checking ship Sathar Fighter F (Side 2) at (0.000000, -1.000000, 1.000000) with path [(5, -5, 0), (5, -6, 1), (4, -6, 2), (3, -6, 3), (2, -6, 4), (2, -7, 5), (1, -7, 6), (0, -6, 6), (0, -5, 5), (0, -4, 4), (0, -3, 3), (0, -2, 2), (0, -1, 1)][/color]
[Peer: 440931918] [Turn 6] Mines check complete. Hit ships size: 0
[Peer: 440931918] [Turn 6] [color=cyan]  Checking ship Maelstrom (Side 2) at (27.000000, -26.000000, -1.000000) with path [(21, -24, 3), (22, -24, 2), (23, -24, 1), (24, -24, 0), (25, -24, -1), (26, -25, -1), (27, -26, -1)][/color]
[Peer: 440931918] [Turn 6] [color=cyan]  Checking ship Carrion (Side 2) at (19.000000, -27.000000, 8.000000) with path [(17, -24, 7), (17, -25, 8), (18, -26, 8), (19, -27, 8)][/color]
[Peer: 440931918] [Turn 6] [color=cyan]  Checking ship Deathstroke (Side 2) at (17.000000, -19.000000, 2.000000) with path [(4, -13, 9), (4, -12, 8), (5, -12, 7), (6, -12, 6), (7, -12, 5), (8, -12, 4), (9, -12, 3), (10, -12, 2), (11, -13, 2), (12, -14, 2), (13, -15, 2), (14, -16, 2), (15, -17, 2), (16, -18, 2), (17, -19, 2)][/color]
[Peer: 440931918] [Turn 6] [color=cyan]  Checking ship Viper (Side 2) at (-2.000000, 2.000000, 0.000000) with path [(2, -10, 8), (2, -9, 7), (2, -8, 6), (2, -7, 5), (2, -6, 4), (2, -5, 3), (2, -4, 2), (2, -3, 1), (2, -2, 0), (2, -1, -1), (2, 0, -2), (1, 1, -2), (0, 2, -2), (-1, 2, -1), (-2, 2, 0)][/color]
[Peer: 440931918] [Turn 6] [color=cyan]  Checking ship Sathar Fighter C (Side 2) at (0.000000, -22.000000, 22.000000) with path [(-8, -26, 34), (-9, -26, 35), (-9, -27, 36), (-10, -27, 37), (-11, -26, 37), (-12, -25, 37), (-12, -24, 36), (-12, -23, 35), (-12, -22, 34), (-11, -22, 33), (-10, -22, 32), (-9, -22, 31), (-8, -22, 30), (-7, -22, 29), (-6, -22, 28), (-5, -22, 27), (-4, -22, 26), (-3, -22, 25), (-2, -22, 24), (-1, -22, 23), (0, -22, 22)][/color]
[Peer: 440931918] [Turn 6] [color=cyan]  Checking ship Sathar Fighter D (Side 2) at (1.000000, 2.000000, -3.000000) with path [(7, -11, 4), (6, -10, 4), (5, -10, 5), (4, -10, 6), (3, -9, 6), (3, -8, 5), (3, -7, 4), (3, -6, 3), (3, -5, 2), (3, -4, 1), (3, -3, 0), (2, -2, 0), (1, -1, 0), (1, 0, -1), (1, 1, -2), (1, 2, -3)][/color]
[Peer: 440931918] [Turn 6] [color=cyan]  Checking ship Sathar Fighter F (Side 2) at (0.000000, -1.000000, 1.000000) with path [(5, -5, 0), (5, -6, 1), (4, -6, 2), (3, -6, 3), (2, -6, 4), (2, -7, 5), (1, -7, 6), (0, -6, 6), (0, -5, 5), (0, -4, 4), (0, -3, 3), (0, -2, 2), (0, -1, 1)][/color]
[Peer: 440931918] [Turn 6] Mines check complete. Hit ships size: 0
[Peer: 440931918] [Turn 6] [color=cyan]  Checking ship Maelstrom (Side 2) at (27.000000, -26.000000, -1.000000) with path [(21, -24, 3), (22, -24, 2), (23, -24, 1), (24, -24, 0), (25, -24, -1), (26, -25, -1), (27, -26, -1)][/color]
[Peer: 440931918] [Turn 6] [color=cyan]  Checking ship Carrion (Side 2) at (19.000000, -27.000000, 8.000000) with path [(17, -24, 7), (17, -25, 8), (18, -26, 8), (19, -27, 8)][/color]
[Peer: 440931918] [Turn 6] [color=cyan]  Checking ship Deathstroke (Side 2) at (17.000000, -19.000000, 2.000000) with path [(4, -13, 9), (4, -12, 8), (5, -12, 7), (6, -12, 6), (7, -12, 5), (8, -12, 4), (9, -12, 3), (10, -12, 2), (11, -13, 2), (12, -14, 2), (13, -15, 2), (14, -16, 2), (15, -17, 2), (16, -18, 2), (17, -19, 2)][/color]
[Peer: 440931918] [Turn 6] [color=cyan]  Checking ship Viper (Side 2) at (-2.000000, 2.000000, 0.000000) with path [(2, -10, 8), (2, -9, 7), (2, -8, 6), (2, -7, 5), (2, -6, 4), (2, -5, 3), (2, -4, 2), (2, -3, 1), (2, -2, 0), (2, -1, -1), (2, 0, -2), (1, 1, -2), (0, 2, -2), (-1, 2, -1), (-2, 2, 0)][/color]
[Peer: 440931918] [Turn 6] [color=cyan]  Checking ship Sathar Fighter C (Side 2) at (0.000000, -22.000000, 22.000000) with path [(-8, -26, 34), (-9, -26, 35), (-9, -27, 36), (-10, -27, 37), (-11, -26, 37), (-12, -25, 37), (-12, -24, 36), (-12, -23, 35), (-12, -22, 34), (-11, -22, 33), (-10, -22, 32), (-9, -22, 31), (-8, -22, 30), (-7, -22, 29), (-6, -22, 28), (-5, -22, 27), (-4, -22, 26), (-3, -22, 25), (-2, -22, 24), (-1, -22, 23), (0, -22, 22)][/color]
[Peer: 440931918] [Turn 6] [color=cyan]  Checking ship Sathar Fighter D (Side 2) at (1.000000, 2.000000, -3.000000) with path [(7, -11, 4), (6, -10, 4), (5, -10, 5), (4, -10, 6), (3, -9, 6), (3, -8, 5), (3, -7, 4), (3, -6, 3), (3, -5, 2), (3, -4, 1), (3, -3, 0), (2, -2, 0), (1, -1, 0), (1, 0, -1), (1, 1, -2), (1, 2, -3)][/color]
[Peer: 440931918] [Turn 6] [color=cyan]  Checking ship Sathar Fighter F (Side 2) at (0.000000, -1.000000, 1.000000) with path [(5, -5, 0), (5, -6, 1), (4, -6, 2), (3, -6, 3), (2, -6, 4), (2, -7, 5), (1, -7, 6), (0, -6, 6), (0, -5, 5), (0, -4, 4), (0, -3, 3), (0, -2, 2), (0, -1, 1)][/color]
[Peer: 440931918] [Turn 6] Mines check complete. Hit ships size: 0
[Peer: 440931918] [Turn 6] [color=cyan]  Checking ship Maelstrom (Side 2) at (27.000000, -26.000000, -1.000000) with path [(21, -24, 3), (22, -24, 2), (23, -24, 1), (24, -24, 0), (25, -24, -1), (26, -25, -1), (27, -26, -1)][/color]
[Peer: 440931918] [Turn 6] [color=cyan]  Checking ship Carrion (Side 2) at (19.000000, -27.000000, 8.000000) with path [(17, -24, 7), (17, -25, 8), (18, -26, 8), (19, -27, 8)][/color]
[Peer: 440931918] [Turn 6] [color=cyan]  Checking ship Deathstroke (Side 2) at (17.000000, -19.000000, 2.000000) with path [(4, -13, 9), (4, -12, 8), (5, -12, 7), (6, -12, 6), (7, -12, 5), (8, -12, 4), (9, -12, 3), (10, -12, 2), (11, -13, 2), (12, -14, 2), (13, -15, 2), (14, -16, 2), (15, -17, 2), (16, -18, 2), (17, -19, 2)][/color]
[Peer: 440931918] [Turn 6] [color=cyan]  Checking ship Viper (Side 2) at (-2.000000, 2.000000, 0.000000) with path [(2, -10, 8), (2, -9, 7), (2, -8, 6), (2, -7, 5), (2, -6, 4), (2, -5, 3), (2, -4, 2), (2, -3, 1), (2, -2, 0), (2, -1, -1), (2, 0, -2), (1, 1, -2), (0, 2, -2), (-1, 2, -1), (-2, 2, 0)][/color]
[Peer: 440931918] [Turn 6] [color=cyan]  Checking ship Sathar Fighter C (Side 2) at (0.000000, -22.000000, 22.000000) with path [(-8, -26, 34), (-9, -26, 35), (-9, -27, 36), (-10, -27, 37), (-11, -26, 37), (-12, -25, 37), (-12, -24, 36), (-12, -23, 35), (-12, -22, 34), (-11, -22, 33), (-10, -22, 32), (-9, -22, 31), (-8, -22, 30), (-7, -22, 29), (-6, -22, 28), (-5, -22, 27), (-4, -22, 26), (-3, -22, 25), (-2, -22, 24), (-1, -22, 23), (0, -22, 22)][/color]
[Peer: 440931918] [Turn 6] [color=cyan]  Checking ship Sathar Fighter D (Side 2) at (1.000000, 2.000000, -3.000000) with path [(7, -11, 4), (6, -10, 4), (5, -10, 5), (4, -10, 6), (3, -9, 6), (3, -8, 5), (3, -7, 4), (3, -6, 3), (3, -5, 2), (3, -4, 1), (3, -3, 0), (2, -2, 0), (1, -1, 0), (1, 0, -1), (1, 1, -2), (1, 2, -3)][/color]
[Peer: 440931918] [Turn 6] [color=cyan]  Checking ship Sathar Fighter F (Side 2) at (0.000000, -1.000000, 1.000000) with path [(5, -5, 0), (5, -6, 1), (4, -6, 2), (3, -6, 3), (2, -6, 4), (2, -7, 5), (1, -7, 6), (0, -6, 6), (0, -5, 5), (0, -4, 4), (0, -3, 3), (0, -2, 2), (0, -1, 1)][/color]
[Peer: 440931918] [Turn 6] Mines check complete. Hit ships size: 0
[Peer: 440931918] [Turn 6] [color=cyan]  Checking ship Maelstrom (Side 2) at (27.000000, -26.000000, -1.000000) with path [(21, -24, 3), (22, -24, 2), (23, -24, 1), (24, -24, 0), (25, -24, -1), (26, -25, -1), (27, -26, -1)][/color]
[Peer: 440931918] [Turn 6] [color=cyan]  Checking ship Carrion (Side 2) at (19.000000, -27.000000, 8.000000) with path [(17, -24, 7), (17, -25, 8), (18, -26, 8), (19, -27, 8)][/color]
[Peer: 440931918] [Turn 6] [color=cyan]  Checking ship Deathstroke (Side 2) at (17.000000, -19.000000, 2.000000) with path [(4, -13, 9), (4, -12, 8), (5, -12, 7), (6, -12, 6), (7, -12, 5), (8, -12, 4), (9, -12, 3), (10, -12, 2), (11, -13, 2), (12, -14, 2), (13, -15, 2), (14, -16, 2), (15, -17, 2), (16, -18, 2), (17, -19, 2)][/color]
[Peer: 440931918] [Turn 6] [color=cyan]  Checking ship Viper (Side 2) at (-2.000000, 2.000000, 0.000000) with path [(2, -10, 8), (2, -9, 7), (2, -8, 6), (2, -7, 5), (2, -6, 4), (2, -5, 3), (2, -4, 2), (2, -3, 1), (2, -2, 0), (2, -1, -1), (2, 0, -2), (1, 1, -2), (0, 2, -2), (-1, 2, -1), (-2, 2, 0)][/color]
[Peer: 440931918] [Turn 6] [color=cyan]  Checking ship Sathar Fighter C (Side 2) at (0.000000, -22.000000, 22.000000) with path [(-8, -26, 34), (-9, -26, 35), (-9, -27, 36), (-10, -27, 37), (-11, -26, 37), (-12, -25, 37), (-12, -24, 36), (-12, -23, 35), (-12, -22, 34), (-11, -22, 33), (-10, -22, 32), (-9, -22, 31), (-8, -22, 30), (-7, -22, 29), (-6, -22, 28), (-5, -22, 27), (-4, -22, 26), (-3, -22, 25), (-2, -22, 24), (-1, -22, 23), (0, -22, 22)][/color]
[Peer: 440931918] [Turn 6] [color=cyan]  Checking ship Sathar Fighter D (Side 2) at (1.000000, 2.000000, -3.000000) with path [(7, -11, 4), (6, -10, 4), (5, -10, 5), (4, -10, 6), (3, -9, 6), (3, -8, 5), (3, -7, 4), (3, -6, 3), (3, -5, 2), (3, -4, 1), (3, -3, 0), (2, -2, 0), (1, -1, 0), (1, 0, -1), (1, 1, -2), (1, 2, -3)][/color]
[Peer: 440931918] [Turn 6] [color=cyan]  Checking ship Sathar Fighter F (Side 2) at (0.000000, -1.000000, 1.000000) with path [(5, -5, 0), (5, -6, 1), (4, -6, 2), (3, -6, 3), (2, -6, 4), (2, -7, 5), (1, -7, 6), (0, -6, 6), (0, -5, 5), (0, -4, 4), (0, -3, 3), (0, -2, 2), (0, -1, 1)][/color]
[Peer: 440931918] [Turn 6] Mines check complete. Hit ships size: 0
[Peer: 440931918] [Turn 6] [color=cyan]  Checking ship Maelstrom (Side 2) at (27.000000, -26.000000, -1.000000) with path [(21, -24, 3), (22, -24, 2), (23, -24, 1), (24, -24, 0), (25, -24, -1), (26, -25, -1), (27, -26, -1)][/color]
[Peer: 440931918] [Turn 6] [color=cyan]  Checking ship Carrion (Side 2) at (19.000000, -27.000000, 8.000000) with path [(17, -24, 7), (17, -25, 8), (18, -26, 8), (19, -27, 8)][/color]
[Peer: 440931918] [Turn 6] [color=cyan]  Checking ship Deathstroke (Side 2) at (17.000000, -19.000000, 2.000000) with path [(4, -13, 9), (4, -12, 8), (5, -12, 7), (6, -12, 6), (7, -12, 5), (8, -12, 4), (9, -12, 3), (10, -12, 2), (11, -13, 2), (12, -14, 2), (13, -15, 2), (14, -16, 2), (15, -17, 2), (16, -18, 2), (17, -19, 2)][/color]
[Peer: 440931918] [Turn 6] [color=cyan]  Checking ship Viper (Side 2) at (-2.000000, 2.000000, 0.000000) with path [(2, -10, 8), (2, -9, 7), (2, -8, 6), (2, -7, 5), (2, -6, 4), (2, -5, 3), (2, -4, 2), (2, -3, 1), (2, -2, 0), (2, -1, -1), (2, 0, -2), (1, 1, -2), (0, 2, -2), (-1, 2, -1), (-2, 2, 0)][/color]
[Peer: 440931918] [Turn 6] [color=cyan]  Checking ship Sathar Fighter C (Side 2) at (0.000000, -22.000000, 22.000000) with path [(-8, -26, 34), (-9, -26, 35), (-9, -27, 36), (-10, -27, 37), (-11, -26, 37), (-12, -25, 37), (-12, -24, 36), (-12, -23, 35), (-12, -22, 34), (-11, -22, 33), (-10, -22, 32), (-9, -22, 31), (-8, -22, 30), (-7, -22, 29), (-6, -22, 28), (-5, -22, 27), (-4, -22, 26), (-3, -22, 25), (-2, -22, 24), (-1, -22, 23), (0, -22, 22)][/color]
[Peer: 440931918] [Turn 6] [color=cyan]  Checking ship Sathar Fighter D (Side 2) at (1.000000, 2.000000, -3.000000) with path [(7, -11, 4), (6, -10, 4), (5, -10, 5), (4, -10, 6), (3, -9, 6), (3, -8, 5), (3, -7, 4), (3, -6, 3), (3, -5, 2), (3, -4, 1), (3, -3, 0), (2, -2, 0), (1, -1, 0), (1, 0, -1), (1, 1, -2), (1, 2, -3)][/color]
[Peer: 440931918] [Turn 6] [color=cyan]  Checking ship Sathar Fighter F (Side 2) at (0.000000, -1.000000, 1.000000) with path [(5, -5, 0), (5, -6, 1), (4, -6, 2), (3, -6, 3), (2, -6, 4), (2, -7, 5), (1, -7, 6), (0, -6, 6), (0, -5, 5), (0, -4, 4), (0, -3, 3), (0, -2, 2), (0, -1, 1)][/color]
[Peer: 440931918] [Turn 6] Mines check complete. Hit ships size: 0
[Peer: 440931918] [Turn 6] [color=cyan]  Checking ship Maelstrom (Side 2) at (27.000000, -26.000000, -1.000000) with path [(21, -24, 3), (22, -24, 2), (23, -24, 1), (24, -24, 0), (25, -24, -1), (26, -25, -1), (27, -26, -1)][/color]
[Peer: 440931918] [Turn 6] [color=cyan]  Checking ship Carrion (Side 2) at (19.000000, -27.000000, 8.000000) with path [(17, -24, 7), (17, -25, 8), (18, -26, 8), (19, -27, 8)][/color]
[Peer: 440931918] [Turn 6] [color=cyan]  Checking ship Deathstroke (Side 2) at (17.000000, -19.000000, 2.000000) with path [(4, -13, 9), (4, -12, 8), (5, -12, 7), (6, -12, 6), (7, -12, 5), (8, -12, 4), (9, -12, 3), (10, -12, 2), (11, -13, 2), (12, -14, 2), (13, -15, 2), (14, -16, 2), (15, -17, 2), (16, -18, 2), (17, -19, 2)][/color]
[Peer: 440931918] [Turn 6] [color=cyan]  Checking ship Viper (Side 2) at (-2.000000, 2.000000, 0.000000) with path [(2, -10, 8), (2, -9, 7), (2, -8, 6), (2, -7, 5), (2, -6, 4), (2, -5, 3), (2, -4, 2), (2, -3, 1), (2, -2, 0), (2, -1, -1), (2, 0, -2), (1, 1, -2), (0, 2, -2), (-1, 2, -1), (-2, 2, 0)][/color]
[Peer: 440931918] [Turn 6] [color=cyan]  Checking ship Sathar Fighter C (Side 2) at (0.000000, -22.000000, 22.000000) with path [(-8, -26, 34), (-9, -26, 35), (-9, -27, 36), (-10, -27, 37), (-11, -26, 37), (-12, -25, 37), (-12, -24, 36), (-12, -23, 35), (-12, -22, 34), (-11, -22, 33), (-10, -22, 32), (-9, -22, 31), (-8, -22, 30), (-7, -22, 29), (-6, -22, 28), (-5, -22, 27), (-4, -22, 26), (-3, -22, 25), (-2, -22, 24), (-1, -22, 23), (0, -22, 22)][/color]
[Peer: 440931918] [Turn 6] [color=cyan]  Checking ship Sathar Fighter D (Side 2) at (1.000000, 2.000000, -3.000000) with path [(7, -11, 4), (6, -10, 4), (5, -10, 5), (4, -10, 6), (3, -9, 6), (3, -8, 5), (3, -7, 4), (3, -6, 3), (3, -5, 2), (3, -4, 1), (3, -3, 0), (2, -2, 0), (1, -1, 0), (1, 0, -1), (1, 1, -2), (1, 2, -3)][/color]
[Peer: 440931918] [Turn 6] [color=cyan]  Checking ship Sathar Fighter F (Side 2) at (0.000000, -1.000000, 1.000000) with path [(5, -5, 0), (5, -6, 1), (4, -6, 2), (3, -6, 3), (2, -6, 4), (2, -7, 5), (1, -7, 6), (0, -6, 6), (0, -5, 5), (0, -4, 4), (0, -3, 3), (0, -2, 2), (0, -1, 1)][/color]
[Peer: 440931918] [Turn 6] Mines check complete. Hit ships size: 0
[Peer: 440931918] [Turn 6] [color=cyan]  Checking ship Maelstrom (Side 2) at (27.000000, -26.000000, -1.000000) with path [(21, -24, 3), (22, -24, 2), (23, -24, 1), (24, -24, 0), (25, -24, -1), (26, -25, -1), (27, -26, -1)][/color]
[Peer: 440931918] [Turn 6] [color=cyan]  Checking ship Carrion (Side 2) at (19.000000, -27.000000, 8.000000) with path [(17, -24, 7), (17, -25, 8), (18, -26, 8), (19, -27, 8)][/color]
[Peer: 440931918] [Turn 6] [color=cyan]  Checking ship Deathstroke (Side 2) at (17.000000, -19.000000, 2.000000) with path [(4, -13, 9), (4, -12, 8), (5, -12, 7), (6, -12, 6), (7, -12, 5), (8, -12, 4), (9, -12, 3), (10, -12, 2), (11, -13, 2), (12, -14, 2), (13, -15, 2), (14, -16, 2), (15, -17, 2), (16, -18, 2), (17, -19, 2)][/color]
[Peer: 440931918] [Turn 6] [color=cyan]  Checking ship Viper (Side 2) at (-2.000000, 2.000000, 0.000000) with path [(2, -10, 8), (2, -9, 7), (2, -8, 6), (2, -7, 5), (2, -6, 4), (2, -5, 3), (2, -4, 2), (2, -3, 1), (2, -2, 0), (2, -1, -1), (2, 0, -2), (1, 1, -2), (0, 2, -2), (-1, 2, -1), (-2, 2, 0)][/color]
[Peer: 440931918] [Turn 6] [color=cyan]  Checking ship Sathar Fighter C (Side 2) at (0.000000, -22.000000, 22.000000) with path [(-8, -26, 34), (-9, -26, 35), (-9, -27, 36), (-10, -27, 37), (-11, -26, 37), (-12, -25, 37), (-12, -24, 36), (-12, -23, 35), (-12, -22, 34), (-11, -22, 33), (-10, -22, 32), (-9, -22, 31), (-8, -22, 30), (-7, -22, 29), (-6, -22, 28), (-5, -22, 27), (-4, -22, 26), (-3, -22, 25), (-2, -22, 24), (-1, -22, 23), (0, -22, 22)][/color]
[Peer: 440931918] [Turn 6] [color=cyan]  Checking ship Sathar Fighter D (Side 2) at (1.000000, 2.000000, -3.000000) with path [(7, -11, 4), (6, -10, 4), (5, -10, 5), (4, -10, 6), (3, -9, 6), (3, -8, 5), (3, -7, 4), (3, -6, 3), (3, -5, 2), (3, -4, 1), (3, -3, 0), (2, -2, 0), (1, -1, 0), (1, 0, -1), (1, 1, -2), (1, 2, -3)][/color]
[Peer: 440931918] [Turn 6] [color=cyan]  Checking ship Sathar Fighter F (Side 2) at (0.000000, -1.000000, 1.000000) with path [(5, -5, 0), (5, -6, 1), (4, -6, 2), (3, -6, 3), (2, -6, 4), (2, -7, 5), (1, -7, 6), (0, -6, 6), (0, -5, 5), (0, -4, 4), (0, -3, 3), (0, -2, 2), (0, -1, 1)][/color]
[Peer: 440931918] [Turn 6] Mines check complete. Hit ships size: 0
[Peer: 440931918] [Turn 6] [color=cyan]  Checking ship Maelstrom (Side 2) at (27.000000, -26.000000, -1.000000) with path [(21, -24, 3), (22, -24, 2), (23, -24, 1), (24, -24, 0), (25, -24, -1), (26, -25, -1), (27, -26, -1)][/color]
[Peer: 440931918] [Turn 6] [color=cyan]  Checking ship Carrion (Side 2) at (19.000000, -27.000000, 8.000000) with path [(17, -24, 7), (17, -25, 8), (18, -26, 8), (19, -27, 8)][/color]
[Peer: 440931918] [Turn 6] [color=cyan]  Checking ship Deathstroke (Side 2) at (17.000000, -19.000000, 2.000000) with path [(4, -13, 9), (4, -12, 8), (5, -12, 7), (6, -12, 6), (7, -12, 5), (8, -12, 4), (9, -12, 3), (10, -12, 2), (11, -13, 2), (12, -14, 2), (13, -15, 2), (14, -16, 2), (15, -17, 2), (16, -18, 2), (17, -19, 2)][/color]
[Peer: 440931918] [Turn 6] [color=cyan]  Checking ship Viper (Side 2) at (-2.000000, 2.000000, 0.000000) with path [(2, -10, 8), (2, -9, 7), (2, -8, 6), (2, -7, 5), (2, -6, 4), (2, -5, 3), (2, -4, 2), (2, -3, 1), (2, -2, 0), (2, -1, -1), (2, 0, -2), (1, 1, -2), (0, 2, -2), (-1, 2, -1), (-2, 2, 0)][/color]
[Peer: 440931918] [Turn 6] [color=cyan]  Checking ship Sathar Fighter C (Side 2) at (0.000000, -22.000000, 22.000000) with path [(-8, -26, 34), (-9, -26, 35), (-9, -27, 36), (-10, -27, 37), (-11, -26, 37), (-12, -25, 37), (-12, -24, 36), (-12, -23, 35), (-12, -22, 34), (-11, -22, 33), (-10, -22, 32), (-9, -22, 31), (-8, -22, 30), (-7, -22, 29), (-6, -22, 28), (-5, -22, 27), (-4, -22, 26), (-3, -22, 25), (-2, -22, 24), (-1, -22, 23), (0, -22, 22)][/color]
[Peer: 440931918] [Turn 6] [color=cyan]  Checking ship Sathar Fighter D (Side 2) at (1.000000, 2.000000, -3.000000) with path [(7, -11, 4), (6, -10, 4), (5, -10, 5), (4, -10, 6), (3, -9, 6), (3, -8, 5), (3, -7, 4), (3, -6, 3), (3, -5, 2), (3, -4, 1), (3, -3, 0), (2, -2, 0), (1, -1, 0), (1, 0, -1), (1, 1, -2), (1, 2, -3)][/color]
[Peer: 440931918] [Turn 6] [color=cyan]  Checking ship Sathar Fighter F (Side 2) at (0.000000, -1.000000, 1.000000) with path [(5, -5, 0), (5, -6, 1), (4, -6, 2), (3, -6, 3), (2, -6, 4), (2, -7, 5), (1, -7, 6), (0, -6, 6), (0, -5, 5), (0, -4, 4), (0, -3, 3), (0, -2, 2), (0, -1, 1)][/color]
[Peer: 440931918] [Turn 6] Mines check complete. Hit ships size: 0
[Peer: 440931918] [Turn 6] [color=cyan]  Checking ship Maelstrom (Side 2) at (27.000000, -26.000000, -1.000000) with path [(21, -24, 3), (22, -24, 2), (23, -24, 1), (24, -24, 0), (25, -24, -1), (26, -25, -1), (27, -26, -1)][/color]
[Peer: 440931918] [Turn 6] [color=cyan]  Checking ship Carrion (Side 2) at (19.000000, -27.000000, 8.000000) with path [(17, -24, 7), (17, -25, 8), (18, -26, 8), (19, -27, 8)][/color]
[Peer: 440931918] [Turn 6] [color=cyan]  Checking ship Deathstroke (Side 2) at (17.000000, -19.000000, 2.000000) with path [(4, -13, 9), (4, -12, 8), (5, -12, 7), (6, -12, 6), (7, -12, 5), (8, -12, 4), (9, -12, 3), (10, -12, 2), (11, -13, 2), (12, -14, 2), (13, -15, 2), (14, -16, 2), (15, -17, 2), (16, -18, 2), (17, -19, 2)][/color]
[Peer: 440931918] [Turn 6] [color=cyan]  Checking ship Viper (Side 2) at (-2.000000, 2.000000, 0.000000) with path [(2, -10, 8), (2, -9, 7), (2, -8, 6), (2, -7, 5), (2, -6, 4), (2, -5, 3), (2, -4, 2), (2, -3, 1), (2, -2, 0), (2, -1, -1), (2, 0, -2), (1, 1, -2), (0, 2, -2), (-1, 2, -1), (-2, 2, 0)][/color]
[Peer: 440931918] [Turn 6] [color=cyan]  Checking ship Sathar Fighter C (Side 2) at (0.000000, -22.000000, 22.000000) with path [(-8, -26, 34), (-9, -26, 35), (-9, -27, 36), (-10, -27, 37), (-11, -26, 37), (-12, -25, 37), (-12, -24, 36), (-12, -23, 35), (-12, -22, 34), (-11, -22, 33), (-10, -22, 32), (-9, -22, 31), (-8, -22, 30), (-7, -22, 29), (-6, -22, 28), (-5, -22, 27), (-4, -22, 26), (-3, -22, 25), (-2, -22, 24), (-1, -22, 23), (0, -22, 22)][/color]
[Peer: 440931918] [Turn 6] [color=cyan]  Checking ship Sathar Fighter D (Side 2) at (1.000000, 2.000000, -3.000000) with path [(7, -11, 4), (6, -10, 4), (5, -10, 5), (4, -10, 6), (3, -9, 6), (3, -8, 5), (3, -7, 4), (3, -6, 3), (3, -5, 2), (3, -4, 1), (3, -3, 0), (2, -2, 0), (1, -1, 0), (1, 0, -1), (1, 1, -2), (1, 2, -3)][/color]
[Peer: 440931918] [Turn 6] [color=cyan]  Checking ship Sathar Fighter F (Side 2) at (0.000000, -1.000000, 1.000000) with path [(5, -5, 0), (5, -6, 1), (4, -6, 2), (3, -6, 3), (2, -6, 4), (2, -7, 5), (1, -7, 6), (0, -6, 6), (0, -5, 5), (0, -4, 4), (0, -3, 3), (0, -2, 2), (0, -1, 1)][/color]
[Peer: 440931918] [Turn 6] Mines check complete. Hit ships size: 0
[Peer: 440931918] [Turn 6] [color=cyan]  Checking ship Maelstrom (Side 2) at (27.000000, -26.000000, -1.000000) with path [(21, -24, 3), (22, -24, 2), (23, -24, 1), (24, -24, 0), (25, -24, -1), (26, -25, -1), (27, -26, -1)][/color]
[Peer: 440931918] [Turn 6] [color=cyan]  Checking ship Carrion (Side 2) at (19.000000, -27.000000, 8.000000) with path [(17, -24, 7), (17, -25, 8), (18, -26, 8), (19, -27, 8)][/color]
[Peer: 440931918] [Turn 6] [color=cyan]  Checking ship Deathstroke (Side 2) at (17.000000, -19.000000, 2.000000) with path [(4, -13, 9), (4, -12, 8), (5, -12, 7), (6, -12, 6), (7, -12, 5), (8, -12, 4), (9, -12, 3), (10, -12, 2), (11, -13, 2), (12, -14, 2), (13, -15, 2), (14, -16, 2), (15, -17, 2), (16, -18, 2), (17, -19, 2)][/color]
[Peer: 440931918] [Turn 6] [color=cyan]  Checking ship Viper (Side 2) at (-2.000000, 2.000000, 0.000000) with path [(2, -10, 8), (2, -9, 7), (2, -8, 6), (2, -7, 5), (2, -6, 4), (2, -5, 3), (2, -4, 2), (2, -3, 1), (2, -2, 0), (2, -1, -1), (2, 0, -2), (1, 1, -2), (0, 2, -2), (-1, 2, -1), (-2, 2, 0)][/color]
[Peer: 440931918] [Turn 6] [color=cyan]  Checking ship Sathar Fighter C (Side 2) at (0.000000, -22.000000, 22.000000) with path [(-8, -26, 34), (-9, -26, 35), (-9, -27, 36), (-10, -27, 37), (-11, -26, 37), (-12, -25, 37), (-12, -24, 36), (-12, -23, 35), (-12, -22, 34), (-11, -22, 33), (-10, -22, 32), (-9, -22, 31), (-8, -22, 30), (-7, -22, 29), (-6, -22, 28), (-5, -22, 27), (-4, -22, 26), (-3, -22, 25), (-2, -22, 24), (-1, -22, 23), (0, -22, 22)][/color]
[Peer: 440931918] [Turn 6] [color=cyan]  Checking ship Sathar Fighter D (Side 2) at (1.000000, 2.000000, -3.000000) with path [(7, -11, 4), (6, -10, 4), (5, -10, 5), (4, -10, 6), (3, -9, 6), (3, -8, 5), (3, -7, 4), (3, -6, 3), (3, -5, 2), (3, -4, 1), (3, -3, 0), (2, -2, 0), (1, -1, 0), (1, 0, -1), (1, 1, -2), (1, 2, -3)][/color]
[Peer: 440931918] [Turn 6] [color=cyan]  Checking ship Sathar Fighter F (Side 2) at (0.000000, -1.000000, 1.000000) with path [(5, -5, 0), (5, -6, 1), (4, -6, 2), (3, -6, 3), (2, -6, 4), (2, -7, 5), (1, -7, 6), (0, -6, 6), (0, -5, 5), (0, -4, 4), (0, -3, 3), (0, -2, 2), (0, -1, 1)][/color]
[Peer: 440931918] [Turn 6] Mines check complete. Hit ships size: 0
[Peer: 440931918] [Turn 6] [color=cyan]  Checking ship Maelstrom (Side 2) at (27.000000, -26.000000, -1.000000) with path [(21, -24, 3), (22, -24, 2), (23, -24, 1), (24, -24, 0), (25, -24, -1), (26, -25, -1), (27, -26, -1)][/color]
[Peer: 440931918] [Turn 6] [color=cyan]  Checking ship Carrion (Side 2) at (19.000000, -27.000000, 8.000000) with path [(17, -24, 7), (17, -25, 8), (18, -26, 8), (19, -27, 8)][/color]
[Peer: 440931918] [Turn 6] [color=cyan]  Checking ship Deathstroke (Side 2) at (17.000000, -19.000000, 2.000000) with path [(4, -13, 9), (4, -12, 8), (5, -12, 7), (6, -12, 6), (7, -12, 5), (8, -12, 4), (9, -12, 3), (10, -12, 2), (11, -13, 2), (12, -14, 2), (13, -15, 2), (14, -16, 2), (15, -17, 2), (16, -18, 2), (17, -19, 2)][/color]
[Peer: 440931918] [Turn 6] [color=cyan]  Checking ship Viper (Side 2) at (-2.000000, 2.000000, 0.000000) with path [(2, -10, 8), (2, -9, 7), (2, -8, 6), (2, -7, 5), (2, -6, 4), (2, -5, 3), (2, -4, 2), (2, -3, 1), (2, -2, 0), (2, -1, -1), (2, 0, -2), (1, 1, -2), (0, 2, -2), (-1, 2, -1), (-2, 2, 0)][/color]
[Peer: 440931918] [Turn 6] [color=cyan]  Checking ship Sathar Fighter C (Side 2) at (0.000000, -22.000000, 22.000000) with path [(-8, -26, 34), (-9, -26, 35), (-9, -27, 36), (-10, -27, 37), (-11, -26, 37), (-12, -25, 37), (-12, -24, 36), (-12, -23, 35), (-12, -22, 34), (-11, -22, 33), (-10, -22, 32), (-9, -22, 31), (-8, -22, 30), (-7, -22, 29), (-6, -22, 28), (-5, -22, 27), (-4, -22, 26), (-3, -22, 25), (-2, -22, 24), (-1, -22, 23), (0, -22, 22)][/color]
[Peer: 440931918] [Turn 6] [color=cyan]  Checking ship Sathar Fighter D (Side 2) at (1.000000, 2.000000, -3.000000) with path [(7, -11, 4), (6, -10, 4), (5, -10, 5), (4, -10, 6), (3, -9, 6), (3, -8, 5), (3, -7, 4), (3, -6, 3), (3, -5, 2), (3, -4, 1), (3, -3, 0), (2, -2, 0), (1, -1, 0), (1, 0, -1), (1, 1, -2), (1, 2, -3)][/color]
[Peer: 440931918] [Turn 6] [color=cyan]  Checking ship Sathar Fighter F (Side 2) at (0.000000, -1.000000, 1.000000) with path [(5, -5, 0), (5, -6, 1), (4, -6, 2), (3, -6, 3), (2, -6, 4), (2, -7, 5), (1, -7, 6), (0, -6, 6), (0, -5, 5), (0, -4, 4), (0, -3, 3), (0, -2, 2), (0, -1, 1)][/color]
[Peer: 440931918] [Turn 6] Mines check complete. Hit ships size: 0
[Peer: 440931918] [Turn 6] [color=cyan]  Checking ship Maelstrom (Side 2) at (27.000000, -26.000000, -1.000000) with path [(21, -24, 3), (22, -24, 2), (23, -24, 1), (24, -24, 0), (25, -24, -1), (26, -25, -1), (27, -26, -1)][/color]
[Peer: 440931918] [Turn 6] [color=cyan]  Checking ship Carrion (Side 2) at (19.000000, -27.000000, 8.000000) with path [(17, -24, 7), (17, -25, 8), (18, -26, 8), (19, -27, 8)][/color]
[Peer: 440931918] [Turn 6] [color=cyan]  Checking ship Deathstroke (Side 2) at (17.000000, -19.000000, 2.000000) with path [(4, -13, 9), (4, -12, 8), (5, -12, 7), (6, -12, 6), (7, -12, 5), (8, -12, 4), (9, -12, 3), (10, -12, 2), (11, -13, 2), (12, -14, 2), (13, -15, 2), (14, -16, 2), (15, -17, 2), (16, -18, 2), (17, -19, 2)][/color]
[Peer: 440931918] [Turn 6] [color=cyan]  Checking ship Viper (Side 2) at (-2.000000, 2.000000, 0.000000) with path [(2, -10, 8), (2, -9, 7), (2, -8, 6), (2, -7, 5), (2, -6, 4), (2, -5, 3), (2, -4, 2), (2, -3, 1), (2, -2, 0), (2, -1, -1), (2, 0, -2), (1, 1, -2), (0, 2, -2), (-1, 2, -1), (-2, 2, 0)][/color]
[Peer: 440931918] [Turn 6] [color=cyan]  Checking ship Sathar Fighter C (Side 2) at (0.000000, -22.000000, 22.000000) with path [(-8, -26, 34), (-9, -26, 35), (-9, -27, 36), (-10, -27, 37), (-11, -26, 37), (-12, -25, 37), (-12, -24, 36), (-12, -23, 35), (-12, -22, 34), (-11, -22, 33), (-10, -22, 32), (-9, -22, 31), (-8, -22, 30), (-7, -22, 29), (-6, -22, 28), (-5, -22, 27), (-4, -22, 26), (-3, -22, 25), (-2, -22, 24), (-1, -22, 23), (0, -22, 22)][/color]
[Peer: 440931918] [Turn 6] [color=cyan]  Checking ship Sathar Fighter D (Side 2) at (1.000000, 2.000000, -3.000000) with path [(7, -11, 4), (6, -10, 4), (5, -10, 5), (4, -10, 6), (3, -9, 6), (3, -8, 5), (3, -7, 4), (3, -6, 3), (3, -5, 2), (3, -4, 1), (3, -3, 0), (2, -2, 0), (1, -1, 0), (1, 0, -1), (1, 1, -2), (1, 2, -3)][/color]
[Peer: 440931918] [Turn 6] [color=cyan]  Checking ship Sathar Fighter F (Side 2) at (0.000000, -1.000000, 1.000000) with path [(5, -5, 0), (5, -6, 1), (4, -6, 2), (3, -6, 3), (2, -6, 4), (2, -7, 5), (1, -7, 6), (0, -6, 6), (0, -5, 5), (0, -4, 4), (0, -3, 3), (0, -2, 2), (0, -1, 1)][/color]
[Peer: 440931918] [Turn 6] Mines check complete. Hit ships size: 0
[Peer: 440931918] [Turn 6] [color=cyan]  Checking ship Maelstrom (Side 2) at (27.000000, -26.000000, -1.000000) with path [(21, -24, 3), (22, -24, 2), (23, -24, 1), (24, -24, 0), (25, -24, -1), (26, -25, -1), (27, -26, -1)][/color]
[Peer: 440931918] [Turn 6] [color=cyan]  Checking ship Carrion (Side 2) at (19.000000, -27.000000, 8.000000) with path [(17, -24, 7), (17, -25, 8), (18, -26, 8), (19, -27, 8)][/color]
[Peer: 440931918] [Turn 6] [color=cyan]  Checking ship Deathstroke (Side 2) at (17.000000, -19.000000, 2.000000) with path [(4, -13, 9), (4, -12, 8), (5, -12, 7), (6, -12, 6), (7, -12, 5), (8, -12, 4), (9, -12, 3), (10, -12, 2), (11, -13, 2), (12, -14, 2), (13, -15, 2), (14, -16, 2), (15, -17, 2), (16, -18, 2), (17, -19, 2)][/color]
[Peer: 440931918] [Turn 6] [color=cyan]  Checking ship Viper (Side 2) at (-2.000000, 2.000000, 0.000000) with path [(2, -10, 8), (2, -9, 7), (2, -8, 6), (2, -7, 5), (2, -6, 4), (2, -5, 3), (2, -4, 2), (2, -3, 1), (2, -2, 0), (2, -1, -1), (2, 0, -2), (1, 1, -2), (0, 2, -2), (-1, 2, -1), (-2, 2, 0)][/color]
[Peer: 440931918] [Turn 6] [color=cyan]  Checking ship Sathar Fighter C (Side 2) at (0.000000, -22.000000, 22.000000) with path [(-8, -26, 34), (-9, -26, 35), (-9, -27, 36), (-10, -27, 37), (-11, -26, 37), (-12, -25, 37), (-12, -24, 36), (-12, -23, 35), (-12, -22, 34), (-11, -22, 33), (-10, -22, 32), (-9, -22, 31), (-8, -22, 30), (-7, -22, 29), (-6, -22, 28), (-5, -22, 27), (-4, -22, 26), (-3, -22, 25), (-2, -22, 24), (-1, -22, 23), (0, -22, 22)][/color]
[Peer: 440931918] [Turn 6] [color=cyan]  Checking ship Sathar Fighter D (Side 2) at (1.000000, 2.000000, -3.000000) with path [(7, -11, 4), (6, -10, 4), (5, -10, 5), (4, -10, 6), (3, -9, 6), (3, -8, 5), (3, -7, 4), (3, -6, 3), (3, -5, 2), (3, -4, 1), (3, -3, 0), (2, -2, 0), (1, -1, 0), (1, 0, -1), (1, 1, -2), (1, 2, -3)][/color]
[Peer: 440931918] [Turn 6] [color=cyan]  Checking ship Sathar Fighter F (Side 2) at (0.000000, -1.000000, 1.000000) with path [(5, -5, 0), (5, -6, 1), (4, -6, 2), (3, -6, 3), (2, -6, 4), (2, -7, 5), (1, -7, 6), (0, -6, 6), (0, -5, 5), (0, -4, 4), (0, -3, 3), (0, -2, 2), (0, -1, 1)][/color]
[Peer: 440931918] [Turn 6] Mines check complete. Hit ships size: 0
[Peer: 440931918] [Turn 6] [color=cyan]!!! DEBUG !!! Entering Seeker Movement. Active Seekers: 4[/color]
[Peer: 440931918] [Turn 6] Movement Phase Complete for Side 1. Starting Combat.
[DEBUG] start_combat_passive: Side 2 firing (Opponent of Moving Side 1)
[Peer: 440931918] [Turn 6] Combat Planning: Side 2
[DEBUG] TARGET CHECK P2. Ships: 7
[DEBUG] Weapon Torpedoes N/A for Carrion (Phase 3, Fired false)
[DEBUG] Weapon Torpedoes N/A for Deathstroke (Phase 3, Fired false)
[DEBUG] VALID: Viper found target with Laser Battery
[Peer: 440931918] [Turn 6] AI Planning: DD Viper -> ST Ken'zah Station with Laser Battery (Utility: 8.45)
[Peer: 440931918] [Turn 6] AI Planning: DD Viper -> ST Ken'zah Station with Electron Battery (Utility: 7.18)
[Peer: 440931918] [Turn 6] AI Planning: DD Viper -> ST Ken'zah Station with Rocket Batteries (Utility: 6.77)
[Peer: 440931918] [Turn 6] Resolving 3 attacks...
[Peer: 440931918] [Turn 6] DD Viper firing Laser Battery at ST Ken'zah Station
Combat Roll: Distance 3, Chance 25%, Rolled 41
[Peer: 440931918] [Turn 6] Firing Ship: DD Viper, Weapon: Laser Battery, Odds: 25%, Roll: 41, Result: MISS
[Peer: 440931918] [Turn 6] [color=red]MISS![/color]
[Peer: 440931918] [Turn 6] DD Viper firing Laser Battery at ST Ken'zah Station
[Peer: 440931918] [Turn 6] Firing Ship: DD Viper, Weapon: Laser Battery, Odds: 25%, Roll: 41, Result: MISS
[Peer: 440931918] [Turn 6] DD Viper firing Electron Battery at ST Ken'zah Station
Combat Roll: Distance 3, Chance 35%, Rolled 51
[Peer: 440931918] [Turn 6] Firing Ship: DD Viper, Weapon: Electron Battery, Odds: 35%, Roll: 51, Result: MISS
[Peer: 440931918] [Turn 6] [color=red]MISS![/color]
[Peer: 440931918] [Turn 6] DD Viper firing Electron Battery at ST Ken'zah Station
[Peer: 440931918] [Turn 6] Firing Ship: DD Viper, Weapon: Electron Battery, Odds: 35%, Roll: 51, Result: MISS
[Peer: 440931918] [Turn 6] DD Viper firing Rocket Batteries at ST Ken'zah Station
>>> TRIGGER ICM TOP. Target=Ken'zah Station
>>> TRIGGER ICM MID: is_networked=true
>>> DEBUG RPC ICM: Target Name string = Ken'zah Station
>>> DEBUG RPC ICM: IS AI TARGET = false
>>> DEBUG EVALUATION: target_owner=false ai_target=false local_bot=false
[Peer: 440931918] [Turn 6] Shared Defense launches 4 total ICMs!
[Peer: 440931918] [Turn 6] DD Viper firing Rocket Batteries at ST Ken'zah Station
>>> DEBUG RPC ICM: Target Name string = Ken'zah Station
>>> DEBUG RPC ICM: IS AI TARGET = false
>>> DEBUG EVALUATION: target_owner=false ai_target=false local_bot=false
Combat Roll: Distance 3, Chance 28%, Rolled 19
[Peer: 440931918] [Turn 6] Firing Ship: DD Viper, Weapon: Rocket Batteries, Odds: 28%, Roll: 19, Result: HIT
Damage Roll: 2d10+0 -> 8
Damage Roll: d100(64) + DTM(0) = 64
[Peer: 440931918] [Turn 6] [color=green]HIT![/color] Rolling Damage Table (d100+0 = 64)
[Peer: 440931918] [Turn 6] Firing Ship: DD Viper, Weapon: Rocket Batteries, Odds: 28%, Roll: 19, Result: HIT
[Peer: 440931918] [Turn 6] [color=green]HIT![/color] Rolling Damage Table (d100+0 = 64)
[Peer: 440931918] [Turn 6] Ken'zah Station: Weapon Hit: Laser Battery Crippled!
DEBUG: broadcast_icm_decision called on peer 440931918
[Peer: 440931918] [Turn 6] Resolution Phase Complete.
[Peer: 440931918] [Turn 6] Turn Segment Complete.
[DEBUG] start_combat_active: Side 1 firing (Active Side)
[Peer: 440931918] [Turn 6] Combat Planning: Side 1
[DEBUG] TARGET CHECK P1. Ships: 8
[DEBUG] Weapon Laser Battery N/A for Ken'zah Station (Phase 3, Fired false)
[DEBUG] VALID: Ken'zah Station found target with Laser Battery
[Peer: 440931918] [Turn 6] Resolving 7 attacks...
[Peer: 440931918] [Turn 6] ST Ken'zah Station firing Laser Battery at F Sathar Fighter D
Combat Roll: Distance 2, Chance 40%, Rolled 63
[Peer: 440931918] [Turn 6] Firing Ship: ST Ken'zah Station, Weapon: Laser Battery, Odds: 40%, Roll: 63, Result: MISS
[Peer: 440931918] [Turn 6] [color=red]MISS![/color]
[Peer: 440931918] [Turn 6] ST Ken'zah Station firing Laser Battery at F Sathar Fighter D
[Peer: 440931918] [Turn 6] Firing Ship: ST Ken'zah Station, Weapon: Laser Battery, Odds: 40%, Roll: 63, Result: MISS
[Peer: 440931918] [Turn 6] ST Ken'zah Station firing Rocket Battery Swarm at F Sathar Fighter D
[Peer: 440931918] [Turn 6] Firing Ship: ST Ken'zah Station, Weapon: Rocket Battery Swarm, Odds: 40%, Roll: 45, Result: MISS
[Peer: 440931918] [Turn 6] ST Ken'zah Station firing Rocket Battery Swarm at F Sathar Fighter D
Combat Roll: Distance 2, Chance 40%, Rolled 45
[Peer: 440931918] [Turn 6] Firing Ship: ST Ken'zah Station, Weapon: Rocket Battery Swarm, Odds: 40%, Roll: 45, Result: MISS
[Peer: 440931918] [Turn 6] [color=red]MISS![/color]
[Peer: 440931918] [Turn 6] FG Shimmer firing Laser Battery at F Sathar Fighter D
[Peer: 440931918] [Turn 6] Firing Ship: FG Shimmer, Weapon: Laser Battery, Odds: 30%, Roll: 87, Result: MISS
[Peer: 440931918] [Turn 6] FG Shimmer firing Laser Battery at F Sathar Fighter D
Combat Roll: Distance 4, Chance 30%, Rolled 87
[Peer: 440931918] [Turn 6] Firing Ship: FG Shimmer, Weapon: Laser Battery, Odds: 30%, Roll: 87, Result: MISS
[Peer: 440931918] [Turn 6] [color=red]MISS![/color]
[Peer: 440931918] [Turn 6] FG Shimmer firing Torpedoes at F Sathar Fighter D
[Peer: 440931918] [Turn 6] Firing Ship: FG Shimmer, Weapon: Torpedoes, Odds: 70%, Roll: 18, Result: HIT
[Peer: 440931918] [Turn 6] [color=green]HIT![/color] Rolling Damage Table (d100+20 = 50)
[Peer: 440931918] [Turn 6] FG Shimmer firing Torpedoes at F Sathar Fighter D
Combat Roll: Distance 4, Chance 70%, Rolled 18
[Peer: 440931918] [Turn 6] Firing Ship: FG Shimmer, Weapon: Torpedoes, Odds: 70%, Roll: 18, Result: HIT
Damage Roll: 4d10+0 -> 23
Damage Roll: d100(30) + DTM(20) = 50
[Peer: 440931918] [Turn 6] [color=green]HIT![/color] Rolling Damage Table (d100+20 = 50)
[Peer: 440931918] [Turn 6] Sathar Fighter D: Drive Hit (-1/2 ADF)
[Peer: 440931918] [Turn 6] FG Zz'Nakk'T firing Laser Battery at F Sathar Fighter F
[Peer: 440931918] [Turn 6] Firing Ship: FG Zz'Nakk'T, Weapon: Laser Battery, Odds: 45%, Roll: 51, Result: MISS
[Peer: 440931918] [Turn 6] FG Zz'Nakk'T firing Laser Battery at F Sathar Fighter F
Combat Roll: Distance 1, Chance 45%, Rolled 51
[Peer: 440931918] [Turn 6] Firing Ship: FG Zz'Nakk'T, Weapon: Laser Battery, Odds: 45%, Roll: 51, Result: MISS
[Peer: 440931918] [Turn 6] [color=red]MISS![/color]
[Peer: 440931918] [Turn 6] FG Zz'Nakk'T firing Rocket Batteries at F Sathar Fighter F
[Peer: 440931918] [Turn 6] Firing Ship: FG Zz'Nakk'T, Weapon: Rocket Batteries, Odds: 40%, Roll: 55, Result: MISS
[Peer: 440931918] [Turn 6] FG Zz'Nakk'T firing Rocket Batteries at F Sathar Fighter F
Combat Roll: Distance 1, Chance 40%, Rolled 55
[Peer: 440931918] [Turn 6] Firing Ship: FG Zz'Nakk'T, Weapon: Rocket Batteries, Odds: 40%, Roll: 55, Result: MISS
[Peer: 440931918] [Turn 6] [color=red]MISS![/color]
[Peer: 440931918] [Turn 6] FG Zz'Nakk'T firing Torpedoes at F Sathar Fighter F
[Peer: 440931918] [Turn 6] Firing Ship: FG Zz'Nakk'T, Weapon: Torpedoes, Odds: 70%, Roll: 93, Result: MISS
[Peer: 440931918] [Turn 6] FG Zz'Nakk'T firing Torpedoes at F Sathar Fighter F
Combat Roll: Distance 1, Chance 70%, Rolled 93
[Peer: 440931918] [Turn 6] Firing Ship: FG Zz'Nakk'T, Weapon: Torpedoes, Odds: 70%, Roll: 93, Result: MISS
[Peer: 440931918] [Turn 6] [color=red]MISS![/color]
[Peer: 440931918] [Turn 6] [color=orange]Fire damage on Shimmer![/color]
[Peer: 440931918] [Turn 6] Fire Roll: d100+20 = 82 -> Defense Hit (ICM, SS, PS, ES, MS)
[Peer: 440931918] [Turn 6] Shimmer: Defense Hit (ICM, SS, PS, ES, MS)
[Peer: 440931918] [Turn 6] Resolution Phase Complete.
[Peer: 440931918] [Turn 6] Turn Segment Complete.
[Peer: 440931918] [Turn 6] === Turn Start: Side Sathar ===
DEBUG: Rejected Ken'zah Station Side:1 CurSide:2 Moved:false
DEBUG: Rejected Z'Rak't Zoz Side:1 CurSide:2 Moved:false
DEBUG: Rejected Shimmer Side:1 CurSide:2 Moved:false
DEBUG: Rejected Zz'Nakk'T Side:1 CurSide:2 Moved:false
DEBUG: Rejected Fighter A Side:1 CurSide:2 Moved:false
DEBUG: Rejected Fighter B Side:1 CurSide:2 Moved:false
DEBUG: Rejected Fighter C Side:1 CurSide:2 Moved:false
DEBUG: Rejected Fighter F Side:1 CurSide:2 Moved:false
DEBUG: start_movement_phase. Side: 2 Available: 7
DEBUG: First available: Maelstrom ID: 2 Moved: false
DEBUG: Skip Auto-Orbit Check: Maelstrom (Class: Assault Carrier, Orbit: 0)
DEBUG: Skip Auto-Orbit Check: Carrion (Class: Heavy Cruiser, Orbit: 0)
DEBUG: Skip Auto-Orbit Check: Deathstroke (Class: Light Cruiser, Orbit: 0)
DEBUG: Skip Auto-Orbit Check: Viper (Class: Destroyer, Orbit: 0)
DEBUG: Skip Auto-Orbit Check: Sathar Fighter C (Class: Fighter, Orbit: 0)
DEBUG: Skip Auto-Orbit Check: Sathar Fighter D (Class: Fighter, Orbit: 0)
DEBUG: Skip Auto-Orbit Check: Sathar Fighter F (Class: Fighter, Orbit: 0)
[DEBUG] Standard move start for Maelstrom
[Peer: 440931918] [Turn 6] [color=yellow]AI Computer Opponent Planning Movement...[/color]
[Peer: 440931918] [Turn 6] [color=gray]AI Thinking: Evaluating Maelstrom (Unmoved left: 7)[/color]
[Peer: 440931918] [Turn 6] [color=gray]AI Thinking: Nearest target for Maelstrom is Fighter C[/color]
[Peer: 440931918] [Turn 6] [color=gray]AI Thinking: Maelstrom constraints -> Speed [4, 8], MR 1[/color]
[Peer: 440931918] [Turn 6] [color=gray]AI Thinking: Explored 55 possible paths matching speed bounds.[/color]
[Peer: 440931918] [Turn 6] [color=gray]AI Move Eval -> Ship: AC Maelstrom | Start Speed: 6 | Final Speed: 5 (ADF: 2) | MR Used: 1/1[/color]
[Peer: 440931918] [Turn 6] AI plotted movement for AC Maelstrom (Speed 6 -> 5, 5 hexes)
[Peer: 440931918] [Turn 6] Synced Orders for Maelstrom
[Peer: 440931918] [Turn 6] [color=gray]AI Thinking: Evaluating Carrion (Unmoved left: 6)[/color]
[Peer: 440931918] [Turn 6] [color=gray]AI Thinking: Nearest target for Carrion is Fighter C[/color]
[Peer: 440931918] [Turn 6] [color=gray]AI Thinking: Carrion constraints -> Speed [2, 4], MR 1[/color]
[Peer: 440931918] [Turn 6] [color=gray]AI Thinking: Explored 15 possible paths matching speed bounds.[/color]
[Peer: 440931918] [Turn 6] [color=gray]AI Move Eval -> Ship: CA Carrion | Start Speed: 3 | Final Speed: 4 (ADF: 1) | MR Used: 1/1[/color]
[Peer: 440931918] [Turn 6] AI plotted movement for CA Carrion (Speed 3 -> 4, 4 hexes)
[Peer: 440931918] [Turn 6] Synced Orders for Carrion
[Peer: 440931918] [Turn 6] [color=gray]AI Thinking: Evaluating Deathstroke (Unmoved left: 5)[/color]
[Peer: 440931918] [Turn 6] [color=gray]AI Thinking: Nearest target for Deathstroke is Fighter C[/color]
[Peer: 440931918] [Turn 6] [color=gray]AI Thinking: Deathstroke constraints -> Speed [11, 17], MR 2[/color]
[Peer: 440931918] [Turn 6] [color=gray]AI Thinking: Explored 2000 possible paths matching speed bounds.[/color]
[Peer: 440931918] [Turn 6] [color=gray]AI Move Eval -> Ship: CL Deathstroke | Start Speed: 14 | Final Speed: 14 (ADF: 3) | MR Used: 2/2[/color]
[Peer: 440931918] [Turn 6] AI plotted movement for CL Deathstroke (Speed 14 -> 14, 14 hexes)
[Peer: 440931918] [Turn 6] Synced Orders for Deathstroke
[Peer: 440931918] [Turn 6] [color=gray]AI Thinking: Evaluating Viper (Unmoved left: 4)[/color]
[Peer: 440931918] [Turn 6] [color=gray]AI Thinking: Nearest target for Viper is Ken'zah Station[/color]
[Peer: 440931918] [Turn 6] [color=gray]AI Thinking: Viper constraints -> Speed [11, 17], MR 2[/color]
[Peer: 440931918] [Turn 6] [color=gray]AI Thinking: Explored 2000 possible paths matching speed bounds.[/color]
[Peer: 440931918] [Turn 6] [color=gray]AI Move Eval -> Ship: DD Viper | Start Speed: 14 | Final Speed: 14 (ADF: 3) | MR Used: 0/2[/color]
[Peer: 440931918] [Turn 6] AI plotted movement for DD Viper (Speed 14 -> 14, 14 hexes)
[Peer: 440931918] [Turn 6] Synced Orders for Viper
[Peer: 440931918] [Turn 6] [color=gray]AI Thinking: Evaluating Sathar Fighter C (Unmoved left: 3)[/color]
[Peer: 440931918] [Turn 6] [color=gray]AI Thinking: Nearest target for Sathar Fighter C is Fighter A[/color]
[Peer: 440931918] [Turn 6] [color=gray]AI Thinking: Sathar Fighter C constraints -> Speed [15, 25], MR 5[/color]
[Peer: 440931918] [Turn 6] [color=gray]AI Thinking: Explored 2000 possible paths matching speed bounds.[/color]
[Peer: 440931918] [Turn 6] [color=gray]AI Move Eval -> Ship: F Sathar Fighter C | Start Speed: 20 | Final Speed: 22 (ADF: 5) | MR Used: 5/5[/color]
[Peer: 440931918] [Turn 6] AI plotted movement for F Sathar Fighter C (Speed 20 -> 22, 22 hexes)
[Peer: 440931918] [Turn 6] Synced Orders for Sathar Fighter C
[Peer: 440931918] [Turn 6] [color=gray]AI Thinking: Evaluating Sathar Fighter D (Unmoved left: 2)[/color]
[Peer: 440931918] [Turn 6] [color=gray]AI Thinking: Nearest target for Sathar Fighter D is Ken'zah Station[/color]
[Peer: 440931918] [Turn 6] [color=gray]AI Thinking: Sathar Fighter D constraints -> Speed [13, 17], MR 5[/color]
[Peer: 440931918] [Turn 6] [color=gray]AI Thinking: Explored 2000 possible paths matching speed bounds.[/color]
[Peer: 440931918] [Turn 6] [color=gray]AI Move Eval -> Ship: F Sathar Fighter D | Start Speed: 15 | Final Speed: 13 (ADF: 2) | MR Used: 5/5[/color]
[Peer: 440931918] [Turn 6] AI plotted movement for F Sathar Fighter D (Speed 15 -> 13, 13 hexes)
[Peer: 440931918] [Turn 6] Synced Orders for Sathar Fighter D
[Peer: 440931918] [Turn 6] [color=gray]AI Thinking: Evaluating Sathar Fighter F (Unmoved left: 1)[/color]
[Peer: 440931918] [Turn 6] [color=gray]AI Thinking: Nearest target for Sathar Fighter F is Zz'Nakk'T[/color]
[Peer: 440931918] [Turn 6] [color=gray]AI Thinking: Sathar Fighter F constraints -> Speed [7, 17], MR 5[/color]
[Peer: 440931918] [Turn 6] [color=gray]AI Thinking: Explored 2000 possible paths matching speed bounds.[/color]
[Peer: 440931918] [Turn 6] [color=gray]AI Move Eval -> Ship: F Sathar Fighter F | Start Speed: 12 | Final Speed: 9 (ADF: 5) | MR Used: 5/5[/color]
[Peer: 440931918] [Turn 6] AI plotted movement for F Sathar Fighter F (Speed 12 -> 9, 9 hexes)
[Peer: 440931918] [Turn 6] Synced Orders for Sathar Fighter F
>>> DIAGNOSTIC: execute_all_movement running for side: 2 on peer: 440931918
[Peer: 440931918] [Turn 6] Executing Movement Phase for Side Sathar
[Peer: 440931918] [Turn 6] [color=yellow]EXECUTE LOOP: Checking Ship Maelstrom (Class: Assault Carrier, Mines: 0)[/color]
[Peer: 440931918] [Turn 6] [color=yellow]EXECUTE LOOP: Checking Ship Carrion (Class: Heavy Cruiser, Mines: 0)[/color]
[Peer: 440931918] [Turn 6] [color=yellow]EXECUTE LOOP: Checking Ship Deathstroke (Class: Light Cruiser, Mines: 0)[/color]
[Peer: 440931918] [Turn 6] [color=yellow]EXECUTE LOOP: Checking Ship Viper (Class: Destroyer, Mines: 0)[/color]
[Peer: 440931918] [Turn 6] [color=yellow]EXECUTE LOOP: Checking Ship Sathar Fighter C (Class: Fighter, Mines: 0)[/color]
[Peer: 440931918] [Turn 6] [color=yellow]EXECUTE LOOP: Checking Ship Sathar Fighter D (Class: Fighter, Mines: 0)[/color]
[Peer: 440931918] [Turn 6] [color=yellow]EXECUTE LOOP: Checking Ship Sathar Fighter F (Class: Fighter, Mines: 0)[/color]
[Peer: 440931918] [Turn 6] [color=red]Sathar Fighter F crashed into a planet![/color]
[Peer: 440931918] [Turn 6] Ship destroyed: Sathar Fighter F
>>> DIAGNOSTIC: Entering Mine Detonations. Active Mines: 17 on peer: 440931918
[Peer: 440931918] [Turn 6] [color=cyan]!!! DEBUG !!! Entering Mine Detonations. Active Mines: 17[/color]
[Peer: 440931918] [Turn 6] [color=cyan]  Mine at (-4.000000, 8.000000, -4.000000) (Side 1)[/color]
[Peer: 440931918] [Turn 6] [color=cyan]  Mine at (9.000000, -1.000000, -8.000000) (Side 1)[/color]
[Peer: 440931918] [Turn 6] [color=cyan]  Mine at (-9.000000, 0.000000, 9.000000) (Side 1)[/color]
[Peer: 440931918] [Turn 6] [color=cyan]  Mine at (-9.000000, 1.000000, 8.000000) (Side 1)[/color]
[Peer: 440931918] [Turn 6] [color=cyan]  Mine at (-8.000000, 7.000000, 1.000000) (Side 1)[/color]
[Peer: 440931918] [Turn 6] [color=cyan]  Mine at (8.000000, -9.000000, 1.000000) (Side 1)[/color]
[Peer: 440931918] [Turn 6] [color=cyan]  Mine at (6.000000, -7.000000, 1.000000) (Side 1)[/color]
[Peer: 440931918] [Turn 6] [color=cyan]  Mine at (7.000000, 0.000000, -7.000000) (Side 1)[/color]
[Peer: 440931918] [Turn 6] [color=cyan]  Mine at (-8.000000, 3.000000, 5.000000) (Side 1)[/color]
[Peer: 440931918] [Turn 6] [color=cyan]  Mine at (-7.000000, 1.000000, 6.000000) (Side 1)[/color]
[Peer: 440931918] [Turn 6] [color=cyan]  Mine at (-7.000000, 7.000000, 0.000000) (Side 1)[/color]
[Peer: 440931918] [Turn 6] [color=cyan]  Mine at (-2.000000, 9.000000, -7.000000) (Side 1)[/color]
[Peer: 440931918] [Turn 6] [color=cyan]  Mine at (0.000000, 7.000000, -7.000000) (Side 1)[/color]
[Peer: 440931918] [Turn 6] [color=cyan]  Mine at (-5.000000, 8.000000, -3.000000) (Side 1)[/color]
[Peer: 440931918] [Turn 6] [color=cyan]  Mine at (-4.000000, -3.000000, 7.000000) (Side 1)[/color]
[Peer: 440931918] [Turn 6] [color=cyan]  Mine at (6.000000, -9.000000, 3.000000) (Side 1)[/color]
[Peer: 440931918] [Turn 6] [color=cyan]  Mine at (-7.000000, 4.000000, 3.000000) (Side 1)[/color]
[Peer: 440931918] [Turn 6] [color=cyan]  Checking ship Maelstrom (Side 2) at (30.000000, -31.000000, 1.000000) with path [(27, -26, -1), (28, -27, -1), (29, -28, -1), (30, -29, -1), (30, -30, 0), (30, -31, 1)][/color]
[Peer: 440931918] [Turn 6] [color=cyan]  Checking ship Carrion (Side 2) at (23.000000, -30.000000, 7.000000) with path [(19, -27, 8), (20, -28, 8), (21, -29, 8), (22, -30, 8), (23, -30, 7)][/color]
[Peer: 440931918] [Turn 6] [color=cyan]  Checking ship Deathstroke (Side 2) at (7.000000, -22.000000, 15.000000) with path [(17, -19, 2), (18, -20, 2), (18, -21, 3), (18, -22, 4), (17, -22, 5), (16, -22, 6), (15, -22, 7), (14, -22, 8), (13, -22, 9), (12, -22, 10), (11, -22, 11), (10, -22, 12), (9, -22, 13), (8, -22, 14), (7, -22, 15)][/color]
[Peer: 440931918] [Turn 6] [color=cyan]  Checking ship Viper (Side 2) at (-16.000000, 2.000000, 14.000000) with path [(-2, 2, 0), (-3, 2, 1), (-4, 2, 2), (-5, 2, 3), (-6, 2, 4), (-7, 2, 5), (-8, 2, 6), (-9, 2, 7), (-10, 2, 8), (-11, 2, 9), (-12, 2, 10), (-13, 2, 11), (-14, 2, 12), (-15, 2, 13), (-16, 2, 14)][/color]
[Peer: 440931918] [Turn 6] [color=cyan]  Checking ship Sathar Fighter C (Side 2) at (-4.000000, -4.000000, 8.000000) with path [(0, -22, 22), (1, -22, 21), (1, -21, 20), (2, -21, 19), (3, -21, 18), (4, -21, 17), (4, -20, 16), (4, -19, 15), (4, -18, 14), (4, -17, 13), (4, -16, 12), (4, -15, 11), (3, -14, 11), (2, -13, 11), (1, -12, 11), (0, -11, 11), (-1, -10, 11), (-2, -9, 11), (-3, -8, 11), (-4, -7, 11), (-4, -6, 10), (-4, -5, 9), (-4, -4, 8)][/color]
[Peer: 440931918] [Turn 6] [color=cyan]  Checking ship Sathar Fighter D (Side 2) at (4.000000, -2.000000, -2.000000) with path [(1, 2, -3), (1, 3, -4), (1, 4, -5), (0, 5, -5), (0, 6, -6), (1, 6, -7), (2, 5, -7), (3, 4, -7), (4, 3, -7), (4, 2, -6), (4, 1, -5), (4, 0, -4), (4, -1, -3), (4, -2, -2)][/color]
[Peer: 440931918] [Turn 6] Mines check complete. Hit ships size: 0
[Peer: 440931918] [Turn 6] [color=cyan]  Checking ship Maelstrom (Side 2) at (30.000000, -31.000000, 1.000000) with path [(27, -26, -1), (28, -27, -1), (29, -28, -1), (30, -29, -1), (30, -30, 0), (30, -31, 1)][/color]
[Peer: 440931918] [Turn 6] [color=cyan]  Checking ship Carrion (Side 2) at (23.000000, -30.000000, 7.000000) with path [(19, -27, 8), (20, -28, 8), (21, -29, 8), (22, -30, 8), (23, -30, 7)][/color]
[Peer: 440931918] [Turn 6] [color=cyan]  Checking ship Deathstroke (Side 2) at (7.000000, -22.000000, 15.000000) with path [(17, -19, 2), (18, -20, 2), (18, -21, 3), (18, -22, 4), (17, -22, 5), (16, -22, 6), (15, -22, 7), (14, -22, 8), (13, -22, 9), (12, -22, 10), (11, -22, 11), (10, -22, 12), (9, -22, 13), (8, -22, 14), (7, -22, 15)][/color]
[Peer: 440931918] [Turn 6] [color=cyan]  Checking ship Viper (Side 2) at (-16.000000, 2.000000, 14.000000) with path [(-2, 2, 0), (-3, 2, 1), (-4, 2, 2), (-5, 2, 3), (-6, 2, 4), (-7, 2, 5), (-8, 2, 6), (-9, 2, 7), (-10, 2, 8), (-11, 2, 9), (-12, 2, 10), (-13, 2, 11), (-14, 2, 12), (-15, 2, 13), (-16, 2, 14)][/color]
[Peer: 440931918] [Turn 6] [color=cyan]  Checking ship Sathar Fighter C (Side 2) at (-4.000000, -4.000000, 8.000000) with path [(0, -22, 22), (1, -22, 21), (1, -21, 20), (2, -21, 19), (3, -21, 18), (4, -21, 17), (4, -20, 16), (4, -19, 15), (4, -18, 14), (4, -17, 13), (4, -16, 12), (4, -15, 11), (3, -14, 11), (2, -13, 11), (1, -12, 11), (0, -11, 11), (-1, -10, 11), (-2, -9, 11), (-3, -8, 11), (-4, -7, 11), (-4, -6, 10), (-4, -5, 9), (-4, -4, 8)][/color]
[Peer: 440931918] [Turn 6] [color=cyan]  Checking ship Sathar Fighter D (Side 2) at (4.000000, -2.000000, -2.000000) with path [(1, 2, -3), (1, 3, -4), (1, 4, -5), (0, 5, -5), (0, 6, -6), (1, 6, -7), (2, 5, -7), (3, 4, -7), (4, 3, -7), (4, 2, -6), (4, 1, -5), (4, 0, -4), (4, -1, -3), (4, -2, -2)][/color]
[Peer: 440931918] [Turn 6] Mines check complete. Hit ships size: 0
[Peer: 440931918] [Turn 6] [color=cyan]  Checking ship Maelstrom (Side 2) at (30.000000, -31.000000, 1.000000) with path [(27, -26, -1), (28, -27, -1), (29, -28, -1), (30, -29, -1), (30, -30, 0), (30, -31, 1)][/color]
[Peer: 440931918] [Turn 6] [color=cyan]  Checking ship Carrion (Side 2) at (23.000000, -30.000000, 7.000000) with path [(19, -27, 8), (20, -28, 8), (21, -29, 8), (22, -30, 8), (23, -30, 7)][/color]
[Peer: 440931918] [Turn 6] [color=cyan]  Checking ship Deathstroke (Side 2) at (7.000000, -22.000000, 15.000000) with path [(17, -19, 2), (18, -20, 2), (18, -21, 3), (18, -22, 4), (17, -22, 5), (16, -22, 6), (15, -22, 7), (14, -22, 8), (13, -22, 9), (12, -22, 10), (11, -22, 11), (10, -22, 12), (9, -22, 13), (8, -22, 14), (7, -22, 15)][/color]
[Peer: 440931918] [Turn 6] [color=cyan]  Checking ship Viper (Side 2) at (-16.000000, 2.000000, 14.000000) with path [(-2, 2, 0), (-3, 2, 1), (-4, 2, 2), (-5, 2, 3), (-6, 2, 4), (-7, 2, 5), (-8, 2, 6), (-9, 2, 7), (-10, 2, 8), (-11, 2, 9), (-12, 2, 10), (-13, 2, 11), (-14, 2, 12), (-15, 2, 13), (-16, 2, 14)][/color]
[Peer: 440931918] [Turn 6] [color=cyan]  Checking ship Sathar Fighter C (Side 2) at (-4.000000, -4.000000, 8.000000) with path [(0, -22, 22), (1, -22, 21), (1, -21, 20), (2, -21, 19), (3, -21, 18), (4, -21, 17), (4, -20, 16), (4, -19, 15), (4, -18, 14), (4, -17, 13), (4, -16, 12), (4, -15, 11), (3, -14, 11), (2, -13, 11), (1, -12, 11), (0, -11, 11), (-1, -10, 11), (-2, -9, 11), (-3, -8, 11), (-4, -7, 11), (-4, -6, 10), (-4, -5, 9), (-4, -4, 8)][/color]
[Peer: 440931918] [Turn 6] [color=cyan]  Checking ship Sathar Fighter D (Side 2) at (4.000000, -2.000000, -2.000000) with path [(1, 2, -3), (1, 3, -4), (1, 4, -5), (0, 5, -5), (0, 6, -6), (1, 6, -7), (2, 5, -7), (3, 4, -7), (4, 3, -7), (4, 2, -6), (4, 1, -5), (4, 0, -4), (4, -1, -3), (4, -2, -2)][/color]
[Peer: 440931918] [Turn 6] Mines check complete. Hit ships size: 0
[Peer: 440931918] [Turn 6] [color=cyan]  Checking ship Maelstrom (Side 2) at (30.000000, -31.000000, 1.000000) with path [(27, -26, -1), (28, -27, -1), (29, -28, -1), (30, -29, -1), (30, -30, 0), (30, -31, 1)][/color]
[Peer: 440931918] [Turn 6] [color=cyan]  Checking ship Carrion (Side 2) at (23.000000, -30.000000, 7.000000) with path [(19, -27, 8), (20, -28, 8), (21, -29, 8), (22, -30, 8), (23, -30, 7)][/color]
[Peer: 440931918] [Turn 6] [color=cyan]  Checking ship Deathstroke (Side 2) at (7.000000, -22.000000, 15.000000) with path [(17, -19, 2), (18, -20, 2), (18, -21, 3), (18, -22, 4), (17, -22, 5), (16, -22, 6), (15, -22, 7), (14, -22, 8), (13, -22, 9), (12, -22, 10), (11, -22, 11), (10, -22, 12), (9, -22, 13), (8, -22, 14), (7, -22, 15)][/color]
[Peer: 440931918] [Turn 6] [color=cyan]  Checking ship Viper (Side 2) at (-16.000000, 2.000000, 14.000000) with path [(-2, 2, 0), (-3, 2, 1), (-4, 2, 2), (-5, 2, 3), (-6, 2, 4), (-7, 2, 5), (-8, 2, 6), (-9, 2, 7), (-10, 2, 8), (-11, 2, 9), (-12, 2, 10), (-13, 2, 11), (-14, 2, 12), (-15, 2, 13), (-16, 2, 14)][/color]
[Peer: 440931918] [Turn 6] [color=cyan]  Checking ship Sathar Fighter C (Side 2) at (-4.000000, -4.000000, 8.000000) with path [(0, -22, 22), (1, -22, 21), (1, -21, 20), (2, -21, 19), (3, -21, 18), (4, -21, 17), (4, -20, 16), (4, -19, 15), (4, -18, 14), (4, -17, 13), (4, -16, 12), (4, -15, 11), (3, -14, 11), (2, -13, 11), (1, -12, 11), (0, -11, 11), (-1, -10, 11), (-2, -9, 11), (-3, -8, 11), (-4, -7, 11), (-4, -6, 10), (-4, -5, 9), (-4, -4, 8)][/color]
[Peer: 440931918] [Turn 6] [color=cyan]  Checking ship Sathar Fighter D (Side 2) at (4.000000, -2.000000, -2.000000) with path [(1, 2, -3), (1, 3, -4), (1, 4, -5), (0, 5, -5), (0, 6, -6), (1, 6, -7), (2, 5, -7), (3, 4, -7), (4, 3, -7), (4, 2, -6), (4, 1, -5), (4, 0, -4), (4, -1, -3), (4, -2, -2)][/color]
[Peer: 440931918] [Turn 6] Mines check complete. Hit ships size: 0
[Peer: 440931918] [Turn 6] [color=cyan]  Checking ship Maelstrom (Side 2) at (30.000000, -31.000000, 1.000000) with path [(27, -26, -1), (28, -27, -1), (29, -28, -1), (30, -29, -1), (30, -30, 0), (30, -31, 1)][/color]
[Peer: 440931918] [Turn 6] [color=cyan]  Checking ship Carrion (Side 2) at (23.000000, -30.000000, 7.000000) with path [(19, -27, 8), (20, -28, 8), (21, -29, 8), (22, -30, 8), (23, -30, 7)][/color]
[Peer: 440931918] [Turn 6] [color=cyan]  Checking ship Deathstroke (Side 2) at (7.000000, -22.000000, 15.000000) with path [(17, -19, 2), (18, -20, 2), (18, -21, 3), (18, -22, 4), (17, -22, 5), (16, -22, 6), (15, -22, 7), (14, -22, 8), (13, -22, 9), (12, -22, 10), (11, -22, 11), (10, -22, 12), (9, -22, 13), (8, -22, 14), (7, -22, 15)][/color]
[Peer: 440931918] [Turn 6] [color=cyan]  Checking ship Viper (Side 2) at (-16.000000, 2.000000, 14.000000) with path [(-2, 2, 0), (-3, 2, 1), (-4, 2, 2), (-5, 2, 3), (-6, 2, 4), (-7, 2, 5), (-8, 2, 6), (-9, 2, 7), (-10, 2, 8), (-11, 2, 9), (-12, 2, 10), (-13, 2, 11), (-14, 2, 12), (-15, 2, 13), (-16, 2, 14)][/color]
[Peer: 440931918] [Turn 6] [color=cyan]  Checking ship Sathar Fighter C (Side 2) at (-4.000000, -4.000000, 8.000000) with path [(0, -22, 22), (1, -22, 21), (1, -21, 20), (2, -21, 19), (3, -21, 18), (4, -21, 17), (4, -20, 16), (4, -19, 15), (4, -18, 14), (4, -17, 13), (4, -16, 12), (4, -15, 11), (3, -14, 11), (2, -13, 11), (1, -12, 11), (0, -11, 11), (-1, -10, 11), (-2, -9, 11), (-3, -8, 11), (-4, -7, 11), (-4, -6, 10), (-4, -5, 9), (-4, -4, 8)][/color]
[Peer: 440931918] [Turn 6] [color=cyan]  Checking ship Sathar Fighter D (Side 2) at (4.000000, -2.000000, -2.000000) with path [(1, 2, -3), (1, 3, -4), (1, 4, -5), (0, 5, -5), (0, 6, -6), (1, 6, -7), (2, 5, -7), (3, 4, -7), (4, 3, -7), (4, 2, -6), (4, 1, -5), (4, 0, -4), (4, -1, -3), (4, -2, -2)][/color]
[Peer: 440931918] [Turn 6] Mines check complete. Hit ships size: 0
[Peer: 440931918] [Turn 6] [color=cyan]  Checking ship Maelstrom (Side 2) at (30.000000, -31.000000, 1.000000) with path [(27, -26, -1), (28, -27, -1), (29, -28, -1), (30, -29, -1), (30, -30, 0), (30, -31, 1)][/color]
[Peer: 440931918] [Turn 6] [color=cyan]  Checking ship Carrion (Side 2) at (23.000000, -30.000000, 7.000000) with path [(19, -27, 8), (20, -28, 8), (21, -29, 8), (22, -30, 8), (23, -30, 7)][/color]
[Peer: 440931918] [Turn 6] [color=cyan]  Checking ship Deathstroke (Side 2) at (7.000000, -22.000000, 15.000000) with path [(17, -19, 2), (18, -20, 2), (18, -21, 3), (18, -22, 4), (17, -22, 5), (16, -22, 6), (15, -22, 7), (14, -22, 8), (13, -22, 9), (12, -22, 10), (11, -22, 11), (10, -22, 12), (9, -22, 13), (8, -22, 14), (7, -22, 15)][/color]
[Peer: 440931918] [Turn 6] [color=cyan]  Checking ship Viper (Side 2) at (-16.000000, 2.000000, 14.000000) with path [(-2, 2, 0), (-3, 2, 1), (-4, 2, 2), (-5, 2, 3), (-6, 2, 4), (-7, 2, 5), (-8, 2, 6), (-9, 2, 7), (-10, 2, 8), (-11, 2, 9), (-12, 2, 10), (-13, 2, 11), (-14, 2, 12), (-15, 2, 13), (-16, 2, 14)][/color]
[Peer: 440931918] [Turn 6] [color=cyan]  Checking ship Sathar Fighter C (Side 2) at (-4.000000, -4.000000, 8.000000) with path [(0, -22, 22), (1, -22, 21), (1, -21, 20), (2, -21, 19), (3, -21, 18), (4, -21, 17), (4, -20, 16), (4, -19, 15), (4, -18, 14), (4, -17, 13), (4, -16, 12), (4, -15, 11), (3, -14, 11), (2, -13, 11), (1, -12, 11), (0, -11, 11), (-1, -10, 11), (-2, -9, 11), (-3, -8, 11), (-4, -7, 11), (-4, -6, 10), (-4, -5, 9), (-4, -4, 8)][/color]
[Peer: 440931918] [Turn 6] [color=cyan]  Checking ship Sathar Fighter D (Side 2) at (4.000000, -2.000000, -2.000000) with path [(1, 2, -3), (1, 3, -4), (1, 4, -5), (0, 5, -5), (0, 6, -6), (1, 6, -7), (2, 5, -7), (3, 4, -7), (4, 3, -7), (4, 2, -6), (4, 1, -5), (4, 0, -4), (4, -1, -3), (4, -2, -2)][/color]
[Peer: 440931918] [Turn 6] Mines check complete. Hit ships size: 0
[Peer: 440931918] [Turn 6] [color=cyan]  Checking ship Maelstrom (Side 2) at (30.000000, -31.000000, 1.000000) with path [(27, -26, -1), (28, -27, -1), (29, -28, -1), (30, -29, -1), (30, -30, 0), (30, -31, 1)][/color]
[Peer: 440931918] [Turn 6] [color=cyan]  Checking ship Carrion (Side 2) at (23.000000, -30.000000, 7.000000) with path [(19, -27, 8), (20, -28, 8), (21, -29, 8), (22, -30, 8), (23, -30, 7)][/color]
[Peer: 440931918] [Turn 6] [color=cyan]  Checking ship Deathstroke (Side 2) at (7.000000, -22.000000, 15.000000) with path [(17, -19, 2), (18, -20, 2), (18, -21, 3), (18, -22, 4), (17, -22, 5), (16, -22, 6), (15, -22, 7), (14, -22, 8), (13, -22, 9), (12, -22, 10), (11, -22, 11), (10, -22, 12), (9, -22, 13), (8, -22, 14), (7, -22, 15)][/color]
[Peer: 440931918] [Turn 6] [color=cyan]  Checking ship Viper (Side 2) at (-16.000000, 2.000000, 14.000000) with path [(-2, 2, 0), (-3, 2, 1), (-4, 2, 2), (-5, 2, 3), (-6, 2, 4), (-7, 2, 5), (-8, 2, 6), (-9, 2, 7), (-10, 2, 8), (-11, 2, 9), (-12, 2, 10), (-13, 2, 11), (-14, 2, 12), (-15, 2, 13), (-16, 2, 14)][/color]
[Peer: 440931918] [Turn 6] [color=cyan]  Checking ship Sathar Fighter C (Side 2) at (-4.000000, -4.000000, 8.000000) with path [(0, -22, 22), (1, -22, 21), (1, -21, 20), (2, -21, 19), (3, -21, 18), (4, -21, 17), (4, -20, 16), (4, -19, 15), (4, -18, 14), (4, -17, 13), (4, -16, 12), (4, -15, 11), (3, -14, 11), (2, -13, 11), (1, -12, 11), (0, -11, 11), (-1, -10, 11), (-2, -9, 11), (-3, -8, 11), (-4, -7, 11), (-4, -6, 10), (-4, -5, 9), (-4, -4, 8)][/color]
[Peer: 440931918] [Turn 6] [color=cyan]  Checking ship Sathar Fighter D (Side 2) at (4.000000, -2.000000, -2.000000) with path [(1, 2, -3), (1, 3, -4), (1, 4, -5), (0, 5, -5), (0, 6, -6), (1, 6, -7), (2, 5, -7), (3, 4, -7), (4, 3, -7), (4, 2, -6), (4, 1, -5), (4, 0, -4), (4, -1, -3), (4, -2, -2)][/color]
[Peer: 440931918] [Turn 6] Mines check complete. Hit ships size: 0
[Peer: 440931918] [Turn 6] [color=cyan]  Checking ship Maelstrom (Side 2) at (30.000000, -31.000000, 1.000000) with path [(27, -26, -1), (28, -27, -1), (29, -28, -1), (30, -29, -1), (30, -30, 0), (30, -31, 1)][/color]
[Peer: 440931918] [Turn 6] [color=cyan]  Checking ship Carrion (Side 2) at (23.000000, -30.000000, 7.000000) with path [(19, -27, 8), (20, -28, 8), (21, -29, 8), (22, -30, 8), (23, -30, 7)][/color]
[Peer: 440931918] [Turn 6] [color=cyan]  Checking ship Deathstroke (Side 2) at (7.000000, -22.000000, 15.000000) with path [(17, -19, 2), (18, -20, 2), (18, -21, 3), (18, -22, 4), (17, -22, 5), (16, -22, 6), (15, -22, 7), (14, -22, 8), (13, -22, 9), (12, -22, 10), (11, -22, 11), (10, -22, 12), (9, -22, 13), (8, -22, 14), (7, -22, 15)][/color]
[Peer: 440931918] [Turn 6] [color=cyan]  Checking ship Viper (Side 2) at (-16.000000, 2.000000, 14.000000) with path [(-2, 2, 0), (-3, 2, 1), (-4, 2, 2), (-5, 2, 3), (-6, 2, 4), (-7, 2, 5), (-8, 2, 6), (-9, 2, 7), (-10, 2, 8), (-11, 2, 9), (-12, 2, 10), (-13, 2, 11), (-14, 2, 12), (-15, 2, 13), (-16, 2, 14)][/color]
[Peer: 440931918] [Turn 6] [color=cyan]  Checking ship Sathar Fighter C (Side 2) at (-4.000000, -4.000000, 8.000000) with path [(0, -22, 22), (1, -22, 21), (1, -21, 20), (2, -21, 19), (3, -21, 18), (4, -21, 17), (4, -20, 16), (4, -19, 15), (4, -18, 14), (4, -17, 13), (4, -16, 12), (4, -15, 11), (3, -14, 11), (2, -13, 11), (1, -12, 11), (0, -11, 11), (-1, -10, 11), (-2, -9, 11), (-3, -8, 11), (-4, -7, 11), (-4, -6, 10), (-4, -5, 9), (-4, -4, 8)][/color]
[Peer: 440931918] [Turn 6] [color=cyan]  Checking ship Sathar Fighter D (Side 2) at (4.000000, -2.000000, -2.000000) with path [(1, 2, -3), (1, 3, -4), (1, 4, -5), (0, 5, -5), (0, 6, -6), (1, 6, -7), (2, 5, -7), (3, 4, -7), (4, 3, -7), (4, 2, -6), (4, 1, -5), (4, 0, -4), (4, -1, -3), (4, -2, -2)][/color]
[Peer: 440931918] [Turn 6] Mines check complete. Hit ships size: 0
[Peer: 440931918] [Turn 6] [color=cyan]  Checking ship Maelstrom (Side 2) at (30.000000, -31.000000, 1.000000) with path [(27, -26, -1), (28, -27, -1), (29, -28, -1), (30, -29, -1), (30, -30, 0), (30, -31, 1)][/color]
[Peer: 440931918] [Turn 6] [color=cyan]  Checking ship Carrion (Side 2) at (23.000000, -30.000000, 7.000000) with path [(19, -27, 8), (20, -28, 8), (21, -29, 8), (22, -30, 8), (23, -30, 7)][/color]
[Peer: 440931918] [Turn 6] [color=cyan]  Checking ship Deathstroke (Side 2) at (7.000000, -22.000000, 15.000000) with path [(17, -19, 2), (18, -20, 2), (18, -21, 3), (18, -22, 4), (17, -22, 5), (16, -22, 6), (15, -22, 7), (14, -22, 8), (13, -22, 9), (12, -22, 10), (11, -22, 11), (10, -22, 12), (9, -22, 13), (8, -22, 14), (7, -22, 15)][/color]
[Peer: 440931918] [Turn 6] [color=cyan]  Checking ship Viper (Side 2) at (-16.000000, 2.000000, 14.000000) with path [(-2, 2, 0), (-3, 2, 1), (-4, 2, 2), (-5, 2, 3), (-6, 2, 4), (-7, 2, 5), (-8, 2, 6), (-9, 2, 7), (-10, 2, 8), (-11, 2, 9), (-12, 2, 10), (-13, 2, 11), (-14, 2, 12), (-15, 2, 13), (-16, 2, 14)][/color]
[Peer: 440931918] [Turn 6] [color=cyan]  Checking ship Sathar Fighter C (Side 2) at (-4.000000, -4.000000, 8.000000) with path [(0, -22, 22), (1, -22, 21), (1, -21, 20), (2, -21, 19), (3, -21, 18), (4, -21, 17), (4, -20, 16), (4, -19, 15), (4, -18, 14), (4, -17, 13), (4, -16, 12), (4, -15, 11), (3, -14, 11), (2, -13, 11), (1, -12, 11), (0, -11, 11), (-1, -10, 11), (-2, -9, 11), (-3, -8, 11), (-4, -7, 11), (-4, -6, 10), (-4, -5, 9), (-4, -4, 8)][/color]
[Peer: 440931918] [Turn 6] [color=cyan]  Checking ship Sathar Fighter D (Side 2) at (4.000000, -2.000000, -2.000000) with path [(1, 2, -3), (1, 3, -4), (1, 4, -5), (0, 5, -5), (0, 6, -6), (1, 6, -7), (2, 5, -7), (3, 4, -7), (4, 3, -7), (4, 2, -6), (4, 1, -5), (4, 0, -4), (4, -1, -3), (4, -2, -2)][/color]
[Peer: 440931918] [Turn 6] Mines check complete. Hit ships size: 0
[Peer: 440931918] [Turn 6] [color=cyan]  Checking ship Maelstrom (Side 2) at (30.000000, -31.000000, 1.000000) with path [(27, -26, -1), (28, -27, -1), (29, -28, -1), (30, -29, -1), (30, -30, 0), (30, -31, 1)][/color]
[Peer: 440931918] [Turn 6] [color=cyan]  Checking ship Carrion (Side 2) at (23.000000, -30.000000, 7.000000) with path [(19, -27, 8), (20, -28, 8), (21, -29, 8), (22, -30, 8), (23, -30, 7)][/color]
[Peer: 440931918] [Turn 6] [color=cyan]  Checking ship Deathstroke (Side 2) at (7.000000, -22.000000, 15.000000) with path [(17, -19, 2), (18, -20, 2), (18, -21, 3), (18, -22, 4), (17, -22, 5), (16, -22, 6), (15, -22, 7), (14, -22, 8), (13, -22, 9), (12, -22, 10), (11, -22, 11), (10, -22, 12), (9, -22, 13), (8, -22, 14), (7, -22, 15)][/color]
[Peer: 440931918] [Turn 6] [color=cyan]  Checking ship Viper (Side 2) at (-16.000000, 2.000000, 14.000000) with path [(-2, 2, 0), (-3, 2, 1), (-4, 2, 2), (-5, 2, 3), (-6, 2, 4), (-7, 2, 5), (-8, 2, 6), (-9, 2, 7), (-10, 2, 8), (-11, 2, 9), (-12, 2, 10), (-13, 2, 11), (-14, 2, 12), (-15, 2, 13), (-16, 2, 14)][/color]
[Peer: 440931918] [Turn 6] [color=cyan]  Checking ship Sathar Fighter C (Side 2) at (-4.000000, -4.000000, 8.000000) with path [(0, -22, 22), (1, -22, 21), (1, -21, 20), (2, -21, 19), (3, -21, 18), (4, -21, 17), (4, -20, 16), (4, -19, 15), (4, -18, 14), (4, -17, 13), (4, -16, 12), (4, -15, 11), (3, -14, 11), (2, -13, 11), (1, -12, 11), (0, -11, 11), (-1, -10, 11), (-2, -9, 11), (-3, -8, 11), (-4, -7, 11), (-4, -6, 10), (-4, -5, 9), (-4, -4, 8)][/color]
[Peer: 440931918] [Turn 6] [color=cyan]  Checking ship Sathar Fighter D (Side 2) at (4.000000, -2.000000, -2.000000) with path [(1, 2, -3), (1, 3, -4), (1, 4, -5), (0, 5, -5), (0, 6, -6), (1, 6, -7), (2, 5, -7), (3, 4, -7), (4, 3, -7), (4, 2, -6), (4, 1, -5), (4, 0, -4), (4, -1, -3), (4, -2, -2)][/color]
[Peer: 440931918] [Turn 6] Mines check complete. Hit ships size: 0
[Peer: 440931918] [Turn 6] [color=cyan]  Checking ship Maelstrom (Side 2) at (30.000000, -31.000000, 1.000000) with path [(27, -26, -1), (28, -27, -1), (29, -28, -1), (30, -29, -1), (30, -30, 0), (30, -31, 1)][/color]
[Peer: 440931918] [Turn 6] [color=cyan]  Checking ship Carrion (Side 2) at (23.000000, -30.000000, 7.000000) with path [(19, -27, 8), (20, -28, 8), (21, -29, 8), (22, -30, 8), (23, -30, 7)][/color]
[Peer: 440931918] [Turn 6] [color=cyan]  Checking ship Deathstroke (Side 2) at (7.000000, -22.000000, 15.000000) with path [(17, -19, 2), (18, -20, 2), (18, -21, 3), (18, -22, 4), (17, -22, 5), (16, -22, 6), (15, -22, 7), (14, -22, 8), (13, -22, 9), (12, -22, 10), (11, -22, 11), (10, -22, 12), (9, -22, 13), (8, -22, 14), (7, -22, 15)][/color]
[Peer: 440931918] [Turn 6] [color=cyan]  Checking ship Viper (Side 2) at (-16.000000, 2.000000, 14.000000) with path [(-2, 2, 0), (-3, 2, 1), (-4, 2, 2), (-5, 2, 3), (-6, 2, 4), (-7, 2, 5), (-8, 2, 6), (-9, 2, 7), (-10, 2, 8), (-11, 2, 9), (-12, 2, 10), (-13, 2, 11), (-14, 2, 12), (-15, 2, 13), (-16, 2, 14)][/color]
[Peer: 440931918] [Turn 6] [color=cyan]  Checking ship Sathar Fighter C (Side 2) at (-4.000000, -4.000000, 8.000000) with path [(0, -22, 22), (1, -22, 21), (1, -21, 20), (2, -21, 19), (3, -21, 18), (4, -21, 17), (4, -20, 16), (4, -19, 15), (4, -18, 14), (4, -17, 13), (4, -16, 12), (4, -15, 11), (3, -14, 11), (2, -13, 11), (1, -12, 11), (0, -11, 11), (-1, -10, 11), (-2, -9, 11), (-3, -8, 11), (-4, -7, 11), (-4, -6, 10), (-4, -5, 9), (-4, -4, 8)][/color]
[Peer: 440931918] [Turn 6] [color=cyan]  Checking ship Sathar Fighter D (Side 2) at (4.000000, -2.000000, -2.000000) with path [(1, 2, -3), (1, 3, -4), (1, 4, -5), (0, 5, -5), (0, 6, -6), (1, 6, -7), (2, 5, -7), (3, 4, -7), (4, 3, -7), (4, 2, -6), (4, 1, -5), (4, 0, -4), (4, -1, -3), (4, -2, -2)][/color]
[Peer: 440931918] [Turn 6] Mines check complete. Hit ships size: 0
[Peer: 440931918] [Turn 6] [color=cyan]  Checking ship Maelstrom (Side 2) at (30.000000, -31.000000, 1.000000) with path [(27, -26, -1), (28, -27, -1), (29, -28, -1), (30, -29, -1), (30, -30, 0), (30, -31, 1)][/color]
[Peer: 440931918] [Turn 6] [color=cyan]  Checking ship Carrion (Side 2) at (23.000000, -30.000000, 7.000000) with path [(19, -27, 8), (20, -28, 8), (21, -29, 8), (22, -30, 8), (23, -30, 7)][/color]
[Peer: 440931918] [Turn 6] [color=cyan]  Checking ship Deathstroke (Side 2) at (7.000000, -22.000000, 15.000000) with path [(17, -19, 2), (18, -20, 2), (18, -21, 3), (18, -22, 4), (17, -22, 5), (16, -22, 6), (15, -22, 7), (14, -22, 8), (13, -22, 9), (12, -22, 10), (11, -22, 11), (10, -22, 12), (9, -22, 13), (8, -22, 14), (7, -22, 15)][/color]
[Peer: 440931918] [Turn 6] [color=cyan]  Checking ship Viper (Side 2) at (-16.000000, 2.000000, 14.000000) with path [(-2, 2, 0), (-3, 2, 1), (-4, 2, 2), (-5, 2, 3), (-6, 2, 4), (-7, 2, 5), (-8, 2, 6), (-9, 2, 7), (-10, 2, 8), (-11, 2, 9), (-12, 2, 10), (-13, 2, 11), (-14, 2, 12), (-15, 2, 13), (-16, 2, 14)][/color]
[Peer: 440931918] [Turn 6] [color=cyan]  Checking ship Sathar Fighter C (Side 2) at (-4.000000, -4.000000, 8.000000) with path [(0, -22, 22), (1, -22, 21), (1, -21, 20), (2, -21, 19), (3, -21, 18), (4, -21, 17), (4, -20, 16), (4, -19, 15), (4, -18, 14), (4, -17, 13), (4, -16, 12), (4, -15, 11), (3, -14, 11), (2, -13, 11), (1, -12, 11), (0, -11, 11), (-1, -10, 11), (-2, -9, 11), (-3, -8, 11), (-4, -7, 11), (-4, -6, 10), (-4, -5, 9), (-4, -4, 8)][/color]
[Peer: 440931918] [Turn 6] [color=cyan]  Checking ship Sathar Fighter D (Side 2) at (4.000000, -2.000000, -2.000000) with path [(1, 2, -3), (1, 3, -4), (1, 4, -5), (0, 5, -5), (0, 6, -6), (1, 6, -7), (2, 5, -7), (3, 4, -7), (4, 3, -7), (4, 2, -6), (4, 1, -5), (4, 0, -4), (4, -1, -3), (4, -2, -2)][/color]
[Peer: 440931918] [Turn 6] Mines check complete. Hit ships size: 0
[Peer: 440931918] [Turn 6] [color=cyan]  Checking ship Maelstrom (Side 2) at (30.000000, -31.000000, 1.000000) with path [(27, -26, -1), (28, -27, -1), (29, -28, -1), (30, -29, -1), (30, -30, 0), (30, -31, 1)][/color]
[Peer: 440931918] [Turn 6] [color=cyan]  Checking ship Carrion (Side 2) at (23.000000, -30.000000, 7.000000) with path [(19, -27, 8), (20, -28, 8), (21, -29, 8), (22, -30, 8), (23, -30, 7)][/color]
[Peer: 440931918] [Turn 6] [color=cyan]  Checking ship Deathstroke (Side 2) at (7.000000, -22.000000, 15.000000) with path [(17, -19, 2), (18, -20, 2), (18, -21, 3), (18, -22, 4), (17, -22, 5), (16, -22, 6), (15, -22, 7), (14, -22, 8), (13, -22, 9), (12, -22, 10), (11, -22, 11), (10, -22, 12), (9, -22, 13), (8, -22, 14), (7, -22, 15)][/color]
[Peer: 440931918] [Turn 6] [color=cyan]  Checking ship Viper (Side 2) at (-16.000000, 2.000000, 14.000000) with path [(-2, 2, 0), (-3, 2, 1), (-4, 2, 2), (-5, 2, 3), (-6, 2, 4), (-7, 2, 5), (-8, 2, 6), (-9, 2, 7), (-10, 2, 8), (-11, 2, 9), (-12, 2, 10), (-13, 2, 11), (-14, 2, 12), (-15, 2, 13), (-16, 2, 14)][/color]
[Peer: 440931918] [Turn 6] [color=cyan]  Checking ship Sathar Fighter C (Side 2) at (-4.000000, -4.000000, 8.000000) with path [(0, -22, 22), (1, -22, 21), (1, -21, 20), (2, -21, 19), (3, -21, 18), (4, -21, 17), (4, -20, 16), (4, -19, 15), (4, -18, 14), (4, -17, 13), (4, -16, 12), (4, -15, 11), (3, -14, 11), (2, -13, 11), (1, -12, 11), (0, -11, 11), (-1, -10, 11), (-2, -9, 11), (-3, -8, 11), (-4, -7, 11), (-4, -6, 10), (-4, -5, 9), (-4, -4, 8)][/color]
[Peer: 440931918] [Turn 6] [color=cyan]  Checking ship Sathar Fighter D (Side 2) at (4.000000, -2.000000, -2.000000) with path [(1, 2, -3), (1, 3, -4), (1, 4, -5), (0, 5, -5), (0, 6, -6), (1, 6, -7), (2, 5, -7), (3, 4, -7), (4, 3, -7), (4, 2, -6), (4, 1, -5), (4, 0, -4), (4, -1, -3), (4, -2, -2)][/color]
[Peer: 440931918] [Turn 6] Mines check complete. Hit ships size: 0
[Peer: 440931918] [Turn 6] [color=cyan]  Checking ship Maelstrom (Side 2) at (30.000000, -31.000000, 1.000000) with path [(27, -26, -1), (28, -27, -1), (29, -28, -1), (30, -29, -1), (30, -30, 0), (30, -31, 1)][/color]
[Peer: 440931918] [Turn 6] [color=cyan]  Checking ship Carrion (Side 2) at (23.000000, -30.000000, 7.000000) with path [(19, -27, 8), (20, -28, 8), (21, -29, 8), (22, -30, 8), (23, -30, 7)][/color]
[Peer: 440931918] [Turn 6] [color=cyan]  Checking ship Deathstroke (Side 2) at (7.000000, -22.000000, 15.000000) with path [(17, -19, 2), (18, -20, 2), (18, -21, 3), (18, -22, 4), (17, -22, 5), (16, -22, 6), (15, -22, 7), (14, -22, 8), (13, -22, 9), (12, -22, 10), (11, -22, 11), (10, -22, 12), (9, -22, 13), (8, -22, 14), (7, -22, 15)][/color]
[Peer: 440931918] [Turn 6] [color=cyan]  Checking ship Viper (Side 2) at (-16.000000, 2.000000, 14.000000) with path [(-2, 2, 0), (-3, 2, 1), (-4, 2, 2), (-5, 2, 3), (-6, 2, 4), (-7, 2, 5), (-8, 2, 6), (-9, 2, 7), (-10, 2, 8), (-11, 2, 9), (-12, 2, 10), (-13, 2, 11), (-14, 2, 12), (-15, 2, 13), (-16, 2, 14)][/color]
[Peer: 440931918] [Turn 6] [color=cyan]  Checking ship Sathar Fighter C (Side 2) at (-4.000000, -4.000000, 8.000000) with path [(0, -22, 22), (1, -22, 21), (1, -21, 20), (2, -21, 19), (3, -21, 18), (4, -21, 17), (4, -20, 16), (4, -19, 15), (4, -18, 14), (4, -17, 13), (4, -16, 12), (4, -15, 11), (3, -14, 11), (2, -13, 11), (1, -12, 11), (0, -11, 11), (-1, -10, 11), (-2, -9, 11), (-3, -8, 11), (-4, -7, 11), (-4, -6, 10), (-4, -5, 9), (-4, -4, 8)][/color]
[Peer: 440931918] [Turn 6] [color=cyan]  Checking ship Sathar Fighter D (Side 2) at (4.000000, -2.000000, -2.000000) with path [(1, 2, -3), (1, 3, -4), (1, 4, -5), (0, 5, -5), (0, 6, -6), (1, 6, -7), (2, 5, -7), (3, 4, -7), (4, 3, -7), (4, 2, -6), (4, 1, -5), (4, 0, -4), (4, -1, -3), (4, -2, -2)][/color]
[Peer: 440931918] [Turn 6] Mines check complete. Hit ships size: 0
[Peer: 440931918] [Turn 6] [color=cyan]  Checking ship Maelstrom (Side 2) at (30.000000, -31.000000, 1.000000) with path [(27, -26, -1), (28, -27, -1), (29, -28, -1), (30, -29, -1), (30, -30, 0), (30, -31, 1)][/color]
[Peer: 440931918] [Turn 6] [color=cyan]  Checking ship Carrion (Side 2) at (23.000000, -30.000000, 7.000000) with path [(19, -27, 8), (20, -28, 8), (21, -29, 8), (22, -30, 8), (23, -30, 7)][/color]
[Peer: 440931918] [Turn 6] [color=cyan]  Checking ship Deathstroke (Side 2) at (7.000000, -22.000000, 15.000000) with path [(17, -19, 2), (18, -20, 2), (18, -21, 3), (18, -22, 4), (17, -22, 5), (16, -22, 6), (15, -22, 7), (14, -22, 8), (13, -22, 9), (12, -22, 10), (11, -22, 11), (10, -22, 12), (9, -22, 13), (8, -22, 14), (7, -22, 15)][/color]
[Peer: 440931918] [Turn 6] [color=cyan]  Checking ship Viper (Side 2) at (-16.000000, 2.000000, 14.000000) with path [(-2, 2, 0), (-3, 2, 1), (-4, 2, 2), (-5, 2, 3), (-6, 2, 4), (-7, 2, 5), (-8, 2, 6), (-9, 2, 7), (-10, 2, 8), (-11, 2, 9), (-12, 2, 10), (-13, 2, 11), (-14, 2, 12), (-15, 2, 13), (-16, 2, 14)][/color]
[Peer: 440931918] [Turn 6] [color=cyan]  Checking ship Sathar Fighter C (Side 2) at (-4.000000, -4.000000, 8.000000) with path [(0, -22, 22), (1, -22, 21), (1, -21, 20), (2, -21, 19), (3, -21, 18), (4, -21, 17), (4, -20, 16), (4, -19, 15), (4, -18, 14), (4, -17, 13), (4, -16, 12), (4, -15, 11), (3, -14, 11), (2, -13, 11), (1, -12, 11), (0, -11, 11), (-1, -10, 11), (-2, -9, 11), (-3, -8, 11), (-4, -7, 11), (-4, -6, 10), (-4, -5, 9), (-4, -4, 8)][/color]
[Peer: 440931918] [Turn 6] [color=cyan]  Checking ship Sathar Fighter D (Side 2) at (4.000000, -2.000000, -2.000000) with path [(1, 2, -3), (1, 3, -4), (1, 4, -5), (0, 5, -5), (0, 6, -6), (1, 6, -7), (2, 5, -7), (3, 4, -7), (4, 3, -7), (4, 2, -6), (4, 1, -5), (4, 0, -4), (4, -1, -3), (4, -2, -2)][/color]
[Peer: 440931918] [Turn 6] Mines check complete. Hit ships size: 0
[Peer: 440931918] [Turn 6] [color=cyan]  Checking ship Maelstrom (Side 2) at (30.000000, -31.000000, 1.000000) with path [(27, -26, -1), (28, -27, -1), (29, -28, -1), (30, -29, -1), (30, -30, 0), (30, -31, 1)][/color]
[Peer: 440931918] [Turn 6] [color=cyan]  Checking ship Carrion (Side 2) at (23.000000, -30.000000, 7.000000) with path [(19, -27, 8), (20, -28, 8), (21, -29, 8), (22, -30, 8), (23, -30, 7)][/color]
[Peer: 440931918] [Turn 6] [color=cyan]  Checking ship Deathstroke (Side 2) at (7.000000, -22.000000, 15.000000) with path [(17, -19, 2), (18, -20, 2), (18, -21, 3), (18, -22, 4), (17, -22, 5), (16, -22, 6), (15, -22, 7), (14, -22, 8), (13, -22, 9), (12, -22, 10), (11, -22, 11), (10, -22, 12), (9, -22, 13), (8, -22, 14), (7, -22, 15)][/color]
[Peer: 440931918] [Turn 6] [color=cyan]  Checking ship Viper (Side 2) at (-16.000000, 2.000000, 14.000000) with path [(-2, 2, 0), (-3, 2, 1), (-4, 2, 2), (-5, 2, 3), (-6, 2, 4), (-7, 2, 5), (-8, 2, 6), (-9, 2, 7), (-10, 2, 8), (-11, 2, 9), (-12, 2, 10), (-13, 2, 11), (-14, 2, 12), (-15, 2, 13), (-16, 2, 14)][/color]
[Peer: 440931918] [Turn 6] [color=cyan]  Checking ship Sathar Fighter C (Side 2) at (-4.000000, -4.000000, 8.000000) with path [(0, -22, 22), (1, -22, 21), (1, -21, 20), (2, -21, 19), (3, -21, 18), (4, -21, 17), (4, -20, 16), (4, -19, 15), (4, -18, 14), (4, -17, 13), (4, -16, 12), (4, -15, 11), (3, -14, 11), (2, -13, 11), (1, -12, 11), (0, -11, 11), (-1, -10, 11), (-2, -9, 11), (-3, -8, 11), (-4, -7, 11), (-4, -6, 10), (-4, -5, 9), (-4, -4, 8)][/color]
[Peer: 440931918] [Turn 6] [color=cyan]  Checking ship Sathar Fighter D (Side 2) at (4.000000, -2.000000, -2.000000) with path [(1, 2, -3), (1, 3, -4), (1, 4, -5), (0, 5, -5), (0, 6, -6), (1, 6, -7), (2, 5, -7), (3, 4, -7), (4, 3, -7), (4, 2, -6), (4, 1, -5), (4, 0, -4), (4, -1, -3), (4, -2, -2)][/color]
[Peer: 440931918] [Turn 6] Mines check complete. Hit ships size: 0
[Peer: 440931918] [Turn 6] [color=cyan]  Checking ship Maelstrom (Side 2) at (30.000000, -31.000000, 1.000000) with path [(27, -26, -1), (28, -27, -1), (29, -28, -1), (30, -29, -1), (30, -30, 0), (30, -31, 1)][/color]
[Peer: 440931918] [Turn 6] [color=cyan]  Checking ship Carrion (Side 2) at (23.000000, -30.000000, 7.000000) with path [(19, -27, 8), (20, -28, 8), (21, -29, 8), (22, -30, 8), (23, -30, 7)][/color]
[Peer: 440931918] [Turn 6] [color=cyan]  Checking ship Deathstroke (Side 2) at (7.000000, -22.000000, 15.000000) with path [(17, -19, 2), (18, -20, 2), (18, -21, 3), (18, -22, 4), (17, -22, 5), (16, -22, 6), (15, -22, 7), (14, -22, 8), (13, -22, 9), (12, -22, 10), (11, -22, 11), (10, -22, 12), (9, -22, 13), (8, -22, 14), (7, -22, 15)][/color]
[Peer: 440931918] [Turn 6] [color=cyan]  Checking ship Viper (Side 2) at (-16.000000, 2.000000, 14.000000) with path [(-2, 2, 0), (-3, 2, 1), (-4, 2, 2), (-5, 2, 3), (-6, 2, 4), (-7, 2, 5), (-8, 2, 6), (-9, 2, 7), (-10, 2, 8), (-11, 2, 9), (-12, 2, 10), (-13, 2, 11), (-14, 2, 12), (-15, 2, 13), (-16, 2, 14)][/color]
[Peer: 440931918] [Turn 6] [color=cyan]  Checking ship Sathar Fighter C (Side 2) at (-4.000000, -4.000000, 8.000000) with path [(0, -22, 22), (1, -22, 21), (1, -21, 20), (2, -21, 19), (3, -21, 18), (4, -21, 17), (4, -20, 16), (4, -19, 15), (4, -18, 14), (4, -17, 13), (4, -16, 12), (4, -15, 11), (3, -14, 11), (2, -13, 11), (1, -12, 11), (0, -11, 11), (-1, -10, 11), (-2, -9, 11), (-3, -8, 11), (-4, -7, 11), (-4, -6, 10), (-4, -5, 9), (-4, -4, 8)][/color]
[Peer: 440931918] [Turn 6] [color=cyan]  Checking ship Sathar Fighter D (Side 2) at (4.000000, -2.000000, -2.000000) with path [(1, 2, -3), (1, 3, -4), (1, 4, -5), (0, 5, -5), (0, 6, -6), (1, 6, -7), (2, 5, -7), (3, 4, -7), (4, 3, -7), (4, 2, -6), (4, 1, -5), (4, 0, -4), (4, -1, -3), (4, -2, -2)][/color]
[Peer: 440931918] [Turn 6] Mines check complete. Hit ships size: 0
[Peer: 440931918] [Turn 6] [color=cyan]!!! DEBUG !!! Entering Seeker Movement. Active Seekers: 4[/color]
[Peer: 440931918] [Turn 6] Movement Phase Complete for Side 2. Starting Combat.
[DEBUG] start_combat_passive: Side 1 firing (Opponent of Moving Side 2)
[Peer: 440931918] [Turn 6] Combat Planning: Side 1
[DEBUG] TARGET CHECK P1. Ships: 8
[DEBUG] Weapon Laser Battery N/A for Ken'zah Station (Phase 3, Fired false)
[DEBUG] VALID: Ken'zah Station found target with Laser Battery
[Peer: 440931918] [Turn 6] Resolving 5 attacks...
[Peer: 440931918] [Turn 6] ST Ken'zah Station firing Laser Battery at F Sathar Fighter D
Combat Roll: Distance 2, Chance 40%, Rolled 34
[Peer: 440931918] [Turn 6] Firing Ship: ST Ken'zah Station, Weapon: Laser Battery, Odds: 40%, Roll: 34, Result: HIT
Damage Roll: 1d10+0 -> 9
Damage Roll: d100(52) + DTM(0) = 52
[Peer: 440931918] [Turn 6] [color=green]HIT![/color] Rolling Damage Table (d100+0 = 52)
[Peer: 440931918] [Turn 6] ST Ken'zah Station firing Laser Battery at F Sathar Fighter D
[Peer: 440931918] [Turn 6] Firing Ship: ST Ken'zah Station, Weapon: Laser Battery, Odds: 40%, Roll: 34, Result: HIT
[Peer: 440931918] [Turn 6] [color=green]HIT![/color] Rolling Damage Table (d100+0 = 52)
[Peer: 440931918] [Turn 6] Sathar Fighter D: Drive Hit (-1/2 ADF)
[Peer: 440931918] [Turn 6] ST Ken'zah Station firing Rocket Battery Swarm at F Sathar Fighter D
[Peer: 440931918] [Turn 6] Firing Ship: ST Ken'zah Station, Weapon: Rocket Battery Swarm, Odds: 40%, Roll: 36, Result: HIT
[Peer: 440931918] [Turn 6] [color=green]HIT![/color] Rolling Damage Table (d100+0 = 60)
[Peer: 440931918] [Turn 6] ST Ken'zah Station firing Rocket Battery Swarm at F Sathar Fighter D
Combat Roll: Distance 3, Chance 40%, Rolled 36
[Peer: 440931918] [Turn 6] Firing Ship: ST Ken'zah Station, Weapon: Rocket Battery Swarm, Odds: 40%, Roll: 36, Result: HIT
Damage Roll: 2d10+0 -> 9
Damage Roll: d100(60) + DTM(0) = 60
[Peer: 440931918] [Turn 6] [color=green]HIT![/color] Rolling Damage Table (d100+0 = 60)
[Peer: 440931918] [Turn 6] Sathar Fighter D: Steering Hit (All MR)
[Peer: 440931918] [Turn 6] FG Shimmer firing Laser Battery at F Sathar Fighter D
[Peer: 440931918] [Turn 6] Firing Ship: FG Shimmer, Weapon: Laser Battery, Odds: 45%, Roll: 31, Result: HIT
[Peer: 440931918] [Turn 6] [color=green]HIT![/color] Rolling Damage Table (d100+0 = 23)
[Peer: 440931918] [Turn 6] FG Shimmer firing Laser Battery at F Sathar Fighter D
Combat Roll: Distance 1, Chance 45%, Rolled 31
[Peer: 440931918] [Turn 6] Firing Ship: FG Shimmer, Weapon: Laser Battery, Odds: 45%, Roll: 31, Result: HIT
Damage Roll: 1d10+0 -> 9
Damage Roll: d100(23) + DTM(0) = 23
[Peer: 440931918] [Turn 6] [color=green]HIT![/color] Rolling Damage Table (d100+0 = 23)
[Peer: 440931918] [Turn 6] Ship destroyed: Sathar Fighter D
[Peer: 440931918] [Turn 6] Sathar Fighter D: Hull Hit (9 Damage)
[Peer: 440931918] [Turn 6] FG Zz'Nakk'T firing at WRECK of F Sathar Fighter D! (Wasted)
[Peer: 440931918] [Turn 6] FG Zz'Nakk'T firing at WRECK of F Sathar Fighter D! (Wasted)
[Peer: 440931918] [Turn 6] FG Zz'Nakk'T firing at WRECK of F Sathar Fighter D! (Wasted)
[Peer: 440931918] [Turn 6] FG Zz'Nakk'T firing at WRECK of F Sathar Fighter D! (Wasted)
[Peer: 440931918] [Turn 6] Resolution Phase Complete.
[Peer: 440931918] [Turn 6] Turn Segment Complete.
[DEBUG] start_combat_active: Side 2 firing (Active Side)
[Peer: 440931918] [Turn 6] Combat Planning: Side 2
[DEBUG] TARGET CHECK P2. Ships: 5
[DEBUG] VALID: Viper found target with Electron Battery
[Peer: 440931918] [Turn 6] AI Planning: DD Viper -> F Fighter A with Electron Battery (Utility: -0.21)
[Peer: 440931918] [Turn 6] Resolving 1 attacks...
[Peer: 440931918] [Turn 6] DD Viper firing Electron Battery at F Fighter A
Combat Roll: Distance 10, Chance 0%, Rolled 77
[Peer: 440931918] [Turn 6] Firing Ship: DD Viper, Weapon: Electron Battery, Odds: 0%, Roll: 77, Result: MISS
[Peer: 440931918] [Turn 6] [color=red]MISS![/color]
[Peer: 440931918] [Turn 6] DD Viper firing Electron Battery at F Fighter A
[Peer: 440931918] [Turn 6] Firing Ship: DD Viper, Weapon: Electron Battery, Odds: 0%, Roll: 77, Result: MISS
[Peer: 440931918] [Turn 6] Resolution Phase Complete.
[Peer: 440931918] [Turn 6] Turn Segment Complete.
[Peer: 440931918] [Turn 6] [color=cyan]=== REPAIR TURN Phase ===[/color]
[DEBUG] _update_repair_ui called - Subphase: 1, my_side_id: 2
[Peer: 440931918] [Turn 6] [DEBUG] Updating Repair UI for Phase: 1
[DEBUG] _update_repair_ui called - Subphase: 2, my_side_id: 2
[Peer: 440931918] [Turn 6] [DEBUG] Updating Repair UI for Phase: 2
[DEBUG] _update_repair_ui FINISHED. Items in list_repair: 5
[Peer: 440931918] [Turn 6] Repairing: Ken'zah Station, System: WPN, Odds: 90%, Roll: 80, Result: SUCCESS
[Peer: 440931918] [Turn 6] AI Auto-Repairing Ships...
[Peer: 440931918] [Turn 6] [color=gray]AI Auto-Repair processing for side 2[/color]
[Peer: 440931918] [Turn 6] AI Submitting Repairs...
[Peer: 440931918] [Turn 6] Repairing: Ken'zah Station, System: WPN, Odds: 90%, Roll: 80, Result: SUCCESS
[DEBUG] _update_repair_ui called - Subphase: 3, my_side_id: 2
[Peer: 440931918] [Turn 6] [DEBUG] Updating Repair UI for Phase: 3
[Peer: 440931918] [Turn 6] Repairing: Viper, System: CCS, Odds: 75%, Roll: 13, Result: SUCCESS
[Peer: 440931918] [Turn 6] Repairing: Viper, System: CCS, Odds: 75%, Roll: 13, Result: SUCCESS
[Peer: 440931918] [Turn 6] Repairing: Ken'zah Station, System: HULL, Odds: 10%, Roll: 10, Result: SUCCESS
[Peer: 440931918] [Turn 6] Repairing: Ken'zah Station, System: HULL, Odds: 10%, Roll: 10, Result: SUCCESS
[Peer: 440931918] [Turn 6] Repairing: Shimmer, System: FIRE_ELEC, Odds: 70%, Roll: 99, Result: PERMANENTLY DESTROYED
[Peer: 440931918] [Turn 6] Repairing: Shimmer, System: FIRE_ELEC, Odds: 70%, Roll: 99, Result: PERMANENTLY DESTROYED
[Peer: 440931918] [Turn 6] Repairing: Fighter A, System: MR, Odds: 30%, Roll: 45, Result: FAILED
[Peer: 440931918] [Turn 6] Repairing: Fighter A, System: MR, Odds: 30%, Roll: 45, Result: FAILED
[Peer: 440931918] [Turn 6] Synced Orders for Ken'zah Station
[Peer: 440931918] [Turn 6] [color=orange]Fire damage on Shimmer![/color]
[Peer: 440931918] [Turn 6] Fire Roll: d100+20 = 117 -> DISASTROUS FIRE! (+20 Dmg/Turn, Crippled)
[Peer: 440931918] [Turn 6] Shimmer: DISASTROUS FIRE! (+20 Dmg/Turn, Crippled)
[Peer: 440931918] [Turn 7] Round Complete (After Repair). Starting New Round.
[Peer: 440931918] [Turn 7] === Turn Start: Side UPF ===
DEBUG: Rejected Maelstrom Side:2 CurSide:1 Moved:false
DEBUG: Rejected Carrion Side:2 CurSide:1 Moved:false
DEBUG: Rejected Deathstroke Side:2 CurSide:1 Moved:false
DEBUG: Rejected Viper Side:2 CurSide:1 Moved:false
DEBUG: Rejected Sathar Fighter C Side:2 CurSide:1 Moved:false
DEBUG: start_movement_phase. Side: 1 Available: 8
DEBUG: First available: Ken'zah Station ID: 1 Moved: false
DEBUG: Auto-Orbit Candidate Found: Ken'zah Station (Class: Space Station, Orbit: 1)
[Peer: 440931918] [Turn 7] Synced Orders for Z'Rak't Zoz
[Peer: 440931918] [Turn 7] Synced Orders for Shimmer
[Peer: 440931918] [Turn 7] Synced Orders for Zz'Nakk'T
[Peer: 440931918] [Turn 7] Synced Orders for Fighter A
[Peer: 440931918] [Turn 7] Synced Orders for Fighter B
[Peer: 440931918] [Turn 7] Synced Orders for Fighter C
[Peer: 440931918] [Turn 7] Synced Orders for Fighter F
>>> DIAGNOSTIC: execute_all_movement running for side: 1 on peer: 440931918
[Peer: 440931918] [Turn 7] Executing Movement Phase for Side UPF
[Peer: 440931918] [Turn 7] [color=yellow]EXECUTE LOOP: Checking Ship Ken'zah Station (Class: Space Station, Mines: 0)[/color]
[Peer: 440931918] [Turn 7] [color=yellow]EXECUTE LOOP: Checking Ship Z'Rak't Zoz (Class: Minelayer, Mines: 0)[/color]
[Peer: 440931918] [Turn 7] [color=yellow]EXECUTE LOOP: Checking Ship Shimmer (Class: Frigate, Mines: 0)[/color]
[Peer: 440931918] [Turn 7] [color=yellow]EXECUTE LOOP: Checking Ship Zz'Nakk'T (Class: Frigate, Mines: 0)[/color]
[Peer: 440931918] [Turn 7] [color=yellow]EXECUTE LOOP: Checking Ship Fighter A (Class: Fighter, Mines: 0)[/color]
[Peer: 440931918] [Turn 7] [color=yellow]EXECUTE LOOP: Checking Ship Fighter B (Class: Fighter, Mines: 0)[/color]
[Peer: 440931918] [Turn 7] [color=yellow]EXECUTE LOOP: Checking Ship Fighter C (Class: Fighter, Mines: 0)[/color]
[Peer: 440931918] [Turn 7] [color=yellow]EXECUTE LOOP: Checking Ship Fighter F (Class: Fighter, Mines: 0)[/color]
>>> DIAGNOSTIC: Entering Mine Detonations. Active Mines: 17 on peer: 440931918
[Peer: 440931918] [Turn 7] [color=cyan]!!! DEBUG !!! Entering Mine Detonations. Active Mines: 17[/color]
[Peer: 440931918] [Turn 7] [color=cyan]  Mine at (-4.000000, 8.000000, -4.000000) (Side 1)[/color]
[Peer: 440931918] [Turn 7] [color=cyan]  Mine at (9.000000, -1.000000, -8.000000) (Side 1)[/color]
[Peer: 440931918] [Turn 7] [color=cyan]  Mine at (-9.000000, 0.000000, 9.000000) (Side 1)[/color]
[Peer: 440931918] [Turn 7] [color=cyan]  Mine at (-9.000000, 1.000000, 8.000000) (Side 1)[/color]
[Peer: 440931918] [Turn 7] [color=cyan]  Mine at (-8.000000, 7.000000, 1.000000) (Side 1)[/color]
[Peer: 440931918] [Turn 7] [color=cyan]  Mine at (8.000000, -9.000000, 1.000000) (Side 1)[/color]
[Peer: 440931918] [Turn 7] [color=cyan]  Mine at (6.000000, -7.000000, 1.000000) (Side 1)[/color]
[Peer: 440931918] [Turn 7] [color=cyan]  Mine at (7.000000, 0.000000, -7.000000) (Side 1)[/color]
[Peer: 440931918] [Turn 7] [color=cyan]  Mine at (-8.000000, 3.000000, 5.000000) (Side 1)[/color]
[Peer: 440931918] [Turn 7] [color=cyan]  Mine at (-7.000000, 1.000000, 6.000000) (Side 1)[/color]
[Peer: 440931918] [Turn 7] [color=cyan]  Mine at (-7.000000, 7.000000, 0.000000) (Side 1)[/color]
[Peer: 440931918] [Turn 7] [color=cyan]  Mine at (-2.000000, 9.000000, -7.000000) (Side 1)[/color]
[Peer: 440931918] [Turn 7] [color=cyan]  Mine at (0.000000, 7.000000, -7.000000) (Side 1)[/color]
[Peer: 440931918] [Turn 7] [color=cyan]  Mine at (-5.000000, 8.000000, -3.000000) (Side 1)[/color]
[Peer: 440931918] [Turn 7] [color=cyan]  Mine at (-4.000000, -3.000000, 7.000000) (Side 1)[/color]
[Peer: 440931918] [Turn 7] [color=cyan]  Mine at (6.000000, -9.000000, 3.000000) (Side 1)[/color]
[Peer: 440931918] [Turn 7] [color=cyan]  Mine at (-7.000000, 4.000000, 3.000000) (Side 1)[/color]
[Peer: 440931918] [Turn 7] [color=cyan]  Checking ship Maelstrom (Side 2) at (30.000000, -31.000000, 1.000000) with path [(27, -26, -1), (28, -27, -1), (29, -28, -1), (30, -29, -1), (30, -30, 0), (30, -31, 1)][/color]
[Peer: 440931918] [Turn 7] [color=cyan]  Checking ship Carrion (Side 2) at (23.000000, -30.000000, 7.000000) with path [(19, -27, 8), (20, -28, 8), (21, -29, 8), (22, -30, 8), (23, -30, 7)][/color]
[Peer: 440931918] [Turn 7] [color=cyan]  Checking ship Deathstroke (Side 2) at (7.000000, -22.000000, 15.000000) with path [(17, -19, 2), (18, -20, 2), (18, -21, 3), (18, -22, 4), (17, -22, 5), (16, -22, 6), (15, -22, 7), (14, -22, 8), (13, -22, 9), (12, -22, 10), (11, -22, 11), (10, -22, 12), (9, -22, 13), (8, -22, 14), (7, -22, 15)][/color]
[Peer: 440931918] [Turn 7] [color=cyan]  Checking ship Viper (Side 2) at (-16.000000, 2.000000, 14.000000) with path [(-2, 2, 0), (-3, 2, 1), (-4, 2, 2), (-5, 2, 3), (-6, 2, 4), (-7, 2, 5), (-8, 2, 6), (-9, 2, 7), (-10, 2, 8), (-11, 2, 9), (-12, 2, 10), (-13, 2, 11), (-14, 2, 12), (-15, 2, 13), (-16, 2, 14)][/color]
[Peer: 440931918] [Turn 7] [color=cyan]  Checking ship Sathar Fighter C (Side 2) at (-4.000000, -4.000000, 8.000000) with path [(0, -22, 22), (1, -22, 21), (1, -21, 20), (2, -21, 19), (3, -21, 18), (4, -21, 17), (4, -20, 16), (4, -19, 15), (4, -18, 14), (4, -17, 13), (4, -16, 12), (4, -15, 11), (3, -14, 11), (2, -13, 11), (1, -12, 11), (0, -11, 11), (-1, -10, 11), (-2, -9, 11), (-3, -8, 11), (-4, -7, 11), (-4, -6, 10), (-4, -5, 9), (-4, -4, 8)][/color]
[Peer: 440931918] [Turn 7] Mines check complete. Hit ships size: 0
[Peer: 440931918] [Turn 7] [color=cyan]  Checking ship Maelstrom (Side 2) at (30.000000, -31.000000, 1.000000) with path [(27, -26, -1), (28, -27, -1), (29, -28, -1), (30, -29, -1), (30, -30, 0), (30, -31, 1)][/color]
[Peer: 440931918] [Turn 7] [color=cyan]  Checking ship Carrion (Side 2) at (23.000000, -30.000000, 7.000000) with path [(19, -27, 8), (20, -28, 8), (21, -29, 8), (22, -30, 8), (23, -30, 7)][/color]
[Peer: 440931918] [Turn 7] [color=cyan]  Checking ship Deathstroke (Side 2) at (7.000000, -22.000000, 15.000000) with path [(17, -19, 2), (18, -20, 2), (18, -21, 3), (18, -22, 4), (17, -22, 5), (16, -22, 6), (15, -22, 7), (14, -22, 8), (13, -22, 9), (12, -22, 10), (11, -22, 11), (10, -22, 12), (9, -22, 13), (8, -22, 14), (7, -22, 15)][/color]
[Peer: 440931918] [Turn 7] [color=cyan]  Checking ship Viper (Side 2) at (-16.000000, 2.000000, 14.000000) with path [(-2, 2, 0), (-3, 2, 1), (-4, 2, 2), (-5, 2, 3), (-6, 2, 4), (-7, 2, 5), (-8, 2, 6), (-9, 2, 7), (-10, 2, 8), (-11, 2, 9), (-12, 2, 10), (-13, 2, 11), (-14, 2, 12), (-15, 2, 13), (-16, 2, 14)][/color]
[Peer: 440931918] [Turn 7] [color=cyan]  Checking ship Sathar Fighter C (Side 2) at (-4.000000, -4.000000, 8.000000) with path [(0, -22, 22), (1, -22, 21), (1, -21, 20), (2, -21, 19), (3, -21, 18), (4, -21, 17), (4, -20, 16), (4, -19, 15), (4, -18, 14), (4, -17, 13), (4, -16, 12), (4, -15, 11), (3, -14, 11), (2, -13, 11), (1, -12, 11), (0, -11, 11), (-1, -10, 11), (-2, -9, 11), (-3, -8, 11), (-4, -7, 11), (-4, -6, 10), (-4, -5, 9), (-4, -4, 8)][/color]
[Peer: 440931918] [Turn 7] Mines check complete. Hit ships size: 0
[Peer: 440931918] [Turn 7] [color=cyan]  Checking ship Maelstrom (Side 2) at (30.000000, -31.000000, 1.000000) with path [(27, -26, -1), (28, -27, -1), (29, -28, -1), (30, -29, -1), (30, -30, 0), (30, -31, 1)][/color]
[Peer: 440931918] [Turn 7] [color=cyan]  Checking ship Carrion (Side 2) at (23.000000, -30.000000, 7.000000) with path [(19, -27, 8), (20, -28, 8), (21, -29, 8), (22, -30, 8), (23, -30, 7)][/color]
[Peer: 440931918] [Turn 7] [color=cyan]  Checking ship Deathstroke (Side 2) at (7.000000, -22.000000, 15.000000) with path [(17, -19, 2), (18, -20, 2), (18, -21, 3), (18, -22, 4), (17, -22, 5), (16, -22, 6), (15, -22, 7), (14, -22, 8), (13, -22, 9), (12, -22, 10), (11, -22, 11), (10, -22, 12), (9, -22, 13), (8, -22, 14), (7, -22, 15)][/color]
[Peer: 440931918] [Turn 7] [color=cyan]  Checking ship Viper (Side 2) at (-16.000000, 2.000000, 14.000000) with path [(-2, 2, 0), (-3, 2, 1), (-4, 2, 2), (-5, 2, 3), (-6, 2, 4), (-7, 2, 5), (-8, 2, 6), (-9, 2, 7), (-10, 2, 8), (-11, 2, 9), (-12, 2, 10), (-13, 2, 11), (-14, 2, 12), (-15, 2, 13), (-16, 2, 14)][/color]
[Peer: 440931918] [Turn 7] [color=cyan]  Checking ship Sathar Fighter C (Side 2) at (-4.000000, -4.000000, 8.000000) with path [(0, -22, 22), (1, -22, 21), (1, -21, 20), (2, -21, 19), (3, -21, 18), (4, -21, 17), (4, -20, 16), (4, -19, 15), (4, -18, 14), (4, -17, 13), (4, -16, 12), (4, -15, 11), (3, -14, 11), (2, -13, 11), (1, -12, 11), (0, -11, 11), (-1, -10, 11), (-2, -9, 11), (-3, -8, 11), (-4, -7, 11), (-4, -6, 10), (-4, -5, 9), (-4, -4, 8)][/color]
[Peer: 440931918] [Turn 7] Mines check complete. Hit ships size: 0
[Peer: 440931918] [Turn 7] [color=cyan]  Checking ship Maelstrom (Side 2) at (30.000000, -31.000000, 1.000000) with path [(27, -26, -1), (28, -27, -1), (29, -28, -1), (30, -29, -1), (30, -30, 0), (30, -31, 1)][/color]
[Peer: 440931918] [Turn 7] [color=cyan]  Checking ship Carrion (Side 2) at (23.000000, -30.000000, 7.000000) with path [(19, -27, 8), (20, -28, 8), (21, -29, 8), (22, -30, 8), (23, -30, 7)][/color]
[Peer: 440931918] [Turn 7] [color=cyan]  Checking ship Deathstroke (Side 2) at (7.000000, -22.000000, 15.000000) with path [(17, -19, 2), (18, -20, 2), (18, -21, 3), (18, -22, 4), (17, -22, 5), (16, -22, 6), (15, -22, 7), (14, -22, 8), (13, -22, 9), (12, -22, 10), (11, -22, 11), (10, -22, 12), (9, -22, 13), (8, -22, 14), (7, -22, 15)][/color]
[Peer: 440931918] [Turn 7] [color=cyan]  Checking ship Viper (Side 2) at (-16.000000, 2.000000, 14.000000) with path [(-2, 2, 0), (-3, 2, 1), (-4, 2, 2), (-5, 2, 3), (-6, 2, 4), (-7, 2, 5), (-8, 2, 6), (-9, 2, 7), (-10, 2, 8), (-11, 2, 9), (-12, 2, 10), (-13, 2, 11), (-14, 2, 12), (-15, 2, 13), (-16, 2, 14)][/color]
[Peer: 440931918] [Turn 7] [color=cyan]  Checking ship Sathar Fighter C (Side 2) at (-4.000000, -4.000000, 8.000000) with path [(0, -22, 22), (1, -22, 21), (1, -21, 20), (2, -21, 19), (3, -21, 18), (4, -21, 17), (4, -20, 16), (4, -19, 15), (4, -18, 14), (4, -17, 13), (4, -16, 12), (4, -15, 11), (3, -14, 11), (2, -13, 11), (1, -12, 11), (0, -11, 11), (-1, -10, 11), (-2, -9, 11), (-3, -8, 11), (-4, -7, 11), (-4, -6, 10), (-4, -5, 9), (-4, -4, 8)][/color]
[Peer: 440931918] [Turn 7] Mines check complete. Hit ships size: 0
[Peer: 440931918] [Turn 7] [color=cyan]  Checking ship Maelstrom (Side 2) at (30.000000, -31.000000, 1.000000) with path [(27, -26, -1), (28, -27, -1), (29, -28, -1), (30, -29, -1), (30, -30, 0), (30, -31, 1)][/color]
[Peer: 440931918] [Turn 7] [color=cyan]  Checking ship Carrion (Side 2) at (23.000000, -30.000000, 7.000000) with path [(19, -27, 8), (20, -28, 8), (21, -29, 8), (22, -30, 8), (23, -30, 7)][/color]
[Peer: 440931918] [Turn 7] [color=cyan]  Checking ship Deathstroke (Side 2) at (7.000000, -22.000000, 15.000000) with path [(17, -19, 2), (18, -20, 2), (18, -21, 3), (18, -22, 4), (17, -22, 5), (16, -22, 6), (15, -22, 7), (14, -22, 8), (13, -22, 9), (12, -22, 10), (11, -22, 11), (10, -22, 12), (9, -22, 13), (8, -22, 14), (7, -22, 15)][/color]
[Peer: 440931918] [Turn 7] [color=cyan]  Checking ship Viper (Side 2) at (-16.000000, 2.000000, 14.000000) with path [(-2, 2, 0), (-3, 2, 1), (-4, 2, 2), (-5, 2, 3), (-6, 2, 4), (-7, 2, 5), (-8, 2, 6), (-9, 2, 7), (-10, 2, 8), (-11, 2, 9), (-12, 2, 10), (-13, 2, 11), (-14, 2, 12), (-15, 2, 13), (-16, 2, 14)][/color]
[Peer: 440931918] [Turn 7] [color=cyan]  Checking ship Sathar Fighter C (Side 2) at (-4.000000, -4.000000, 8.000000) with path [(0, -22, 22), (1, -22, 21), (1, -21, 20), (2, -21, 19), (3, -21, 18), (4, -21, 17), (4, -20, 16), (4, -19, 15), (4, -18, 14), (4, -17, 13), (4, -16, 12), (4, -15, 11), (3, -14, 11), (2, -13, 11), (1, -12, 11), (0, -11, 11), (-1, -10, 11), (-2, -9, 11), (-3, -8, 11), (-4, -7, 11), (-4, -6, 10), (-4, -5, 9), (-4, -4, 8)][/color]
[Peer: 440931918] [Turn 7] Mines check complete. Hit ships size: 0
[Peer: 440931918] [Turn 7] [color=cyan]  Checking ship Maelstrom (Side 2) at (30.000000, -31.000000, 1.000000) with path [(27, -26, -1), (28, -27, -1), (29, -28, -1), (30, -29, -1), (30, -30, 0), (30, -31, 1)][/color]
[Peer: 440931918] [Turn 7] [color=cyan]  Checking ship Carrion (Side 2) at (23.000000, -30.000000, 7.000000) with path [(19, -27, 8), (20, -28, 8), (21, -29, 8), (22, -30, 8), (23, -30, 7)][/color]
[Peer: 440931918] [Turn 7] [color=cyan]  Checking ship Deathstroke (Side 2) at (7.000000, -22.000000, 15.000000) with path [(17, -19, 2), (18, -20, 2), (18, -21, 3), (18, -22, 4), (17, -22, 5), (16, -22, 6), (15, -22, 7), (14, -22, 8), (13, -22, 9), (12, -22, 10), (11, -22, 11), (10, -22, 12), (9, -22, 13), (8, -22, 14), (7, -22, 15)][/color]
[Peer: 440931918] [Turn 7] [color=cyan]  Checking ship Viper (Side 2) at (-16.000000, 2.000000, 14.000000) with path [(-2, 2, 0), (-3, 2, 1), (-4, 2, 2), (-5, 2, 3), (-6, 2, 4), (-7, 2, 5), (-8, 2, 6), (-9, 2, 7), (-10, 2, 8), (-11, 2, 9), (-12, 2, 10), (-13, 2, 11), (-14, 2, 12), (-15, 2, 13), (-16, 2, 14)][/color]
[Peer: 440931918] [Turn 7] [color=cyan]  Checking ship Sathar Fighter C (Side 2) at (-4.000000, -4.000000, 8.000000) with path [(0, -22, 22), (1, -22, 21), (1, -21, 20), (2, -21, 19), (3, -21, 18), (4, -21, 17), (4, -20, 16), (4, -19, 15), (4, -18, 14), (4, -17, 13), (4, -16, 12), (4, -15, 11), (3, -14, 11), (2, -13, 11), (1, -12, 11), (0, -11, 11), (-1, -10, 11), (-2, -9, 11), (-3, -8, 11), (-4, -7, 11), (-4, -6, 10), (-4, -5, 9), (-4, -4, 8)][/color]
[Peer: 440931918] [Turn 7] Mines check complete. Hit ships size: 0
[Peer: 440931918] [Turn 7] [color=cyan]  Checking ship Maelstrom (Side 2) at (30.000000, -31.000000, 1.000000) with path [(27, -26, -1), (28, -27, -1), (29, -28, -1), (30, -29, -1), (30, -30, 0), (30, -31, 1)][/color]
[Peer: 440931918] [Turn 7] [color=cyan]  Checking ship Carrion (Side 2) at (23.000000, -30.000000, 7.000000) with path [(19, -27, 8), (20, -28, 8), (21, -29, 8), (22, -30, 8), (23, -30, 7)][/color]
[Peer: 440931918] [Turn 7] [color=cyan]  Checking ship Deathstroke (Side 2) at (7.000000, -22.000000, 15.000000) with path [(17, -19, 2), (18, -20, 2), (18, -21, 3), (18, -22, 4), (17, -22, 5), (16, -22, 6), (15, -22, 7), (14, -22, 8), (13, -22, 9), (12, -22, 10), (11, -22, 11), (10, -22, 12), (9, -22, 13), (8, -22, 14), (7, -22, 15)][/color]
[Peer: 440931918] [Turn 7] [color=cyan]  Checking ship Viper (Side 2) at (-16.000000, 2.000000, 14.000000) with path [(-2, 2, 0), (-3, 2, 1), (-4, 2, 2), (-5, 2, 3), (-6, 2, 4), (-7, 2, 5), (-8, 2, 6), (-9, 2, 7), (-10, 2, 8), (-11, 2, 9), (-12, 2, 10), (-13, 2, 11), (-14, 2, 12), (-15, 2, 13), (-16, 2, 14)][/color]
[Peer: 440931918] [Turn 7] [color=cyan]  Checking ship Sathar Fighter C (Side 2) at (-4.000000, -4.000000, 8.000000) with path [(0, -22, 22), (1, -22, 21), (1, -21, 20), (2, -21, 19), (3, -21, 18), (4, -21, 17), (4, -20, 16), (4, -19, 15), (4, -18, 14), (4, -17, 13), (4, -16, 12), (4, -15, 11), (3, -14, 11), (2, -13, 11), (1, -12, 11), (0, -11, 11), (-1, -10, 11), (-2, -9, 11), (-3, -8, 11), (-4, -7, 11), (-4, -6, 10), (-4, -5, 9), (-4, -4, 8)][/color]
[Peer: 440931918] [Turn 7] Mines check complete. Hit ships size: 0
[Peer: 440931918] [Turn 7] [color=cyan]  Checking ship Maelstrom (Side 2) at (30.000000, -31.000000, 1.000000) with path [(27, -26, -1), (28, -27, -1), (29, -28, -1), (30, -29, -1), (30, -30, 0), (30, -31, 1)][/color]
[Peer: 440931918] [Turn 7] [color=cyan]  Checking ship Carrion (Side 2) at (23.000000, -30.000000, 7.000000) with path [(19, -27, 8), (20, -28, 8), (21, -29, 8), (22, -30, 8), (23, -30, 7)][/color]
[Peer: 440931918] [Turn 7] [color=cyan]  Checking ship Deathstroke (Side 2) at (7.000000, -22.000000, 15.000000) with path [(17, -19, 2), (18, -20, 2), (18, -21, 3), (18, -22, 4), (17, -22, 5), (16, -22, 6), (15, -22, 7), (14, -22, 8), (13, -22, 9), (12, -22, 10), (11, -22, 11), (10, -22, 12), (9, -22, 13), (8, -22, 14), (7, -22, 15)][/color]
[Peer: 440931918] [Turn 7] [color=cyan]  Checking ship Viper (Side 2) at (-16.000000, 2.000000, 14.000000) with path [(-2, 2, 0), (-3, 2, 1), (-4, 2, 2), (-5, 2, 3), (-6, 2, 4), (-7, 2, 5), (-8, 2, 6), (-9, 2, 7), (-10, 2, 8), (-11, 2, 9), (-12, 2, 10), (-13, 2, 11), (-14, 2, 12), (-15, 2, 13), (-16, 2, 14)][/color]
[Peer: 440931918] [Turn 7] [color=cyan]  Checking ship Sathar Fighter C (Side 2) at (-4.000000, -4.000000, 8.000000) with path [(0, -22, 22), (1, -22, 21), (1, -21, 20), (2, -21, 19), (3, -21, 18), (4, -21, 17), (4, -20, 16), (4, -19, 15), (4, -18, 14), (4, -17, 13), (4, -16, 12), (4, -15, 11), (3, -14, 11), (2, -13, 11), (1, -12, 11), (0, -11, 11), (-1, -10, 11), (-2, -9, 11), (-3, -8, 11), (-4, -7, 11), (-4, -6, 10), (-4, -5, 9), (-4, -4, 8)][/color]
[Peer: 440931918] [Turn 7] Mines check complete. Hit ships size: 0
[Peer: 440931918] [Turn 7] [color=cyan]  Checking ship Maelstrom (Side 2) at (30.000000, -31.000000, 1.000000) with path [(27, -26, -1), (28, -27, -1), (29, -28, -1), (30, -29, -1), (30, -30, 0), (30, -31, 1)][/color]
[Peer: 440931918] [Turn 7] [color=cyan]  Checking ship Carrion (Side 2) at (23.000000, -30.000000, 7.000000) with path [(19, -27, 8), (20, -28, 8), (21, -29, 8), (22, -30, 8), (23, -30, 7)][/color]
[Peer: 440931918] [Turn 7] [color=cyan]  Checking ship Deathstroke (Side 2) at (7.000000, -22.000000, 15.000000) with path [(17, -19, 2), (18, -20, 2), (18, -21, 3), (18, -22, 4), (17, -22, 5), (16, -22, 6), (15, -22, 7), (14, -22, 8), (13, -22, 9), (12, -22, 10), (11, -22, 11), (10, -22, 12), (9, -22, 13), (8, -22, 14), (7, -22, 15)][/color]
[Peer: 440931918] [Turn 7] [color=cyan]  Checking ship Viper (Side 2) at (-16.000000, 2.000000, 14.000000) with path [(-2, 2, 0), (-3, 2, 1), (-4, 2, 2), (-5, 2, 3), (-6, 2, 4), (-7, 2, 5), (-8, 2, 6), (-9, 2, 7), (-10, 2, 8), (-11, 2, 9), (-12, 2, 10), (-13, 2, 11), (-14, 2, 12), (-15, 2, 13), (-16, 2, 14)][/color]
[Peer: 440931918] [Turn 7] [color=cyan]  Checking ship Sathar Fighter C (Side 2) at (-4.000000, -4.000000, 8.000000) with path [(0, -22, 22), (1, -22, 21), (1, -21, 20), (2, -21, 19), (3, -21, 18), (4, -21, 17), (4, -20, 16), (4, -19, 15), (4, -18, 14), (4, -17, 13), (4, -16, 12), (4, -15, 11), (3, -14, 11), (2, -13, 11), (1, -12, 11), (0, -11, 11), (-1, -10, 11), (-2, -9, 11), (-3, -8, 11), (-4, -7, 11), (-4, -6, 10), (-4, -5, 9), (-4, -4, 8)][/color]
[Peer: 440931918] [Turn 7] Mines check complete. Hit ships size: 0
[Peer: 440931918] [Turn 7] [color=cyan]  Checking ship Maelstrom (Side 2) at (30.000000, -31.000000, 1.000000) with path [(27, -26, -1), (28, -27, -1), (29, -28, -1), (30, -29, -1), (30, -30, 0), (30, -31, 1)][/color]
[Peer: 440931918] [Turn 7] [color=cyan]  Checking ship Carrion (Side 2) at (23.000000, -30.000000, 7.000000) with path [(19, -27, 8), (20, -28, 8), (21, -29, 8), (22, -30, 8), (23, -30, 7)][/color]
[Peer: 440931918] [Turn 7] [color=cyan]  Checking ship Deathstroke (Side 2) at (7.000000, -22.000000, 15.000000) with path [(17, -19, 2), (18, -20, 2), (18, -21, 3), (18, -22, 4), (17, -22, 5), (16, -22, 6), (15, -22, 7), (14, -22, 8), (13, -22, 9), (12, -22, 10), (11, -22, 11), (10, -22, 12), (9, -22, 13), (8, -22, 14), (7, -22, 15)][/color]
[Peer: 440931918] [Turn 7] [color=cyan]  Checking ship Viper (Side 2) at (-16.000000, 2.000000, 14.000000) with path [(-2, 2, 0), (-3, 2, 1), (-4, 2, 2), (-5, 2, 3), (-6, 2, 4), (-7, 2, 5), (-8, 2, 6), (-9, 2, 7), (-10, 2, 8), (-11, 2, 9), (-12, 2, 10), (-13, 2, 11), (-14, 2, 12), (-15, 2, 13), (-16, 2, 14)][/color]
[Peer: 440931918] [Turn 7] [color=cyan]  Checking ship Sathar Fighter C (Side 2) at (-4.000000, -4.000000, 8.000000) with path [(0, -22, 22), (1, -22, 21), (1, -21, 20), (2, -21, 19), (3, -21, 18), (4, -21, 17), (4, -20, 16), (4, -19, 15), (4, -18, 14), (4, -17, 13), (4, -16, 12), (4, -15, 11), (3, -14, 11), (2, -13, 11), (1, -12, 11), (0, -11, 11), (-1, -10, 11), (-2, -9, 11), (-3, -8, 11), (-4, -7, 11), (-4, -6, 10), (-4, -5, 9), (-4, -4, 8)][/color]
[Peer: 440931918] [Turn 7] Mines check complete. Hit ships size: 0
[Peer: 440931918] [Turn 7] [color=cyan]  Checking ship Maelstrom (Side 2) at (30.000000, -31.000000, 1.000000) with path [(27, -26, -1), (28, -27, -1), (29, -28, -1), (30, -29, -1), (30, -30, 0), (30, -31, 1)][/color]
[Peer: 440931918] [Turn 7] [color=cyan]  Checking ship Carrion (Side 2) at (23.000000, -30.000000, 7.000000) with path [(19, -27, 8), (20, -28, 8), (21, -29, 8), (22, -30, 8), (23, -30, 7)][/color]
[Peer: 440931918] [Turn 7] [color=cyan]  Checking ship Deathstroke (Side 2) at (7.000000, -22.000000, 15.000000) with path [(17, -19, 2), (18, -20, 2), (18, -21, 3), (18, -22, 4), (17, -22, 5), (16, -22, 6), (15, -22, 7), (14, -22, 8), (13, -22, 9), (12, -22, 10), (11, -22, 11), (10, -22, 12), (9, -22, 13), (8, -22, 14), (7, -22, 15)][/color]
[Peer: 440931918] [Turn 7] [color=cyan]  Checking ship Viper (Side 2) at (-16.000000, 2.000000, 14.000000) with path [(-2, 2, 0), (-3, 2, 1), (-4, 2, 2), (-5, 2, 3), (-6, 2, 4), (-7, 2, 5), (-8, 2, 6), (-9, 2, 7), (-10, 2, 8), (-11, 2, 9), (-12, 2, 10), (-13, 2, 11), (-14, 2, 12), (-15, 2, 13), (-16, 2, 14)][/color]
[Peer: 440931918] [Turn 7] [color=cyan]  Checking ship Sathar Fighter C (Side 2) at (-4.000000, -4.000000, 8.000000) with path [(0, -22, 22), (1, -22, 21), (1, -21, 20), (2, -21, 19), (3, -21, 18), (4, -21, 17), (4, -20, 16), (4, -19, 15), (4, -18, 14), (4, -17, 13), (4, -16, 12), (4, -15, 11), (3, -14, 11), (2, -13, 11), (1, -12, 11), (0, -11, 11), (-1, -10, 11), (-2, -9, 11), (-3, -8, 11), (-4, -7, 11), (-4, -6, 10), (-4, -5, 9), (-4, -4, 8)][/color]
[Peer: 440931918] [Turn 7] Mines check complete. Hit ships size: 0
[Peer: 440931918] [Turn 7] [color=cyan]  Checking ship Maelstrom (Side 2) at (30.000000, -31.000000, 1.000000) with path [(27, -26, -1), (28, -27, -1), (29, -28, -1), (30, -29, -1), (30, -30, 0), (30, -31, 1)][/color]
[Peer: 440931918] [Turn 7] [color=cyan]  Checking ship Carrion (Side 2) at (23.000000, -30.000000, 7.000000) with path [(19, -27, 8), (20, -28, 8), (21, -29, 8), (22, -30, 8), (23, -30, 7)][/color]
[Peer: 440931918] [Turn 7] [color=cyan]  Checking ship Deathstroke (Side 2) at (7.000000, -22.000000, 15.000000) with path [(17, -19, 2), (18, -20, 2), (18, -21, 3), (18, -22, 4), (17, -22, 5), (16, -22, 6), (15, -22, 7), (14, -22, 8), (13, -22, 9), (12, -22, 10), (11, -22, 11), (10, -22, 12), (9, -22, 13), (8, -22, 14), (7, -22, 15)][/color]
[Peer: 440931918] [Turn 7] [color=cyan]  Checking ship Viper (Side 2) at (-16.000000, 2.000000, 14.000000) with path [(-2, 2, 0), (-3, 2, 1), (-4, 2, 2), (-5, 2, 3), (-6, 2, 4), (-7, 2, 5), (-8, 2, 6), (-9, 2, 7), (-10, 2, 8), (-11, 2, 9), (-12, 2, 10), (-13, 2, 11), (-14, 2, 12), (-15, 2, 13), (-16, 2, 14)][/color]
[Peer: 440931918] [Turn 7] [color=cyan]  Checking ship Sathar Fighter C (Side 2) at (-4.000000, -4.000000, 8.000000) with path [(0, -22, 22), (1, -22, 21), (1, -21, 20), (2, -21, 19), (3, -21, 18), (4, -21, 17), (4, -20, 16), (4, -19, 15), (4, -18, 14), (4, -17, 13), (4, -16, 12), (4, -15, 11), (3, -14, 11), (2, -13, 11), (1, -12, 11), (0, -11, 11), (-1, -10, 11), (-2, -9, 11), (-3, -8, 11), (-4, -7, 11), (-4, -6, 10), (-4, -5, 9), (-4, -4, 8)][/color]
[Peer: 440931918] [Turn 7] Mines check complete. Hit ships size: 0
[Peer: 440931918] [Turn 7] [color=cyan]  Checking ship Maelstrom (Side 2) at (30.000000, -31.000000, 1.000000) with path [(27, -26, -1), (28, -27, -1), (29, -28, -1), (30, -29, -1), (30, -30, 0), (30, -31, 1)][/color]
[Peer: 440931918] [Turn 7] [color=cyan]  Checking ship Carrion (Side 2) at (23.000000, -30.000000, 7.000000) with path [(19, -27, 8), (20, -28, 8), (21, -29, 8), (22, -30, 8), (23, -30, 7)][/color]
[Peer: 440931918] [Turn 7] [color=cyan]  Checking ship Deathstroke (Side 2) at (7.000000, -22.000000, 15.000000) with path [(17, -19, 2), (18, -20, 2), (18, -21, 3), (18, -22, 4), (17, -22, 5), (16, -22, 6), (15, -22, 7), (14, -22, 8), (13, -22, 9), (12, -22, 10), (11, -22, 11), (10, -22, 12), (9, -22, 13), (8, -22, 14), (7, -22, 15)][/color]
[Peer: 440931918] [Turn 7] [color=cyan]  Checking ship Viper (Side 2) at (-16.000000, 2.000000, 14.000000) with path [(-2, 2, 0), (-3, 2, 1), (-4, 2, 2), (-5, 2, 3), (-6, 2, 4), (-7, 2, 5), (-8, 2, 6), (-9, 2, 7), (-10, 2, 8), (-11, 2, 9), (-12, 2, 10), (-13, 2, 11), (-14, 2, 12), (-15, 2, 13), (-16, 2, 14)][/color]
[Peer: 440931918] [Turn 7] [color=cyan]  Checking ship Sathar Fighter C (Side 2) at (-4.000000, -4.000000, 8.000000) with path [(0, -22, 22), (1, -22, 21), (1, -21, 20), (2, -21, 19), (3, -21, 18), (4, -21, 17), (4, -20, 16), (4, -19, 15), (4, -18, 14), (4, -17, 13), (4, -16, 12), (4, -15, 11), (3, -14, 11), (2, -13, 11), (1, -12, 11), (0, -11, 11), (-1, -10, 11), (-2, -9, 11), (-3, -8, 11), (-4, -7, 11), (-4, -6, 10), (-4, -5, 9), (-4, -4, 8)][/color]
[Peer: 440931918] [Turn 7] Mines check complete. Hit ships size: 0
[Peer: 440931918] [Turn 7] [color=cyan]  Checking ship Maelstrom (Side 2) at (30.000000, -31.000000, 1.000000) with path [(27, -26, -1), (28, -27, -1), (29, -28, -1), (30, -29, -1), (30, -30, 0), (30, -31, 1)][/color]
[Peer: 440931918] [Turn 7] [color=cyan]  Checking ship Carrion (Side 2) at (23.000000, -30.000000, 7.000000) with path [(19, -27, 8), (20, -28, 8), (21, -29, 8), (22, -30, 8), (23, -30, 7)][/color]
[Peer: 440931918] [Turn 7] [color=cyan]  Checking ship Deathstroke (Side 2) at (7.000000, -22.000000, 15.000000) with path [(17, -19, 2), (18, -20, 2), (18, -21, 3), (18, -22, 4), (17, -22, 5), (16, -22, 6), (15, -22, 7), (14, -22, 8), (13, -22, 9), (12, -22, 10), (11, -22, 11), (10, -22, 12), (9, -22, 13), (8, -22, 14), (7, -22, 15)][/color]
[Peer: 440931918] [Turn 7] [color=cyan]  Checking ship Viper (Side 2) at (-16.000000, 2.000000, 14.000000) with path [(-2, 2, 0), (-3, 2, 1), (-4, 2, 2), (-5, 2, 3), (-6, 2, 4), (-7, 2, 5), (-8, 2, 6), (-9, 2, 7), (-10, 2, 8), (-11, 2, 9), (-12, 2, 10), (-13, 2, 11), (-14, 2, 12), (-15, 2, 13), (-16, 2, 14)][/color]
[Peer: 440931918] [Turn 7] [color=cyan]  Checking ship Sathar Fighter C (Side 2) at (-4.000000, -4.000000, 8.000000) with path [(0, -22, 22), (1, -22, 21), (1, -21, 20), (2, -21, 19), (3, -21, 18), (4, -21, 17), (4, -20, 16), (4, -19, 15), (4, -18, 14), (4, -17, 13), (4, -16, 12), (4, -15, 11), (3, -14, 11), (2, -13, 11), (1, -12, 11), (0, -11, 11), (-1, -10, 11), (-2, -9, 11), (-3, -8, 11), (-4, -7, 11), (-4, -6, 10), (-4, -5, 9), (-4, -4, 8)][/color]
[Peer: 440931918] [Turn 7] Mines check complete. Hit ships size: 0
[Peer: 440931918] [Turn 7] [color=cyan]  Checking ship Maelstrom (Side 2) at (30.000000, -31.000000, 1.000000) with path [(27, -26, -1), (28, -27, -1), (29, -28, -1), (30, -29, -1), (30, -30, 0), (30, -31, 1)][/color]
[Peer: 440931918] [Turn 7] [color=cyan]  Checking ship Carrion (Side 2) at (23.000000, -30.000000, 7.000000) with path [(19, -27, 8), (20, -28, 8), (21, -29, 8), (22, -30, 8), (23, -30, 7)][/color]
[Peer: 440931918] [Turn 7] [color=cyan]  Checking ship Deathstroke (Side 2) at (7.000000, -22.000000, 15.000000) with path [(17, -19, 2), (18, -20, 2), (18, -21, 3), (18, -22, 4), (17, -22, 5), (16, -22, 6), (15, -22, 7), (14, -22, 8), (13, -22, 9), (12, -22, 10), (11, -22, 11), (10, -22, 12), (9, -22, 13), (8, -22, 14), (7, -22, 15)][/color]
[Peer: 440931918] [Turn 7] [color=cyan]  Checking ship Viper (Side 2) at (-16.000000, 2.000000, 14.000000) with path [(-2, 2, 0), (-3, 2, 1), (-4, 2, 2), (-5, 2, 3), (-6, 2, 4), (-7, 2, 5), (-8, 2, 6), (-9, 2, 7), (-10, 2, 8), (-11, 2, 9), (-12, 2, 10), (-13, 2, 11), (-14, 2, 12), (-15, 2, 13), (-16, 2, 14)][/color]
[Peer: 440931918] [Turn 7] [color=cyan]  Checking ship Sathar Fighter C (Side 2) at (-4.000000, -4.000000, 8.000000) with path [(0, -22, 22), (1, -22, 21), (1, -21, 20), (2, -21, 19), (3, -21, 18), (4, -21, 17), (4, -20, 16), (4, -19, 15), (4, -18, 14), (4, -17, 13), (4, -16, 12), (4, -15, 11), (3, -14, 11), (2, -13, 11), (1, -12, 11), (0, -11, 11), (-1, -10, 11), (-2, -9, 11), (-3, -8, 11), (-4, -7, 11), (-4, -6, 10), (-4, -5, 9), (-4, -4, 8)][/color]
[Peer: 440931918] [Turn 7] Mines check complete. Hit ships size: 0
[Peer: 440931918] [Turn 7] [color=cyan]  Checking ship Maelstrom (Side 2) at (30.000000, -31.000000, 1.000000) with path [(27, -26, -1), (28, -27, -1), (29, -28, -1), (30, -29, -1), (30, -30, 0), (30, -31, 1)][/color]
[Peer: 440931918] [Turn 7] [color=cyan]  Checking ship Carrion (Side 2) at (23.000000, -30.000000, 7.000000) with path [(19, -27, 8), (20, -28, 8), (21, -29, 8), (22, -30, 8), (23, -30, 7)][/color]
[Peer: 440931918] [Turn 7] [color=cyan]  Checking ship Deathstroke (Side 2) at (7.000000, -22.000000, 15.000000) with path [(17, -19, 2), (18, -20, 2), (18, -21, 3), (18, -22, 4), (17, -22, 5), (16, -22, 6), (15, -22, 7), (14, -22, 8), (13, -22, 9), (12, -22, 10), (11, -22, 11), (10, -22, 12), (9, -22, 13), (8, -22, 14), (7, -22, 15)][/color]
[Peer: 440931918] [Turn 7] [color=cyan]  Checking ship Viper (Side 2) at (-16.000000, 2.000000, 14.000000) with path [(-2, 2, 0), (-3, 2, 1), (-4, 2, 2), (-5, 2, 3), (-6, 2, 4), (-7, 2, 5), (-8, 2, 6), (-9, 2, 7), (-10, 2, 8), (-11, 2, 9), (-12, 2, 10), (-13, 2, 11), (-14, 2, 12), (-15, 2, 13), (-16, 2, 14)][/color]
[Peer: 440931918] [Turn 7] [color=cyan]  Checking ship Sathar Fighter C (Side 2) at (-4.000000, -4.000000, 8.000000) with path [(0, -22, 22), (1, -22, 21), (1, -21, 20), (2, -21, 19), (3, -21, 18), (4, -21, 17), (4, -20, 16), (4, -19, 15), (4, -18, 14), (4, -17, 13), (4, -16, 12), (4, -15, 11), (3, -14, 11), (2, -13, 11), (1, -12, 11), (0, -11, 11), (-1, -10, 11), (-2, -9, 11), (-3, -8, 11), (-4, -7, 11), (-4, -6, 10), (-4, -5, 9), (-4, -4, 8)][/color]
[Peer: 440931918] [Turn 7] Mines check complete. Hit ships size: 0
[Peer: 440931918] [Turn 7] [color=cyan]  Checking ship Maelstrom (Side 2) at (30.000000, -31.000000, 1.000000) with path [(27, -26, -1), (28, -27, -1), (29, -28, -1), (30, -29, -1), (30, -30, 0), (30, -31, 1)][/color]
[Peer: 440931918] [Turn 7] [color=cyan]  Checking ship Carrion (Side 2) at (23.000000, -30.000000, 7.000000) with path [(19, -27, 8), (20, -28, 8), (21, -29, 8), (22, -30, 8), (23, -30, 7)][/color]
[Peer: 440931918] [Turn 7] [color=cyan]  Checking ship Deathstroke (Side 2) at (7.000000, -22.000000, 15.000000) with path [(17, -19, 2), (18, -20, 2), (18, -21, 3), (18, -22, 4), (17, -22, 5), (16, -22, 6), (15, -22, 7), (14, -22, 8), (13, -22, 9), (12, -22, 10), (11, -22, 11), (10, -22, 12), (9, -22, 13), (8, -22, 14), (7, -22, 15)][/color]
[Peer: 440931918] [Turn 7] [color=cyan]  Checking ship Viper (Side 2) at (-16.000000, 2.000000, 14.000000) with path [(-2, 2, 0), (-3, 2, 1), (-4, 2, 2), (-5, 2, 3), (-6, 2, 4), (-7, 2, 5), (-8, 2, 6), (-9, 2, 7), (-10, 2, 8), (-11, 2, 9), (-12, 2, 10), (-13, 2, 11), (-14, 2, 12), (-15, 2, 13), (-16, 2, 14)][/color]
[Peer: 440931918] [Turn 7] [color=cyan]  Checking ship Sathar Fighter C (Side 2) at (-4.000000, -4.000000, 8.000000) with path [(0, -22, 22), (1, -22, 21), (1, -21, 20), (2, -21, 19), (3, -21, 18), (4, -21, 17), (4, -20, 16), (4, -19, 15), (4, -18, 14), (4, -17, 13), (4, -16, 12), (4, -15, 11), (3, -14, 11), (2, -13, 11), (1, -12, 11), (0, -11, 11), (-1, -10, 11), (-2, -9, 11), (-3, -8, 11), (-4, -7, 11), (-4, -6, 10), (-4, -5, 9), (-4, -4, 8)][/color]
[Peer: 440931918] [Turn 7] Mines check complete. Hit ships size: 0
[Peer: 440931918] [Turn 7] [color=cyan]!!! DEBUG !!! Entering Seeker Movement. Active Seekers: 4[/color]
[Peer: 440931918] [Turn 7] Movement Phase Complete for Side 1. Starting Combat.
[DEBUG] start_combat_passive: Side 2 firing (Opponent of Moving Side 1)
[Peer: 440931918] [Turn 7] Combat Planning: Side 2
[DEBUG] TARGET CHECK P2. Ships: 5
[DEBUG] Weapon Torpedoes N/A for Carrion (Phase 3, Fired false)
[DEBUG] Weapon Torpedoes N/A for Deathstroke (Phase 3, Fired false)
[DEBUG] VALID: Viper found target with Laser Battery
[Peer: 440931918] [Turn 7] AI Planning: DD Viper -> F Fighter C with Laser Battery (Utility: 3.30)
[Peer: 440931918] [Turn 7] AI Planning: DD Viper -> F Fighter C with Electron Battery (Utility: 2.01)
[Peer: 440931918] [Turn 7] Resolving 2 attacks...
[Peer: 440931918] [Turn 7] DD Viper firing Laser Battery at F Fighter C
Combat Roll: Distance 9, Chance 5%, Rolled 77
[Peer: 440931918] [Turn 7] Firing Ship: DD Viper, Weapon: Laser Battery, Odds: 5%, Roll: 77, Result: MISS
[Peer: 440931918] [Turn 7] [color=red]MISS![/color]
[Peer: 440931918] [Turn 7] DD Viper firing Laser Battery at F Fighter C
[Peer: 440931918] [Turn 7] Firing Ship: DD Viper, Weapon: Laser Battery, Odds: 5%, Roll: 77, Result: MISS
[Peer: 440931918] [Turn 7] DD Viper firing Electron Battery at F Fighter C
Combat Roll: Distance 9, Chance 15%, Rolled 17
[Peer: 440931918] [Turn 7] Firing Ship: DD Viper, Weapon: Electron Battery, Odds: 15%, Roll: 17, Result: MISS
[Peer: 440931918] [Turn 7] [color=red]MISS![/color]
[Peer: 440931918] [Turn 7] DD Viper firing Electron Battery at F Fighter C
[Peer: 440931918] [Turn 7] Firing Ship: DD Viper, Weapon: Electron Battery, Odds: 15%, Roll: 17, Result: MISS
[Peer: 440931918] [Turn 7] Resolution Phase Complete.
[Peer: 440931918] [Turn 7] Turn Segment Complete.
[DEBUG] start_combat_active: Side 1 firing (Active Side)
[Peer: 440931918] [Turn 7] Combat Planning: Side 1
[DEBUG] TARGET CHECK P1. Ships: 8
[DEBUG] VALID: Zz'Nakk'T found target with Laser Battery
[Peer: 440931918] [Turn 7] Resolving 3 attacks...
[Peer: 440931918] [Turn 7] FG Zz'Nakk'T firing Laser Battery at F Sathar Fighter C
Combat Roll: Distance 3, Chance 35%, Rolled 22
[Peer: 440931918] [Turn 7] Firing Ship: FG Zz'Nakk'T, Weapon: Laser Battery, Odds: 35%, Roll: 22, Result: HIT
Damage Roll: 1d10+0 -> 5
Damage Roll: d100(5) + DTM(0) = 5
[Peer: 440931918] [Turn 7] [color=green]HIT![/color] Rolling Damage Table (d100+0 = 5)
[Peer: 440931918] [Turn 7] FG Zz'Nakk'T firing Laser Battery at F Sathar Fighter C
[Peer: 440931918] [Turn 7] Firing Ship: FG Zz'Nakk'T, Weapon: Laser Battery, Odds: 35%, Roll: 22, Result: HIT
[Peer: 440931918] [Turn 7] [color=green]HIT![/color] Rolling Damage Table (d100+0 = 5)
[Peer: 440931918] [Turn 7] Ship destroyed: Sathar Fighter C
[Peer: 440931918] [Turn 7] Sathar Fighter C: CRITICAL HULL HIT (x2) (10 Damage)
[Peer: 440931918] [Turn 7] FG Zz'Nakk'T firing at WRECK of F Sathar Fighter C! (Wasted)
[Peer: 440931918] [Turn 7] FG Zz'Nakk'T firing at WRECK of F Sathar Fighter C! (Wasted)
[Peer: 440931918] [Turn 7] FG Zz'Nakk'T firing at WRECK of F Sathar Fighter C! (Wasted)
[Peer: 440931918] [Turn 7] FG Zz'Nakk'T firing at WRECK of F Sathar Fighter C! (Wasted)
[Peer: 440931918] [Turn 7] Resolution Phase Complete.
[Peer: 440931918] [Turn 7] Turn Segment Complete.
[Peer: 440931918] [Turn 7] === Turn Start: Side Sathar ===
DEBUG: Rejected Ken'zah Station Side:1 CurSide:2 Moved:false
DEBUG: Rejected Z'Rak't Zoz Side:1 CurSide:2 Moved:false
DEBUG: Rejected Shimmer Side:1 CurSide:2 Moved:false
DEBUG: Rejected Zz'Nakk'T Side:1 CurSide:2 Moved:false
DEBUG: Rejected Fighter A Side:1 CurSide:2 Moved:false
DEBUG: Rejected Fighter B Side:1 CurSide:2 Moved:false
DEBUG: Rejected Fighter C Side:1 CurSide:2 Moved:false
DEBUG: Rejected Fighter F Side:1 CurSide:2 Moved:false
DEBUG: start_movement_phase. Side: 2 Available: 4
DEBUG: First available: Maelstrom ID: 2 Moved: false
DEBUG: Skip Auto-Orbit Check: Maelstrom (Class: Assault Carrier, Orbit: 0)
DEBUG: Skip Auto-Orbit Check: Carrion (Class: Heavy Cruiser, Orbit: 0)
DEBUG: Skip Auto-Orbit Check: Deathstroke (Class: Light Cruiser, Orbit: 0)
DEBUG: Skip Auto-Orbit Check: Viper (Class: Destroyer, Orbit: 0)
[DEBUG] Standard move start for Maelstrom
[Peer: 440931918] [Turn 7] [color=orange]Fire damage on Shimmer![/color]
[Peer: 440931918] [Turn 7] Fire Roll: d100+20 = 51 -> Drive Hit (-1/2 ADF)
[Peer: 440931918] [Turn 7] Shimmer: Drive Hit (-1/2 ADF)
[Peer: 440931918] [Turn 7] [color=red]System missing/destroyed -> FALLBACK HULL HIT[/color]
[Peer: 440931918] [Turn 7] Shimmer takes 6 Fallback Damage
[Peer: 440931918] [Turn 7] [color=yellow]AI Computer Opponent Planning Movement...[/color]
[Peer: 440931918] [Turn 7] [color=gray]AI Thinking: Evaluating Maelstrom (Unmoved left: 4)[/color]
[Peer: 440931918] [Turn 7] [color=gray]AI Thinking: Nearest target for Maelstrom is Fighter A[/color]
[Peer: 440931918] [Turn 7] [color=gray]AI Thinking: Maelstrom constraints -> Speed [3, 7], MR 1[/color]
[Peer: 440931918] [Turn 7] [color=gray]AI Thinking: Explored 45 possible paths matching speed bounds.[/color]
[Peer: 440931918] [Turn 7] [color=gray]AI Move Eval -> Ship: AC Maelstrom | Start Speed: 5 | Final Speed: 6 (ADF: 2) | MR Used: 1/1[/color]
[Peer: 440931918] [Turn 7] AI plotted movement for AC Maelstrom (Speed 5 -> 6, 6 hexes)
[Peer: 440931918] [Turn 7] Synced Orders for Maelstrom
[Peer: 440931918] [Turn 7] [color=gray]AI Thinking: Evaluating Carrion (Unmoved left: 3)[/color]
[Peer: 440931918] [Turn 7] [color=gray]AI Thinking: Nearest target for Carrion is Fighter A[/color]
[Peer: 440931918] [Turn 7] [color=gray]AI Thinking: Carrion constraints -> Speed [3, 5], MR 1[/color]
[Peer: 440931918] [Turn 7] [color=gray]AI Thinking: Explored 21 possible paths matching speed bounds.[/color]
[Peer: 440931918] [Turn 7] [color=gray]AI Move Eval -> Ship: CA Carrion | Start Speed: 4 | Final Speed: 3 (ADF: 1) | MR Used: 1/1[/color]
[Peer: 440931918] [Turn 7] AI plotted movement for CA Carrion (Speed 4 -> 3, 3 hexes)
[Peer: 440931918] [Turn 7] Synced Orders for Carrion
[Peer: 440931918] [Turn 7] [color=gray]AI Thinking: Evaluating Deathstroke (Unmoved left: 2)[/color]
[Peer: 440931918] [Turn 7] [color=gray]AI Thinking: Nearest target for Deathstroke is Fighter A[/color]
[Peer: 440931918] [Turn 7] [color=gray]AI Thinking: Deathstroke constraints -> Speed [11, 17], MR 2[/color]
[Peer: 440931918] [Turn 7] [color=gray]AI Thinking: Explored 2000 possible paths matching speed bounds.[/color]
[Peer: 440931918] [Turn 7] [color=gray]AI Move Eval -> Ship: CL Deathstroke | Start Speed: 14 | Final Speed: 17 (ADF: 3) | MR Used: 2/2[/color]
[Peer: 440931918] [Turn 7] AI plotted movement for CL Deathstroke (Speed 14 -> 17, 17 hexes)
[Peer: 440931918] [Turn 7] Synced Orders for Deathstroke
[Peer: 440931918] [Turn 7] [color=gray]AI Thinking: Evaluating Viper (Unmoved left: 1)[/color]
[Peer: 440931918] [Turn 7] [color=gray]AI Thinking: Nearest target for Viper is Fighter C[/color]
[Peer: 440931918] [Turn 7] [color=gray]AI Thinking: Viper constraints -> Speed [11, 17], MR 2[/color]
[Peer: 440931918] [Turn 7] [color=gray]AI Thinking: Explored 2000 possible paths matching speed bounds.[/color]
[Peer: 440931918] [Turn 7] [color=gray]AI Move Eval -> Ship: DD Viper | Start Speed: 14 | Final Speed: 14 (ADF: 3) | MR Used: 0/2[/color]
[Peer: 440931918] [Turn 7] AI plotted movement for DD Viper (Speed 14 -> 14, 14 hexes)
[Peer: 440931918] [Turn 7] Synced Orders for Viper
>>> DIAGNOSTIC: execute_all_movement running for side: 2 on peer: 440931918
[Peer: 440931918] [Turn 7] Executing Movement Phase for Side Sathar
[Peer: 440931918] [Turn 7] [color=yellow]EXECUTE LOOP: Checking Ship Maelstrom (Class: Assault Carrier, Mines: 0)[/color]
[Peer: 440931918] [Turn 7] [color=yellow]EXECUTE LOOP: Checking Ship Carrion (Class: Heavy Cruiser, Mines: 0)[/color]
[Peer: 440931918] [Turn 7] [color=yellow]EXECUTE LOOP: Checking Ship Deathstroke (Class: Light Cruiser, Mines: 0)[/color]
[Peer: 440931918] [Turn 7] [color=yellow]EXECUTE LOOP: Checking Ship Viper (Class: Destroyer, Mines: 0)[/color]
>>> DIAGNOSTIC: Entering Mine Detonations. Active Mines: 17 on peer: 440931918
[Peer: 440931918] [Turn 7] [color=cyan]!!! DEBUG !!! Entering Mine Detonations. Active Mines: 17[/color]
[Peer: 440931918] [Turn 7] [color=cyan]  Mine at (-4.000000, 8.000000, -4.000000) (Side 1)[/color]
[Peer: 440931918] [Turn 7] [color=cyan]  Mine at (9.000000, -1.000000, -8.000000) (Side 1)[/color]
[Peer: 440931918] [Turn 7] [color=cyan]  Mine at (-9.000000, 0.000000, 9.000000) (Side 1)[/color]
[Peer: 440931918] [Turn 7] [color=cyan]  Mine at (-9.000000, 1.000000, 8.000000) (Side 1)[/color]
[Peer: 440931918] [Turn 7] [color=cyan]  Mine at (-8.000000, 7.000000, 1.000000) (Side 1)[/color]
[Peer: 440931918] [Turn 7] [color=cyan]  Mine at (8.000000, -9.000000, 1.000000) (Side 1)[/color]
[Peer: 440931918] [Turn 7] [color=cyan]  Mine at (6.000000, -7.000000, 1.000000) (Side 1)[/color]
[Peer: 440931918] [Turn 7] [color=cyan]  Mine at (7.000000, 0.000000, -7.000000) (Side 1)[/color]
[Peer: 440931918] [Turn 7] [color=cyan]  Mine at (-8.000000, 3.000000, 5.000000) (Side 1)[/color]
[Peer: 440931918] [Turn 7] [color=cyan]  Mine at (-7.000000, 1.000000, 6.000000) (Side 1)[/color]
[Peer: 440931918] [Turn 7] [color=cyan]  Mine at (-7.000000, 7.000000, 0.000000) (Side 1)[/color]
[Peer: 440931918] [Turn 7] [color=cyan]  Mine at (-2.000000, 9.000000, -7.000000) (Side 1)[/color]
[Peer: 440931918] [Turn 7] [color=cyan]  Mine at (0.000000, 7.000000, -7.000000) (Side 1)[/color]
[Peer: 440931918] [Turn 7] [color=cyan]  Mine at (-5.000000, 8.000000, -3.000000) (Side 1)[/color]
[Peer: 440931918] [Turn 7] [color=cyan]  Mine at (-4.000000, -3.000000, 7.000000) (Side 1)[/color]
[Peer: 440931918] [Turn 7] [color=cyan]  Mine at (6.000000, -9.000000, 3.000000) (Side 1)[/color]
[Peer: 440931918] [Turn 7] [color=cyan]  Mine at (-7.000000, 4.000000, 3.000000) (Side 1)[/color]
[Peer: 440931918] [Turn 7] [color=cyan]  Checking ship Maelstrom (Side 2) at (25.000000, -32.000000, 7.000000) with path [(30, -31, 1), (30, -32, 2), (29, -32, 3), (28, -32, 4), (27, -32, 5), (26, -32, 6), (25, -32, 7)][/color]
[Peer: 440931918] [Turn 7] [color=cyan]  Checking ship Carrion (Side 2) at (26.000000, -32.000000, 6.000000) with path [(23, -30, 7), (24, -30, 6), (25, -31, 6), (26, -32, 6)][/color]
[Peer: 440931918] [Turn 7] [color=cyan]  Checking ship Deathstroke (Side 2) at (4.000000, -6.000000, 2.000000) with path [(7, -22, 15), (6, -22, 16), (5, -21, 16), (4, -20, 16), (4, -19, 15), (4, -18, 14), (4, -17, 13), (4, -16, 12), (4, -15, 11), (4, -14, 10), (4, -13, 9), (4, -12, 8), (4, -11, 7), (4, -10, 6), (4, -9, 5), (4, -8, 4), (4, -7, 3), (4, -6, 2)][/color]
[Peer: 440931918] [Turn 7] [color=cyan]  Checking ship Viper (Side 2) at (-30.000000, 2.000000, 28.000000) with path [(-16, 2, 14), (-17, 2, 15), (-18, 2, 16), (-19, 2, 17), (-20, 2, 18), (-21, 2, 19), (-22, 2, 20), (-23, 2, 21), (-24, 2, 22), (-25, 2, 23), (-26, 2, 24), (-27, 2, 25), (-28, 2, 26), (-29, 2, 27), (-30, 2, 28)][/color]
[Peer: 440931918] [Turn 7] Mines check complete. Hit ships size: 0
[Peer: 440931918] [Turn 7] [color=cyan]  Checking ship Maelstrom (Side 2) at (25.000000, -32.000000, 7.000000) with path [(30, -31, 1), (30, -32, 2), (29, -32, 3), (28, -32, 4), (27, -32, 5), (26, -32, 6), (25, -32, 7)][/color]
[Peer: 440931918] [Turn 7] [color=cyan]  Checking ship Carrion (Side 2) at (26.000000, -32.000000, 6.000000) with path [(23, -30, 7), (24, -30, 6), (25, -31, 6), (26, -32, 6)][/color]
[Peer: 440931918] [Turn 7] [color=cyan]  Checking ship Deathstroke (Side 2) at (4.000000, -6.000000, 2.000000) with path [(7, -22, 15), (6, -22, 16), (5, -21, 16), (4, -20, 16), (4, -19, 15), (4, -18, 14), (4, -17, 13), (4, -16, 12), (4, -15, 11), (4, -14, 10), (4, -13, 9), (4, -12, 8), (4, -11, 7), (4, -10, 6), (4, -9, 5), (4, -8, 4), (4, -7, 3), (4, -6, 2)][/color]
[Peer: 440931918] [Turn 7] [color=cyan]  Checking ship Viper (Side 2) at (-30.000000, 2.000000, 28.000000) with path [(-16, 2, 14), (-17, 2, 15), (-18, 2, 16), (-19, 2, 17), (-20, 2, 18), (-21, 2, 19), (-22, 2, 20), (-23, 2, 21), (-24, 2, 22), (-25, 2, 23), (-26, 2, 24), (-27, 2, 25), (-28, 2, 26), (-29, 2, 27), (-30, 2, 28)][/color]
[Peer: 440931918] [Turn 7] Mines check complete. Hit ships size: 0
[Peer: 440931918] [Turn 7] [color=cyan]  Checking ship Maelstrom (Side 2) at (25.000000, -32.000000, 7.000000) with path [(30, -31, 1), (30, -32, 2), (29, -32, 3), (28, -32, 4), (27, -32, 5), (26, -32, 6), (25, -32, 7)][/color]
[Peer: 440931918] [Turn 7] [color=cyan]  Checking ship Carrion (Side 2) at (26.000000, -32.000000, 6.000000) with path [(23, -30, 7), (24, -30, 6), (25, -31, 6), (26, -32, 6)][/color]
[Peer: 440931918] [Turn 7] [color=cyan]  Checking ship Deathstroke (Side 2) at (4.000000, -6.000000, 2.000000) with path [(7, -22, 15), (6, -22, 16), (5, -21, 16), (4, -20, 16), (4, -19, 15), (4, -18, 14), (4, -17, 13), (4, -16, 12), (4, -15, 11), (4, -14, 10), (4, -13, 9), (4, -12, 8), (4, -11, 7), (4, -10, 6), (4, -9, 5), (4, -8, 4), (4, -7, 3), (4, -6, 2)][/color]
[Peer: 440931918] [Turn 7] [color=cyan]  Checking ship Viper (Side 2) at (-30.000000, 2.000000, 28.000000) with path [(-16, 2, 14), (-17, 2, 15), (-18, 2, 16), (-19, 2, 17), (-20, 2, 18), (-21, 2, 19), (-22, 2, 20), (-23, 2, 21), (-24, 2, 22), (-25, 2, 23), (-26, 2, 24), (-27, 2, 25), (-28, 2, 26), (-29, 2, 27), (-30, 2, 28)][/color]
[Peer: 440931918] [Turn 7] Mines check complete. Hit ships size: 0
[Peer: 440931918] [Turn 7] [color=cyan]  Checking ship Maelstrom (Side 2) at (25.000000, -32.000000, 7.000000) with path [(30, -31, 1), (30, -32, 2), (29, -32, 3), (28, -32, 4), (27, -32, 5), (26, -32, 6), (25, -32, 7)][/color]
[Peer: 440931918] [Turn 7] [color=cyan]  Checking ship Carrion (Side 2) at (26.000000, -32.000000, 6.000000) with path [(23, -30, 7), (24, -30, 6), (25, -31, 6), (26, -32, 6)][/color]
[Peer: 440931918] [Turn 7] [color=cyan]  Checking ship Deathstroke (Side 2) at (4.000000, -6.000000, 2.000000) with path [(7, -22, 15), (6, -22, 16), (5, -21, 16), (4, -20, 16), (4, -19, 15), (4, -18, 14), (4, -17, 13), (4, -16, 12), (4, -15, 11), (4, -14, 10), (4, -13, 9), (4, -12, 8), (4, -11, 7), (4, -10, 6), (4, -9, 5), (4, -8, 4), (4, -7, 3), (4, -6, 2)][/color]
[Peer: 440931918] [Turn 7] [color=cyan]  Checking ship Viper (Side 2) at (-30.000000, 2.000000, 28.000000) with path [(-16, 2, 14), (-17, 2, 15), (-18, 2, 16), (-19, 2, 17), (-20, 2, 18), (-21, 2, 19), (-22, 2, 20), (-23, 2, 21), (-24, 2, 22), (-25, 2, 23), (-26, 2, 24), (-27, 2, 25), (-28, 2, 26), (-29, 2, 27), (-30, 2, 28)][/color]
[Peer: 440931918] [Turn 7] Mines check complete. Hit ships size: 0
[Peer: 440931918] [Turn 7] [color=cyan]  Checking ship Maelstrom (Side 2) at (25.000000, -32.000000, 7.000000) with path [(30, -31, 1), (30, -32, 2), (29, -32, 3), (28, -32, 4), (27, -32, 5), (26, -32, 6), (25, -32, 7)][/color]
[Peer: 440931918] [Turn 7] [color=cyan]  Checking ship Carrion (Side 2) at (26.000000, -32.000000, 6.000000) with path [(23, -30, 7), (24, -30, 6), (25, -31, 6), (26, -32, 6)][/color]
[Peer: 440931918] [Turn 7] [color=cyan]  Checking ship Deathstroke (Side 2) at (4.000000, -6.000000, 2.000000) with path [(7, -22, 15), (6, -22, 16), (5, -21, 16), (4, -20, 16), (4, -19, 15), (4, -18, 14), (4, -17, 13), (4, -16, 12), (4, -15, 11), (4, -14, 10), (4, -13, 9), (4, -12, 8), (4, -11, 7), (4, -10, 6), (4, -9, 5), (4, -8, 4), (4, -7, 3), (4, -6, 2)][/color]
[Peer: 440931918] [Turn 7] [color=cyan]  Checking ship Viper (Side 2) at (-30.000000, 2.000000, 28.000000) with path [(-16, 2, 14), (-17, 2, 15), (-18, 2, 16), (-19, 2, 17), (-20, 2, 18), (-21, 2, 19), (-22, 2, 20), (-23, 2, 21), (-24, 2, 22), (-25, 2, 23), (-26, 2, 24), (-27, 2, 25), (-28, 2, 26), (-29, 2, 27), (-30, 2, 28)][/color]
[Peer: 440931918] [Turn 7] Mines check complete. Hit ships size: 0
[Peer: 440931918] [Turn 7] [color=cyan]  Checking ship Maelstrom (Side 2) at (25.000000, -32.000000, 7.000000) with path [(30, -31, 1), (30, -32, 2), (29, -32, 3), (28, -32, 4), (27, -32, 5), (26, -32, 6), (25, -32, 7)][/color]
[Peer: 440931918] [Turn 7] [color=cyan]  Checking ship Carrion (Side 2) at (26.000000, -32.000000, 6.000000) with path [(23, -30, 7), (24, -30, 6), (25, -31, 6), (26, -32, 6)][/color]
[Peer: 440931918] [Turn 7] [color=cyan]  Checking ship Deathstroke (Side 2) at (4.000000, -6.000000, 2.000000) with path [(7, -22, 15), (6, -22, 16), (5, -21, 16), (4, -20, 16), (4, -19, 15), (4, -18, 14), (4, -17, 13), (4, -16, 12), (4, -15, 11), (4, -14, 10), (4, -13, 9), (4, -12, 8), (4, -11, 7), (4, -10, 6), (4, -9, 5), (4, -8, 4), (4, -7, 3), (4, -6, 2)][/color]
[Peer: 440931918] [Turn 7] [color=cyan]  Checking ship Viper (Side 2) at (-30.000000, 2.000000, 28.000000) with path [(-16, 2, 14), (-17, 2, 15), (-18, 2, 16), (-19, 2, 17), (-20, 2, 18), (-21, 2, 19), (-22, 2, 20), (-23, 2, 21), (-24, 2, 22), (-25, 2, 23), (-26, 2, 24), (-27, 2, 25), (-28, 2, 26), (-29, 2, 27), (-30, 2, 28)][/color]
[Peer: 440931918] [Turn 7] Mines check complete. Hit ships size: 0
[Peer: 440931918] [Turn 7] [color=cyan]  Checking ship Maelstrom (Side 2) at (25.000000, -32.000000, 7.000000) with path [(30, -31, 1), (30, -32, 2), (29, -32, 3), (28, -32, 4), (27, -32, 5), (26, -32, 6), (25, -32, 7)][/color]
[Peer: 440931918] [Turn 7] [color=cyan]  Checking ship Carrion (Side 2) at (26.000000, -32.000000, 6.000000) with path [(23, -30, 7), (24, -30, 6), (25, -31, 6), (26, -32, 6)][/color]
[Peer: 440931918] [Turn 7] [color=cyan]  Checking ship Deathstroke (Side 2) at (4.000000, -6.000000, 2.000000) with path [(7, -22, 15), (6, -22, 16), (5, -21, 16), (4, -20, 16), (4, -19, 15), (4, -18, 14), (4, -17, 13), (4, -16, 12), (4, -15, 11), (4, -14, 10), (4, -13, 9), (4, -12, 8), (4, -11, 7), (4, -10, 6), (4, -9, 5), (4, -8, 4), (4, -7, 3), (4, -6, 2)][/color]
[Peer: 440931918] [Turn 7] [color=cyan]  Checking ship Viper (Side 2) at (-30.000000, 2.000000, 28.000000) with path [(-16, 2, 14), (-17, 2, 15), (-18, 2, 16), (-19, 2, 17), (-20, 2, 18), (-21, 2, 19), (-22, 2, 20), (-23, 2, 21), (-24, 2, 22), (-25, 2, 23), (-26, 2, 24), (-27, 2, 25), (-28, 2, 26), (-29, 2, 27), (-30, 2, 28)][/color]
[Peer: 440931918] [Turn 7] Mines check complete. Hit ships size: 0
[Peer: 440931918] [Turn 7] [color=cyan]  Checking ship Maelstrom (Side 2) at (25.000000, -32.000000, 7.000000) with path [(30, -31, 1), (30, -32, 2), (29, -32, 3), (28, -32, 4), (27, -32, 5), (26, -32, 6), (25, -32, 7)][/color]
[Peer: 440931918] [Turn 7] [color=cyan]  Checking ship Carrion (Side 2) at (26.000000, -32.000000, 6.000000) with path [(23, -30, 7), (24, -30, 6), (25, -31, 6), (26, -32, 6)][/color]
[Peer: 440931918] [Turn 7] [color=cyan]  Checking ship Deathstroke (Side 2) at (4.000000, -6.000000, 2.000000) with path [(7, -22, 15), (6, -22, 16), (5, -21, 16), (4, -20, 16), (4, -19, 15), (4, -18, 14), (4, -17, 13), (4, -16, 12), (4, -15, 11), (4, -14, 10), (4, -13, 9), (4, -12, 8), (4, -11, 7), (4, -10, 6), (4, -9, 5), (4, -8, 4), (4, -7, 3), (4, -6, 2)][/color]
[Peer: 440931918] [Turn 7] [color=cyan]  Checking ship Viper (Side 2) at (-30.000000, 2.000000, 28.000000) with path [(-16, 2, 14), (-17, 2, 15), (-18, 2, 16), (-19, 2, 17), (-20, 2, 18), (-21, 2, 19), (-22, 2, 20), (-23, 2, 21), (-24, 2, 22), (-25, 2, 23), (-26, 2, 24), (-27, 2, 25), (-28, 2, 26), (-29, 2, 27), (-30, 2, 28)][/color]
[Peer: 440931918] [Turn 7] Mines check complete. Hit ships size: 0
[Peer: 440931918] [Turn 7] [color=cyan]  Checking ship Maelstrom (Side 2) at (25.000000, -32.000000, 7.000000) with path [(30, -31, 1), (30, -32, 2), (29, -32, 3), (28, -32, 4), (27, -32, 5), (26, -32, 6), (25, -32, 7)][/color]
[Peer: 440931918] [Turn 7] [color=cyan]  Checking ship Carrion (Side 2) at (26.000000, -32.000000, 6.000000) with path [(23, -30, 7), (24, -30, 6), (25, -31, 6), (26, -32, 6)][/color]
[Peer: 440931918] [Turn 7] [color=cyan]  Checking ship Deathstroke (Side 2) at (4.000000, -6.000000, 2.000000) with path [(7, -22, 15), (6, -22, 16), (5, -21, 16), (4, -20, 16), (4, -19, 15), (4, -18, 14), (4, -17, 13), (4, -16, 12), (4, -15, 11), (4, -14, 10), (4, -13, 9), (4, -12, 8), (4, -11, 7), (4, -10, 6), (4, -9, 5), (4, -8, 4), (4, -7, 3), (4, -6, 2)][/color]
[Peer: 440931918] [Turn 7] [color=cyan]  Checking ship Viper (Side 2) at (-30.000000, 2.000000, 28.000000) with path [(-16, 2, 14), (-17, 2, 15), (-18, 2, 16), (-19, 2, 17), (-20, 2, 18), (-21, 2, 19), (-22, 2, 20), (-23, 2, 21), (-24, 2, 22), (-25, 2, 23), (-26, 2, 24), (-27, 2, 25), (-28, 2, 26), (-29, 2, 27), (-30, 2, 28)][/color]
[Peer: 440931918] [Turn 7] Mines check complete. Hit ships size: 0
[Peer: 440931918] [Turn 7] [color=cyan]  Checking ship Maelstrom (Side 2) at (25.000000, -32.000000, 7.000000) with path [(30, -31, 1), (30, -32, 2), (29, -32, 3), (28, -32, 4), (27, -32, 5), (26, -32, 6), (25, -32, 7)][/color]
[Peer: 440931918] [Turn 7] [color=cyan]  Checking ship Carrion (Side 2) at (26.000000, -32.000000, 6.000000) with path [(23, -30, 7), (24, -30, 6), (25, -31, 6), (26, -32, 6)][/color]
[Peer: 440931918] [Turn 7] [color=cyan]  Checking ship Deathstroke (Side 2) at (4.000000, -6.000000, 2.000000) with path [(7, -22, 15), (6, -22, 16), (5, -21, 16), (4, -20, 16), (4, -19, 15), (4, -18, 14), (4, -17, 13), (4, -16, 12), (4, -15, 11), (4, -14, 10), (4, -13, 9), (4, -12, 8), (4, -11, 7), (4, -10, 6), (4, -9, 5), (4, -8, 4), (4, -7, 3), (4, -6, 2)][/color]
[Peer: 440931918] [Turn 7] [color=cyan]  Checking ship Viper (Side 2) at (-30.000000, 2.000000, 28.000000) with path [(-16, 2, 14), (-17, 2, 15), (-18, 2, 16), (-19, 2, 17), (-20, 2, 18), (-21, 2, 19), (-22, 2, 20), (-23, 2, 21), (-24, 2, 22), (-25, 2, 23), (-26, 2, 24), (-27, 2, 25), (-28, 2, 26), (-29, 2, 27), (-30, 2, 28)][/color]
[Peer: 440931918] [Turn 7] Mines check complete. Hit ships size: 0
[Peer: 440931918] [Turn 7] [color=cyan]  Checking ship Maelstrom (Side 2) at (25.000000, -32.000000, 7.000000) with path [(30, -31, 1), (30, -32, 2), (29, -32, 3), (28, -32, 4), (27, -32, 5), (26, -32, 6), (25, -32, 7)][/color]
[Peer: 440931918] [Turn 7] [color=cyan]  Checking ship Carrion (Side 2) at (26.000000, -32.000000, 6.000000) with path [(23, -30, 7), (24, -30, 6), (25, -31, 6), (26, -32, 6)][/color]
[Peer: 440931918] [Turn 7] [color=cyan]  Checking ship Deathstroke (Side 2) at (4.000000, -6.000000, 2.000000) with path [(7, -22, 15), (6, -22, 16), (5, -21, 16), (4, -20, 16), (4, -19, 15), (4, -18, 14), (4, -17, 13), (4, -16, 12), (4, -15, 11), (4, -14, 10), (4, -13, 9), (4, -12, 8), (4, -11, 7), (4, -10, 6), (4, -9, 5), (4, -8, 4), (4, -7, 3), (4, -6, 2)][/color]
[Peer: 440931918] [Turn 7] [color=cyan]  Checking ship Viper (Side 2) at (-30.000000, 2.000000, 28.000000) with path [(-16, 2, 14), (-17, 2, 15), (-18, 2, 16), (-19, 2, 17), (-20, 2, 18), (-21, 2, 19), (-22, 2, 20), (-23, 2, 21), (-24, 2, 22), (-25, 2, 23), (-26, 2, 24), (-27, 2, 25), (-28, 2, 26), (-29, 2, 27), (-30, 2, 28)][/color]
[Peer: 440931918] [Turn 7] Mines check complete. Hit ships size: 0
[Peer: 440931918] [Turn 7] [color=cyan]  Checking ship Maelstrom (Side 2) at (25.000000, -32.000000, 7.000000) with path [(30, -31, 1), (30, -32, 2), (29, -32, 3), (28, -32, 4), (27, -32, 5), (26, -32, 6), (25, -32, 7)][/color]
[Peer: 440931918] [Turn 7] [color=cyan]  Checking ship Carrion (Side 2) at (26.000000, -32.000000, 6.000000) with path [(23, -30, 7), (24, -30, 6), (25, -31, 6), (26, -32, 6)][/color]
[Peer: 440931918] [Turn 7] [color=cyan]  Checking ship Deathstroke (Side 2) at (4.000000, -6.000000, 2.000000) with path [(7, -22, 15), (6, -22, 16), (5, -21, 16), (4, -20, 16), (4, -19, 15), (4, -18, 14), (4, -17, 13), (4, -16, 12), (4, -15, 11), (4, -14, 10), (4, -13, 9), (4, -12, 8), (4, -11, 7), (4, -10, 6), (4, -9, 5), (4, -8, 4), (4, -7, 3), (4, -6, 2)][/color]
[Peer: 440931918] [Turn 7] [color=cyan]  Checking ship Viper (Side 2) at (-30.000000, 2.000000, 28.000000) with path [(-16, 2, 14), (-17, 2, 15), (-18, 2, 16), (-19, 2, 17), (-20, 2, 18), (-21, 2, 19), (-22, 2, 20), (-23, 2, 21), (-24, 2, 22), (-25, 2, 23), (-26, 2, 24), (-27, 2, 25), (-28, 2, 26), (-29, 2, 27), (-30, 2, 28)][/color]
[Peer: 440931918] [Turn 7] Mines check complete. Hit ships size: 0
[Peer: 440931918] [Turn 7] [color=cyan]  Checking ship Maelstrom (Side 2) at (25.000000, -32.000000, 7.000000) with path [(30, -31, 1), (30, -32, 2), (29, -32, 3), (28, -32, 4), (27, -32, 5), (26, -32, 6), (25, -32, 7)][/color]
[Peer: 440931918] [Turn 7] [color=cyan]  Checking ship Carrion (Side 2) at (26.000000, -32.000000, 6.000000) with path [(23, -30, 7), (24, -30, 6), (25, -31, 6), (26, -32, 6)][/color]
[Peer: 440931918] [Turn 7] [color=cyan]  Checking ship Deathstroke (Side 2) at (4.000000, -6.000000, 2.000000) with path [(7, -22, 15), (6, -22, 16), (5, -21, 16), (4, -20, 16), (4, -19, 15), (4, -18, 14), (4, -17, 13), (4, -16, 12), (4, -15, 11), (4, -14, 10), (4, -13, 9), (4, -12, 8), (4, -11, 7), (4, -10, 6), (4, -9, 5), (4, -8, 4), (4, -7, 3), (4, -6, 2)][/color]
[Peer: 440931918] [Turn 7] [color=cyan]  Checking ship Viper (Side 2) at (-30.000000, 2.000000, 28.000000) with path [(-16, 2, 14), (-17, 2, 15), (-18, 2, 16), (-19, 2, 17), (-20, 2, 18), (-21, 2, 19), (-22, 2, 20), (-23, 2, 21), (-24, 2, 22), (-25, 2, 23), (-26, 2, 24), (-27, 2, 25), (-28, 2, 26), (-29, 2, 27), (-30, 2, 28)][/color]
[Peer: 440931918] [Turn 7] Mines check complete. Hit ships size: 0
[Peer: 440931918] [Turn 7] [color=cyan]  Checking ship Maelstrom (Side 2) at (25.000000, -32.000000, 7.000000) with path [(30, -31, 1), (30, -32, 2), (29, -32, 3), (28, -32, 4), (27, -32, 5), (26, -32, 6), (25, -32, 7)][/color]
[Peer: 440931918] [Turn 7] [color=cyan]  Checking ship Carrion (Side 2) at (26.000000, -32.000000, 6.000000) with path [(23, -30, 7), (24, -30, 6), (25, -31, 6), (26, -32, 6)][/color]
[Peer: 440931918] [Turn 7] [color=cyan]  Checking ship Deathstroke (Side 2) at (4.000000, -6.000000, 2.000000) with path [(7, -22, 15), (6, -22, 16), (5, -21, 16), (4, -20, 16), (4, -19, 15), (4, -18, 14), (4, -17, 13), (4, -16, 12), (4, -15, 11), (4, -14, 10), (4, -13, 9), (4, -12, 8), (4, -11, 7), (4, -10, 6), (4, -9, 5), (4, -8, 4), (4, -7, 3), (4, -6, 2)][/color]
[Peer: 440931918] [Turn 7] [color=cyan]  Checking ship Viper (Side 2) at (-30.000000, 2.000000, 28.000000) with path [(-16, 2, 14), (-17, 2, 15), (-18, 2, 16), (-19, 2, 17), (-20, 2, 18), (-21, 2, 19), (-22, 2, 20), (-23, 2, 21), (-24, 2, 22), (-25, 2, 23), (-26, 2, 24), (-27, 2, 25), (-28, 2, 26), (-29, 2, 27), (-30, 2, 28)][/color]
[Peer: 440931918] [Turn 7] Mines check complete. Hit ships size: 0
[Peer: 440931918] [Turn 7] [color=cyan]  Checking ship Maelstrom (Side 2) at (25.000000, -32.000000, 7.000000) with path [(30, -31, 1), (30, -32, 2), (29, -32, 3), (28, -32, 4), (27, -32, 5), (26, -32, 6), (25, -32, 7)][/color]
[Peer: 440931918] [Turn 7] [color=cyan]  Checking ship Carrion (Side 2) at (26.000000, -32.000000, 6.000000) with path [(23, -30, 7), (24, -30, 6), (25, -31, 6), (26, -32, 6)][/color]
[Peer: 440931918] [Turn 7] [color=cyan]  Checking ship Deathstroke (Side 2) at (4.000000, -6.000000, 2.000000) with path [(7, -22, 15), (6, -22, 16), (5, -21, 16), (4, -20, 16), (4, -19, 15), (4, -18, 14), (4, -17, 13), (4, -16, 12), (4, -15, 11), (4, -14, 10), (4, -13, 9), (4, -12, 8), (4, -11, 7), (4, -10, 6), (4, -9, 5), (4, -8, 4), (4, -7, 3), (4, -6, 2)][/color]
[Peer: 440931918] [Turn 7] [color=cyan]  Checking ship Viper (Side 2) at (-30.000000, 2.000000, 28.000000) with path [(-16, 2, 14), (-17, 2, 15), (-18, 2, 16), (-19, 2, 17), (-20, 2, 18), (-21, 2, 19), (-22, 2, 20), (-23, 2, 21), (-24, 2, 22), (-25, 2, 23), (-26, 2, 24), (-27, 2, 25), (-28, 2, 26), (-29, 2, 27), (-30, 2, 28)][/color]
[Peer: 440931918] [Turn 7] Mines check complete. Hit ships size: 0
[Peer: 440931918] [Turn 7] [color=cyan]  Checking ship Maelstrom (Side 2) at (25.000000, -32.000000, 7.000000) with path [(30, -31, 1), (30, -32, 2), (29, -32, 3), (28, -32, 4), (27, -32, 5), (26, -32, 6), (25, -32, 7)][/color]
[Peer: 440931918] [Turn 7] [color=cyan]  Checking ship Carrion (Side 2) at (26.000000, -32.000000, 6.000000) with path [(23, -30, 7), (24, -30, 6), (25, -31, 6), (26, -32, 6)][/color]
[Peer: 440931918] [Turn 7] [color=cyan]  Checking ship Deathstroke (Side 2) at (4.000000, -6.000000, 2.000000) with path [(7, -22, 15), (6, -22, 16), (5, -21, 16), (4, -20, 16), (4, -19, 15), (4, -18, 14), (4, -17, 13), (4, -16, 12), (4, -15, 11), (4, -14, 10), (4, -13, 9), (4, -12, 8), (4, -11, 7), (4, -10, 6), (4, -9, 5), (4, -8, 4), (4, -7, 3), (4, -6, 2)][/color]
[Peer: 440931918] [Turn 7] [color=cyan]  Checking ship Viper (Side 2) at (-30.000000, 2.000000, 28.000000) with path [(-16, 2, 14), (-17, 2, 15), (-18, 2, 16), (-19, 2, 17), (-20, 2, 18), (-21, 2, 19), (-22, 2, 20), (-23, 2, 21), (-24, 2, 22), (-25, 2, 23), (-26, 2, 24), (-27, 2, 25), (-28, 2, 26), (-29, 2, 27), (-30, 2, 28)][/color]
[Peer: 440931918] [Turn 7] Mines check complete. Hit ships size: 0
[Peer: 440931918] [Turn 7] [color=cyan]  Checking ship Maelstrom (Side 2) at (25.000000, -32.000000, 7.000000) with path [(30, -31, 1), (30, -32, 2), (29, -32, 3), (28, -32, 4), (27, -32, 5), (26, -32, 6), (25, -32, 7)][/color]
[Peer: 440931918] [Turn 7] [color=cyan]  Checking ship Carrion (Side 2) at (26.000000, -32.000000, 6.000000) with path [(23, -30, 7), (24, -30, 6), (25, -31, 6), (26, -32, 6)][/color]
[Peer: 440931918] [Turn 7] [color=cyan]  Checking ship Deathstroke (Side 2) at (4.000000, -6.000000, 2.000000) with path [(7, -22, 15), (6, -22, 16), (5, -21, 16), (4, -20, 16), (4, -19, 15), (4, -18, 14), (4, -17, 13), (4, -16, 12), (4, -15, 11), (4, -14, 10), (4, -13, 9), (4, -12, 8), (4, -11, 7), (4, -10, 6), (4, -9, 5), (4, -8, 4), (4, -7, 3), (4, -6, 2)][/color]
[Peer: 440931918] [Turn 7] [color=cyan]  Checking ship Viper (Side 2) at (-30.000000, 2.000000, 28.000000) with path [(-16, 2, 14), (-17, 2, 15), (-18, 2, 16), (-19, 2, 17), (-20, 2, 18), (-21, 2, 19), (-22, 2, 20), (-23, 2, 21), (-24, 2, 22), (-25, 2, 23), (-26, 2, 24), (-27, 2, 25), (-28, 2, 26), (-29, 2, 27), (-30, 2, 28)][/color]
[Peer: 440931918] [Turn 7] Mines check complete. Hit ships size: 0
[Peer: 440931918] [Turn 7] [color=cyan]!!! DEBUG !!! Entering Seeker Movement. Active Seekers: 4[/color]
[Peer: 440931918] [Turn 7] Movement Phase Complete for Side 2. Starting Combat.
[DEBUG] start_combat_passive: Side 1 firing (Opponent of Moving Side 2)
[Peer: 440931918] [Turn 7] Combat Planning: Side 1
[DEBUG] TARGET CHECK P1. Ships: 8
[DEBUG] VALID: Ken'zah Station found target with Laser Battery
[Peer: 440931918] [Turn 7] Resolving 2 attacks...
[Peer: 440931918] [Turn 7] ST Ken'zah Station firing Laser Battery at CL Deathstroke
Combat Roll: Distance 7, Chance 15%, Rolled 38
[Peer: 440931918] [Turn 7] Firing Ship: ST Ken'zah Station, Weapon: Laser Battery, Odds: 15%, Roll: 38, Result: MISS
[Peer: 440931918] [Turn 7] [color=red]MISS![/color]
[Peer: 440931918] [Turn 7] ST Ken'zah Station firing Laser Battery at CL Deathstroke
[Peer: 440931918] [Turn 7] Firing Ship: ST Ken'zah Station, Weapon: Laser Battery, Odds: 15%, Roll: 38, Result: MISS
[Peer: 440931918] [Turn 7] ST Ken'zah Station firing Laser Battery at CL Deathstroke
[Peer: 440931918] [Turn 7] ST Ken'zah Station firing Laser Battery at CL Deathstroke
Combat Roll: Distance 7, Chance 15%, Rolled 57
[Peer: 440931918] [Turn 7] Firing Ship: ST Ken'zah Station, Weapon: Laser Battery, Odds: 15%, Roll: 57, Result: MISS
[Peer: 440931918] [Turn 7] [color=red]MISS![/color]
[Peer: 440931918] [Turn 7] Firing Ship: ST Ken'zah Station, Weapon: Laser Battery, Odds: 15%, Roll: 57, Result: MISS
[Peer: 440931918] [Turn 7] Resolution Phase Complete.
[Peer: 440931918] [Turn 7] Turn Segment Complete.
[DEBUG] start_combat_active: Side 2 firing (Active Side)
[Peer: 440931918] [Turn 7] Combat Planning: Side 2
[DEBUG] TARGET CHECK P2. Ships: 4
[DEBUG] VALID: Deathstroke found target with Disruptor Canon
[Peer: 440931918] [Turn 7] AI Planning: CL Deathstroke -> F Fighter A with Disruptor Canon (Utility: 9.50)
[Peer: 440931918] [Turn 7] AI Planning: CL Deathstroke -> F Fighter A with Laser Battery (Utility: 8.69)
[Peer: 440931918] [Turn 7] AI Planning: CL Deathstroke -> F Fighter A with Electron Battery (Utility: 7.76)
[Peer: 440931918] [Turn 7] AI Planning: CL Deathstroke -> F Fighter A with Proton Battery (Utility: 7.04)
[Peer: 440931918] [Turn 7] AI Planning: CL Deathstroke -> F Fighter A with Rocket Batteries (Utility: 9.51)
[Peer: 440931918] [Turn 7] AI Planning: CL Deathstroke -> F Fighter A with Torpedoes (Utility: 7.04)
[Peer: 440931918] [Turn 7] Resolving 6 attacks...
[Peer: 440931918] [Turn 7] CL Deathstroke firing Disruptor Canon at F Fighter A
Combat Roll: Distance 2, Chance 50%, Rolled 10
[Peer: 440931918] [Turn 7] Firing Ship: CL Deathstroke, Weapon: Disruptor Canon, Odds: 50%, Roll: 10, Result: HIT
Damage Roll: 3d10+0 -> 19
Damage Roll: d100(62) + DTM(20) = 82
[Peer: 440931918] [Turn 7] [color=green]HIT![/color] Rolling Damage Table (d100+20 = 82)
[Peer: 440931918] [Turn 7] CL Deathstroke firing Disruptor Canon at F Fighter A
[Peer: 440931918] [Turn 7] Firing Ship: CL Deathstroke, Weapon: Disruptor Canon, Odds: 50%, Roll: 10, Result: HIT
[Peer: 440931918] [Turn 7] [color=green]HIT![/color] Rolling Damage Table (d100+20 = 82)
[Peer: 440931918] [Turn 7] Fighter A: Defense Hit (ICM, SS, PS, ES, MS)
[Peer: 440931918] [Turn 7] [color=red]System missing/destroyed -> FALLBACK HULL HIT[/color]
[Peer: 440931918] [Turn 7] Ship destroyed: Fighter A
[Peer: 440931918] [Turn 7] Fighter A takes 19 Fallback Damage (Converted Effect)
[Peer: 440931918] [Turn 7] CL Deathstroke firing at WRECK of F Fighter A! (Wasted)
[Peer: 440931918] [Turn 7] CL Deathstroke firing at WRECK of F Fighter A! (Wasted)
[Peer: 440931918] [Turn 7] CL Deathstroke firing at WRECK of F Fighter A! (Wasted)
[Peer: 440931918] [Turn 7] CL Deathstroke firing at WRECK of F Fighter A! (Wasted)
[Peer: 440931918] [Turn 7] CL Deathstroke firing at WRECK of F Fighter A! (Wasted)
[Peer: 440931918] [Turn 7] CL Deathstroke firing at WRECK of F Fighter A! (Wasted)
[Peer: 440931918] [Turn 7] CL Deathstroke firing at WRECK of F Fighter A! (Wasted)
[Peer: 440931918] [Turn 7] CL Deathstroke firing at WRECK of F Fighter A! (Wasted)
[Peer: 440931918] [Turn 7] CL Deathstroke firing at WRECK of F Fighter A! (Wasted)
[Peer: 440931918] [Turn 7] CL Deathstroke firing at WRECK of F Fighter A! (Wasted)
[Peer: 440931918] [Turn 7] Resolution Phase Complete.
[Peer: 440931918] [Turn 7] Turn Segment Complete.
[Peer: 440931918] [Turn 8] Round Complete. Starting New Round.
[Peer: 440931918] [Turn 8] === Turn Start: Side UPF ===
DEBUG: Rejected Maelstrom Side:2 CurSide:1 Moved:false
DEBUG: Rejected Carrion Side:2 CurSide:1 Moved:false
DEBUG: Rejected Deathstroke Side:2 CurSide:1 Moved:false
DEBUG: Rejected Viper Side:2 CurSide:1 Moved:false
DEBUG: start_movement_phase. Side: 1 Available: 7
DEBUG: First available: Ken'zah Station ID: 1 Moved: false
DEBUG: Auto-Orbit Candidate Found: Ken'zah Station (Class: Space Station, Orbit: 1)
[Peer: 440931918] [Turn 8] Synced Orders for Ken'zah Station
[Peer: 440931918] [Turn 8] [color=orange]Fire damage on Shimmer![/color]
[Peer: 440931918] [Turn 8] Fire Roll: d100+20 = 62 -> Weapon Hit
[Peer: 440931918] [Turn 8] Shimmer: Weapon Hit: Laser Canon Crippled!
[Peer: 440931918] [Turn 8] Synced Orders for Z'Rak't Zoz
[Peer: 440931918] [Turn 8] Synced Orders for Shimmer
[Peer: 440931918] [Turn 8] Synced Orders for Zz'Nakk'T
[Peer: 440931918] [Turn 8] Synced Orders for Fighter B
[Peer: 440931918] [Turn 8] Synced Orders for Fighter C
[Peer: 440931918] [Turn 8] Synced Orders for Fighter F
>>> DIAGNOSTIC: execute_all_movement running for side: 1 on peer: 440931918
[Peer: 440931918] [Turn 8] Executing Movement Phase for Side UPF
[Peer: 440931918] [Turn 8] [color=yellow]EXECUTE LOOP: Checking Ship Ken'zah Station (Class: Space Station, Mines: 0)[/color]
[Peer: 440931918] [Turn 8] [color=yellow]EXECUTE LOOP: Checking Ship Z'Rak't Zoz (Class: Minelayer, Mines: 0)[/color]
[Peer: 440931918] [Turn 8] [color=yellow]EXECUTE LOOP: Checking Ship Shimmer (Class: Frigate, Mines: 0)[/color]
[Peer: 440931918] [Turn 8] [color=yellow]EXECUTE LOOP: Checking Ship Zz'Nakk'T (Class: Frigate, Mines: 0)[/color]
[Peer: 440931918] [Turn 8] [color=yellow]EXECUTE LOOP: Checking Ship Fighter B (Class: Fighter, Mines: 0)[/color]
[Peer: 440931918] [Turn 8] [color=yellow]EXECUTE LOOP: Checking Ship Fighter C (Class: Fighter, Mines: 0)[/color]
[Peer: 440931918] [Turn 8] [color=yellow]EXECUTE LOOP: Checking Ship Fighter F (Class: Fighter, Mines: 0)[/color]
>>> DIAGNOSTIC: Entering Mine Detonations. Active Mines: 17 on peer: 440931918
[Peer: 440931918] [Turn 8] [color=cyan]!!! DEBUG !!! Entering Mine Detonations. Active Mines: 17[/color]
[Peer: 440931918] [Turn 8] [color=cyan]  Mine at (-4.000000, 8.000000, -4.000000) (Side 1)[/color]
[Peer: 440931918] [Turn 8] [color=cyan]  Mine at (9.000000, -1.000000, -8.000000) (Side 1)[/color]
[Peer: 440931918] [Turn 8] [color=cyan]  Mine at (-9.000000, 0.000000, 9.000000) (Side 1)[/color]
[Peer: 440931918] [Turn 8] [color=cyan]  Mine at (-9.000000, 1.000000, 8.000000) (Side 1)[/color]
[Peer: 440931918] [Turn 8] [color=cyan]  Mine at (-8.000000, 7.000000, 1.000000) (Side 1)[/color]
[Peer: 440931918] [Turn 8] [color=cyan]  Mine at (8.000000, -9.000000, 1.000000) (Side 1)[/color]
[Peer: 440931918] [Turn 8] [color=cyan]  Mine at (6.000000, -7.000000, 1.000000) (Side 1)[/color]
[Peer: 440931918] [Turn 8] [color=cyan]  Mine at (7.000000, 0.000000, -7.000000) (Side 1)[/color]
[Peer: 440931918] [Turn 8] [color=cyan]  Mine at (-8.000000, 3.000000, 5.000000) (Side 1)[/color]
[Peer: 440931918] [Turn 8] [color=cyan]  Mine at (-7.000000, 1.000000, 6.000000) (Side 1)[/color]
[Peer: 440931918] [Turn 8] [color=cyan]  Mine at (-7.000000, 7.000000, 0.000000) (Side 1)[/color]
[Peer: 440931918] [Turn 8] [color=cyan]  Mine at (-2.000000, 9.000000, -7.000000) (Side 1)[/color]
[Peer: 440931918] [Turn 8] [color=cyan]  Mine at (0.000000, 7.000000, -7.000000) (Side 1)[/color]
[Peer: 440931918] [Turn 8] [color=cyan]  Mine at (-5.000000, 8.000000, -3.000000) (Side 1)[/color]
[Peer: 440931918] [Turn 8] [color=cyan]  Mine at (-4.000000, -3.000000, 7.000000) (Side 1)[/color]
[Peer: 440931918] [Turn 8] [color=cyan]  Mine at (6.000000, -9.000000, 3.000000) (Side 1)[/color]
[Peer: 440931918] [Turn 8] [color=cyan]  Mine at (-7.000000, 4.000000, 3.000000) (Side 1)[/color]
[Peer: 440931918] [Turn 8] [color=cyan]  Checking ship Maelstrom (Side 2) at (25.000000, -32.000000, 7.000000) with path [(30, -31, 1), (30, -32, 2), (29, -32, 3), (28, -32, 4), (27, -32, 5), (26, -32, 6), (25, -32, 7)][/color]
[Peer: 440931918] [Turn 8] [color=cyan]  Checking ship Carrion (Side 2) at (26.000000, -32.000000, 6.000000) with path [(23, -30, 7), (24, -30, 6), (25, -31, 6), (26, -32, 6)][/color]
[Peer: 440931918] [Turn 8] [color=cyan]  Checking ship Deathstroke (Side 2) at (4.000000, -6.000000, 2.000000) with path [(7, -22, 15), (6, -22, 16), (5, -21, 16), (4, -20, 16), (4, -19, 15), (4, -18, 14), (4, -17, 13), (4, -16, 12), (4, -15, 11), (4, -14, 10), (4, -13, 9), (4, -12, 8), (4, -11, 7), (4, -10, 6), (4, -9, 5), (4, -8, 4), (4, -7, 3), (4, -6, 2)][/color]
[Peer: 440931918] [Turn 8] [color=cyan]  Checking ship Viper (Side 2) at (-30.000000, 2.000000, 28.000000) with path [(-16, 2, 14), (-17, 2, 15), (-18, 2, 16), (-19, 2, 17), (-20, 2, 18), (-21, 2, 19), (-22, 2, 20), (-23, 2, 21), (-24, 2, 22), (-25, 2, 23), (-26, 2, 24), (-27, 2, 25), (-28, 2, 26), (-29, 2, 27), (-30, 2, 28)][/color]
[Peer: 440931918] [Turn 8] Mines check complete. Hit ships size: 0
[Peer: 440931918] [Turn 8] [color=cyan]  Checking ship Maelstrom (Side 2) at (25.000000, -32.000000, 7.000000) with path [(30, -31, 1), (30, -32, 2), (29, -32, 3), (28, -32, 4), (27, -32, 5), (26, -32, 6), (25, -32, 7)][/color]
[Peer: 440931918] [Turn 8] [color=cyan]  Checking ship Carrion (Side 2) at (26.000000, -32.000000, 6.000000) with path [(23, -30, 7), (24, -30, 6), (25, -31, 6), (26, -32, 6)][/color]
[Peer: 440931918] [Turn 8] [color=cyan]  Checking ship Deathstroke (Side 2) at (4.000000, -6.000000, 2.000000) with path [(7, -22, 15), (6, -22, 16), (5, -21, 16), (4, -20, 16), (4, -19, 15), (4, -18, 14), (4, -17, 13), (4, -16, 12), (4, -15, 11), (4, -14, 10), (4, -13, 9), (4, -12, 8), (4, -11, 7), (4, -10, 6), (4, -9, 5), (4, -8, 4), (4, -7, 3), (4, -6, 2)][/color]
[Peer: 440931918] [Turn 8] [color=cyan]  Checking ship Viper (Side 2) at (-30.000000, 2.000000, 28.000000) with path [(-16, 2, 14), (-17, 2, 15), (-18, 2, 16), (-19, 2, 17), (-20, 2, 18), (-21, 2, 19), (-22, 2, 20), (-23, 2, 21), (-24, 2, 22), (-25, 2, 23), (-26, 2, 24), (-27, 2, 25), (-28, 2, 26), (-29, 2, 27), (-30, 2, 28)][/color]
[Peer: 440931918] [Turn 8] Mines check complete. Hit ships size: 0
[Peer: 440931918] [Turn 8] [color=cyan]  Checking ship Maelstrom (Side 2) at (25.000000, -32.000000, 7.000000) with path [(30, -31, 1), (30, -32, 2), (29, -32, 3), (28, -32, 4), (27, -32, 5), (26, -32, 6), (25, -32, 7)][/color]
[Peer: 440931918] [Turn 8] [color=cyan]  Checking ship Carrion (Side 2) at (26.000000, -32.000000, 6.000000) with path [(23, -30, 7), (24, -30, 6), (25, -31, 6), (26, -32, 6)][/color]
[Peer: 440931918] [Turn 8] [color=cyan]  Checking ship Deathstroke (Side 2) at (4.000000, -6.000000, 2.000000) with path [(7, -22, 15), (6, -22, 16), (5, -21, 16), (4, -20, 16), (4, -19, 15), (4, -18, 14), (4, -17, 13), (4, -16, 12), (4, -15, 11), (4, -14, 10), (4, -13, 9), (4, -12, 8), (4, -11, 7), (4, -10, 6), (4, -9, 5), (4, -8, 4), (4, -7, 3), (4, -6, 2)][/color]
[Peer: 440931918] [Turn 8] [color=cyan]  Checking ship Viper (Side 2) at (-30.000000, 2.000000, 28.000000) with path [(-16, 2, 14), (-17, 2, 15), (-18, 2, 16), (-19, 2, 17), (-20, 2, 18), (-21, 2, 19), (-22, 2, 20), (-23, 2, 21), (-24, 2, 22), (-25, 2, 23), (-26, 2, 24), (-27, 2, 25), (-28, 2, 26), (-29, 2, 27), (-30, 2, 28)][/color]
[Peer: 440931918] [Turn 8] Mines check complete. Hit ships size: 0
[Peer: 440931918] [Turn 8] [color=cyan]  Checking ship Maelstrom (Side 2) at (25.000000, -32.000000, 7.000000) with path [(30, -31, 1), (30, -32, 2), (29, -32, 3), (28, -32, 4), (27, -32, 5), (26, -32, 6), (25, -32, 7)][/color]
[Peer: 440931918] [Turn 8] [color=cyan]  Checking ship Carrion (Side 2) at (26.000000, -32.000000, 6.000000) with path [(23, -30, 7), (24, -30, 6), (25, -31, 6), (26, -32, 6)][/color]
[Peer: 440931918] [Turn 8] [color=cyan]  Checking ship Deathstroke (Side 2) at (4.000000, -6.000000, 2.000000) with path [(7, -22, 15), (6, -22, 16), (5, -21, 16), (4, -20, 16), (4, -19, 15), (4, -18, 14), (4, -17, 13), (4, -16, 12), (4, -15, 11), (4, -14, 10), (4, -13, 9), (4, -12, 8), (4, -11, 7), (4, -10, 6), (4, -9, 5), (4, -8, 4), (4, -7, 3), (4, -6, 2)][/color]
[Peer: 440931918] [Turn 8] [color=cyan]  Checking ship Viper (Side 2) at (-30.000000, 2.000000, 28.000000) with path [(-16, 2, 14), (-17, 2, 15), (-18, 2, 16), (-19, 2, 17), (-20, 2, 18), (-21, 2, 19), (-22, 2, 20), (-23, 2, 21), (-24, 2, 22), (-25, 2, 23), (-26, 2, 24), (-27, 2, 25), (-28, 2, 26), (-29, 2, 27), (-30, 2, 28)][/color]
[Peer: 440931918] [Turn 8] Mines check complete. Hit ships size: 0
[Peer: 440931918] [Turn 8] [color=cyan]  Checking ship Maelstrom (Side 2) at (25.000000, -32.000000, 7.000000) with path [(30, -31, 1), (30, -32, 2), (29, -32, 3), (28, -32, 4), (27, -32, 5), (26, -32, 6), (25, -32, 7)][/color]
[Peer: 440931918] [Turn 8] [color=cyan]  Checking ship Carrion (Side 2) at (26.000000, -32.000000, 6.000000) with path [(23, -30, 7), (24, -30, 6), (25, -31, 6), (26, -32, 6)][/color]
[Peer: 440931918] [Turn 8] [color=cyan]  Checking ship Deathstroke (Side 2) at (4.000000, -6.000000, 2.000000) with path [(7, -22, 15), (6, -22, 16), (5, -21, 16), (4, -20, 16), (4, -19, 15), (4, -18, 14), (4, -17, 13), (4, -16, 12), (4, -15, 11), (4, -14, 10), (4, -13, 9), (4, -12, 8), (4, -11, 7), (4, -10, 6), (4, -9, 5), (4, -8, 4), (4, -7, 3), (4, -6, 2)][/color]
[Peer: 440931918] [Turn 8] [color=cyan]  Checking ship Viper (Side 2) at (-30.000000, 2.000000, 28.000000) with path [(-16, 2, 14), (-17, 2, 15), (-18, 2, 16), (-19, 2, 17), (-20, 2, 18), (-21, 2, 19), (-22, 2, 20), (-23, 2, 21), (-24, 2, 22), (-25, 2, 23), (-26, 2, 24), (-27, 2, 25), (-28, 2, 26), (-29, 2, 27), (-30, 2, 28)][/color]
[Peer: 440931918] [Turn 8] Mines check complete. Hit ships size: 0
[Peer: 440931918] [Turn 8] [color=cyan]  Checking ship Maelstrom (Side 2) at (25.000000, -32.000000, 7.000000) with path [(30, -31, 1), (30, -32, 2), (29, -32, 3), (28, -32, 4), (27, -32, 5), (26, -32, 6), (25, -32, 7)][/color]
[Peer: 440931918] [Turn 8] [color=cyan]  Checking ship Carrion (Side 2) at (26.000000, -32.000000, 6.000000) with path [(23, -30, 7), (24, -30, 6), (25, -31, 6), (26, -32, 6)][/color]
[Peer: 440931918] [Turn 8] [color=cyan]  Checking ship Deathstroke (Side 2) at (4.000000, -6.000000, 2.000000) with path [(7, -22, 15), (6, -22, 16), (5, -21, 16), (4, -20, 16), (4, -19, 15), (4, -18, 14), (4, -17, 13), (4, -16, 12), (4, -15, 11), (4, -14, 10), (4, -13, 9), (4, -12, 8), (4, -11, 7), (4, -10, 6), (4, -9, 5), (4, -8, 4), (4, -7, 3), (4, -6, 2)][/color]
[Peer: 440931918] [Turn 8] [color=cyan]  Checking ship Viper (Side 2) at (-30.000000, 2.000000, 28.000000) with path [(-16, 2, 14), (-17, 2, 15), (-18, 2, 16), (-19, 2, 17), (-20, 2, 18), (-21, 2, 19), (-22, 2, 20), (-23, 2, 21), (-24, 2, 22), (-25, 2, 23), (-26, 2, 24), (-27, 2, 25), (-28, 2, 26), (-29, 2, 27), (-30, 2, 28)][/color]
[Peer: 440931918] [Turn 8] Mines check complete. Hit ships size: 0
[Peer: 440931918] [Turn 8] [color=cyan]  Checking ship Maelstrom (Side 2) at (25.000000, -32.000000, 7.000000) with path [(30, -31, 1), (30, -32, 2), (29, -32, 3), (28, -32, 4), (27, -32, 5), (26, -32, 6), (25, -32, 7)][/color]
[Peer: 440931918] [Turn 8] [color=cyan]  Checking ship Carrion (Side 2) at (26.000000, -32.000000, 6.000000) with path [(23, -30, 7), (24, -30, 6), (25, -31, 6), (26, -32, 6)][/color]
[Peer: 440931918] [Turn 8] [color=cyan]  Checking ship Deathstroke (Side 2) at (4.000000, -6.000000, 2.000000) with path [(7, -22, 15), (6, -22, 16), (5, -21, 16), (4, -20, 16), (4, -19, 15), (4, -18, 14), (4, -17, 13), (4, -16, 12), (4, -15, 11), (4, -14, 10), (4, -13, 9), (4, -12, 8), (4, -11, 7), (4, -10, 6), (4, -9, 5), (4, -8, 4), (4, -7, 3), (4, -6, 2)][/color]
[Peer: 440931918] [Turn 8] [color=cyan]  Checking ship Viper (Side 2) at (-30.000000, 2.000000, 28.000000) with path [(-16, 2, 14), (-17, 2, 15), (-18, 2, 16), (-19, 2, 17), (-20, 2, 18), (-21, 2, 19), (-22, 2, 20), (-23, 2, 21), (-24, 2, 22), (-25, 2, 23), (-26, 2, 24), (-27, 2, 25), (-28, 2, 26), (-29, 2, 27), (-30, 2, 28)][/color]
[Peer: 440931918] [Turn 8] Mines check complete. Hit ships size: 0
[Peer: 440931918] [Turn 8] [color=cyan]  Checking ship Maelstrom (Side 2) at (25.000000, -32.000000, 7.000000) with path [(30, -31, 1), (30, -32, 2), (29, -32, 3), (28, -32, 4), (27, -32, 5), (26, -32, 6), (25, -32, 7)][/color]
[Peer: 440931918] [Turn 8] [color=cyan]  Checking ship Carrion (Side 2) at (26.000000, -32.000000, 6.000000) with path [(23, -30, 7), (24, -30, 6), (25, -31, 6), (26, -32, 6)][/color]
[Peer: 440931918] [Turn 8] [color=cyan]  Checking ship Deathstroke (Side 2) at (4.000000, -6.000000, 2.000000) with path [(7, -22, 15), (6, -22, 16), (5, -21, 16), (4, -20, 16), (4, -19, 15), (4, -18, 14), (4, -17, 13), (4, -16, 12), (4, -15, 11), (4, -14, 10), (4, -13, 9), (4, -12, 8), (4, -11, 7), (4, -10, 6), (4, -9, 5), (4, -8, 4), (4, -7, 3), (4, -6, 2)][/color]
[Peer: 440931918] [Turn 8] [color=cyan]  Checking ship Viper (Side 2) at (-30.000000, 2.000000, 28.000000) with path [(-16, 2, 14), (-17, 2, 15), (-18, 2, 16), (-19, 2, 17), (-20, 2, 18), (-21, 2, 19), (-22, 2, 20), (-23, 2, 21), (-24, 2, 22), (-25, 2, 23), (-26, 2, 24), (-27, 2, 25), (-28, 2, 26), (-29, 2, 27), (-30, 2, 28)][/color]
[Peer: 440931918] [Turn 8] Mines check complete. Hit ships size: 0
[Peer: 440931918] [Turn 8] [color=cyan]  Checking ship Maelstrom (Side 2) at (25.000000, -32.000000, 7.000000) with path [(30, -31, 1), (30, -32, 2), (29, -32, 3), (28, -32, 4), (27, -32, 5), (26, -32, 6), (25, -32, 7)][/color]
[Peer: 440931918] [Turn 8] [color=cyan]  Checking ship Carrion (Side 2) at (26.000000, -32.000000, 6.000000) with path [(23, -30, 7), (24, -30, 6), (25, -31, 6), (26, -32, 6)][/color]
[Peer: 440931918] [Turn 8] [color=cyan]  Checking ship Deathstroke (Side 2) at (4.000000, -6.000000, 2.000000) with path [(7, -22, 15), (6, -22, 16), (5, -21, 16), (4, -20, 16), (4, -19, 15), (4, -18, 14), (4, -17, 13), (4, -16, 12), (4, -15, 11), (4, -14, 10), (4, -13, 9), (4, -12, 8), (4, -11, 7), (4, -10, 6), (4, -9, 5), (4, -8, 4), (4, -7, 3), (4, -6, 2)][/color]
[Peer: 440931918] [Turn 8] [color=cyan]  Checking ship Viper (Side 2) at (-30.000000, 2.000000, 28.000000) with path [(-16, 2, 14), (-17, 2, 15), (-18, 2, 16), (-19, 2, 17), (-20, 2, 18), (-21, 2, 19), (-22, 2, 20), (-23, 2, 21), (-24, 2, 22), (-25, 2, 23), (-26, 2, 24), (-27, 2, 25), (-28, 2, 26), (-29, 2, 27), (-30, 2, 28)][/color]
[Peer: 440931918] [Turn 8] Mines check complete. Hit ships size: 0
[Peer: 440931918] [Turn 8] [color=cyan]  Checking ship Maelstrom (Side 2) at (25.000000, -32.000000, 7.000000) with path [(30, -31, 1), (30, -32, 2), (29, -32, 3), (28, -32, 4), (27, -32, 5), (26, -32, 6), (25, -32, 7)][/color]
[Peer: 440931918] [Turn 8] [color=cyan]  Checking ship Carrion (Side 2) at (26.000000, -32.000000, 6.000000) with path [(23, -30, 7), (24, -30, 6), (25, -31, 6), (26, -32, 6)][/color]
[Peer: 440931918] [Turn 8] [color=cyan]  Checking ship Deathstroke (Side 2) at (4.000000, -6.000000, 2.000000) with path [(7, -22, 15), (6, -22, 16), (5, -21, 16), (4, -20, 16), (4, -19, 15), (4, -18, 14), (4, -17, 13), (4, -16, 12), (4, -15, 11), (4, -14, 10), (4, -13, 9), (4, -12, 8), (4, -11, 7), (4, -10, 6), (4, -9, 5), (4, -8, 4), (4, -7, 3), (4, -6, 2)][/color]
[Peer: 440931918] [Turn 8] [color=cyan]  Checking ship Viper (Side 2) at (-30.000000, 2.000000, 28.000000) with path [(-16, 2, 14), (-17, 2, 15), (-18, 2, 16), (-19, 2, 17), (-20, 2, 18), (-21, 2, 19), (-22, 2, 20), (-23, 2, 21), (-24, 2, 22), (-25, 2, 23), (-26, 2, 24), (-27, 2, 25), (-28, 2, 26), (-29, 2, 27), (-30, 2, 28)][/color]
[Peer: 440931918] [Turn 8] Mines check complete. Hit ships size: 0
[Peer: 440931918] [Turn 8] [color=cyan]  Checking ship Maelstrom (Side 2) at (25.000000, -32.000000, 7.000000) with path [(30, -31, 1), (30, -32, 2), (29, -32, 3), (28, -32, 4), (27, -32, 5), (26, -32, 6), (25, -32, 7)][/color]
[Peer: 440931918] [Turn 8] [color=cyan]  Checking ship Carrion (Side 2) at (26.000000, -32.000000, 6.000000) with path [(23, -30, 7), (24, -30, 6), (25, -31, 6), (26, -32, 6)][/color]
[Peer: 440931918] [Turn 8] [color=cyan]  Checking ship Deathstroke (Side 2) at (4.000000, -6.000000, 2.000000) with path [(7, -22, 15), (6, -22, 16), (5, -21, 16), (4, -20, 16), (4, -19, 15), (4, -18, 14), (4, -17, 13), (4, -16, 12), (4, -15, 11), (4, -14, 10), (4, -13, 9), (4, -12, 8), (4, -11, 7), (4, -10, 6), (4, -9, 5), (4, -8, 4), (4, -7, 3), (4, -6, 2)][/color]
[Peer: 440931918] [Turn 8] [color=cyan]  Checking ship Viper (Side 2) at (-30.000000, 2.000000, 28.000000) with path [(-16, 2, 14), (-17, 2, 15), (-18, 2, 16), (-19, 2, 17), (-20, 2, 18), (-21, 2, 19), (-22, 2, 20), (-23, 2, 21), (-24, 2, 22), (-25, 2, 23), (-26, 2, 24), (-27, 2, 25), (-28, 2, 26), (-29, 2, 27), (-30, 2, 28)][/color]
[Peer: 440931918] [Turn 8] Mines check complete. Hit ships size: 0
[Peer: 440931918] [Turn 8] [color=cyan]  Checking ship Maelstrom (Side 2) at (25.000000, -32.000000, 7.000000) with path [(30, -31, 1), (30, -32, 2), (29, -32, 3), (28, -32, 4), (27, -32, 5), (26, -32, 6), (25, -32, 7)][/color]
[Peer: 440931918] [Turn 8] [color=cyan]  Checking ship Carrion (Side 2) at (26.000000, -32.000000, 6.000000) with path [(23, -30, 7), (24, -30, 6), (25, -31, 6), (26, -32, 6)][/color]
[Peer: 440931918] [Turn 8] [color=cyan]  Checking ship Deathstroke (Side 2) at (4.000000, -6.000000, 2.000000) with path [(7, -22, 15), (6, -22, 16), (5, -21, 16), (4, -20, 16), (4, -19, 15), (4, -18, 14), (4, -17, 13), (4, -16, 12), (4, -15, 11), (4, -14, 10), (4, -13, 9), (4, -12, 8), (4, -11, 7), (4, -10, 6), (4, -9, 5), (4, -8, 4), (4, -7, 3), (4, -6, 2)][/color]
[Peer: 440931918] [Turn 8] [color=cyan]  Checking ship Viper (Side 2) at (-30.000000, 2.000000, 28.000000) with path [(-16, 2, 14), (-17, 2, 15), (-18, 2, 16), (-19, 2, 17), (-20, 2, 18), (-21, 2, 19), (-22, 2, 20), (-23, 2, 21), (-24, 2, 22), (-25, 2, 23), (-26, 2, 24), (-27, 2, 25), (-28, 2, 26), (-29, 2, 27), (-30, 2, 28)][/color]
[Peer: 440931918] [Turn 8] Mines check complete. Hit ships size: 0
[Peer: 440931918] [Turn 8] [color=cyan]  Checking ship Maelstrom (Side 2) at (25.000000, -32.000000, 7.000000) with path [(30, -31, 1), (30, -32, 2), (29, -32, 3), (28, -32, 4), (27, -32, 5), (26, -32, 6), (25, -32, 7)][/color]
[Peer: 440931918] [Turn 8] [color=cyan]  Checking ship Carrion (Side 2) at (26.000000, -32.000000, 6.000000) with path [(23, -30, 7), (24, -30, 6), (25, -31, 6), (26, -32, 6)][/color]
[Peer: 440931918] [Turn 8] [color=cyan]  Checking ship Deathstroke (Side 2) at (4.000000, -6.000000, 2.000000) with path [(7, -22, 15), (6, -22, 16), (5, -21, 16), (4, -20, 16), (4, -19, 15), (4, -18, 14), (4, -17, 13), (4, -16, 12), (4, -15, 11), (4, -14, 10), (4, -13, 9), (4, -12, 8), (4, -11, 7), (4, -10, 6), (4, -9, 5), (4, -8, 4), (4, -7, 3), (4, -6, 2)][/color]
[Peer: 440931918] [Turn 8] [color=cyan]  Checking ship Viper (Side 2) at (-30.000000, 2.000000, 28.000000) with path [(-16, 2, 14), (-17, 2, 15), (-18, 2, 16), (-19, 2, 17), (-20, 2, 18), (-21, 2, 19), (-22, 2, 20), (-23, 2, 21), (-24, 2, 22), (-25, 2, 23), (-26, 2, 24), (-27, 2, 25), (-28, 2, 26), (-29, 2, 27), (-30, 2, 28)][/color]
[Peer: 440931918] [Turn 8] Mines check complete. Hit ships size: 0
[Peer: 440931918] [Turn 8] [color=cyan]  Checking ship Maelstrom (Side 2) at (25.000000, -32.000000, 7.000000) with path [(30, -31, 1), (30, -32, 2), (29, -32, 3), (28, -32, 4), (27, -32, 5), (26, -32, 6), (25, -32, 7)][/color]
[Peer: 440931918] [Turn 8] [color=cyan]  Checking ship Carrion (Side 2) at (26.000000, -32.000000, 6.000000) with path [(23, -30, 7), (24, -30, 6), (25, -31, 6), (26, -32, 6)][/color]
[Peer: 440931918] [Turn 8] [color=cyan]  Checking ship Deathstroke (Side 2) at (4.000000, -6.000000, 2.000000) with path [(7, -22, 15), (6, -22, 16), (5, -21, 16), (4, -20, 16), (4, -19, 15), (4, -18, 14), (4, -17, 13), (4, -16, 12), (4, -15, 11), (4, -14, 10), (4, -13, 9), (4, -12, 8), (4, -11, 7), (4, -10, 6), (4, -9, 5), (4, -8, 4), (4, -7, 3), (4, -6, 2)][/color]
[Peer: 440931918] [Turn 8] [color=cyan]  Checking ship Viper (Side 2) at (-30.000000, 2.000000, 28.000000) with path [(-16, 2, 14), (-17, 2, 15), (-18, 2, 16), (-19, 2, 17), (-20, 2, 18), (-21, 2, 19), (-22, 2, 20), (-23, 2, 21), (-24, 2, 22), (-25, 2, 23), (-26, 2, 24), (-27, 2, 25), (-28, 2, 26), (-29, 2, 27), (-30, 2, 28)][/color]
[Peer: 440931918] [Turn 8] Mines check complete. Hit ships size: 0
[Peer: 440931918] [Turn 8] [color=cyan]  Checking ship Maelstrom (Side 2) at (25.000000, -32.000000, 7.000000) with path [(30, -31, 1), (30, -32, 2), (29, -32, 3), (28, -32, 4), (27, -32, 5), (26, -32, 6), (25, -32, 7)][/color]
[Peer: 440931918] [Turn 8] [color=cyan]  Checking ship Carrion (Side 2) at (26.000000, -32.000000, 6.000000) with path [(23, -30, 7), (24, -30, 6), (25, -31, 6), (26, -32, 6)][/color]
[Peer: 440931918] [Turn 8] [color=cyan]  Checking ship Deathstroke (Side 2) at (4.000000, -6.000000, 2.000000) with path [(7, -22, 15), (6, -22, 16), (5, -21, 16), (4, -20, 16), (4, -19, 15), (4, -18, 14), (4, -17, 13), (4, -16, 12), (4, -15, 11), (4, -14, 10), (4, -13, 9), (4, -12, 8), (4, -11, 7), (4, -10, 6), (4, -9, 5), (4, -8, 4), (4, -7, 3), (4, -6, 2)][/color]
[Peer: 440931918] [Turn 8] [color=cyan]  Checking ship Viper (Side 2) at (-30.000000, 2.000000, 28.000000) with path [(-16, 2, 14), (-17, 2, 15), (-18, 2, 16), (-19, 2, 17), (-20, 2, 18), (-21, 2, 19), (-22, 2, 20), (-23, 2, 21), (-24, 2, 22), (-25, 2, 23), (-26, 2, 24), (-27, 2, 25), (-28, 2, 26), (-29, 2, 27), (-30, 2, 28)][/color]
[Peer: 440931918] [Turn 8] Mines check complete. Hit ships size: 0
[Peer: 440931918] [Turn 8] [color=cyan]  Checking ship Maelstrom (Side 2) at (25.000000, -32.000000, 7.000000) with path [(30, -31, 1), (30, -32, 2), (29, -32, 3), (28, -32, 4), (27, -32, 5), (26, -32, 6), (25, -32, 7)][/color]
[Peer: 440931918] [Turn 8] [color=cyan]  Checking ship Carrion (Side 2) at (26.000000, -32.000000, 6.000000) with path [(23, -30, 7), (24, -30, 6), (25, -31, 6), (26, -32, 6)][/color]
[Peer: 440931918] [Turn 8] [color=cyan]  Checking ship Deathstroke (Side 2) at (4.000000, -6.000000, 2.000000) with path [(7, -22, 15), (6, -22, 16), (5, -21, 16), (4, -20, 16), (4, -19, 15), (4, -18, 14), (4, -17, 13), (4, -16, 12), (4, -15, 11), (4, -14, 10), (4, -13, 9), (4, -12, 8), (4, -11, 7), (4, -10, 6), (4, -9, 5), (4, -8, 4), (4, -7, 3), (4, -6, 2)][/color]
[Peer: 440931918] [Turn 8] [color=cyan]  Checking ship Viper (Side 2) at (-30.000000, 2.000000, 28.000000) with path [(-16, 2, 14), (-17, 2, 15), (-18, 2, 16), (-19, 2, 17), (-20, 2, 18), (-21, 2, 19), (-22, 2, 20), (-23, 2, 21), (-24, 2, 22), (-25, 2, 23), (-26, 2, 24), (-27, 2, 25), (-28, 2, 26), (-29, 2, 27), (-30, 2, 28)][/color]
[Peer: 440931918] [Turn 8] Mines check complete. Hit ships size: 0
[Peer: 440931918] [Turn 8] [color=cyan]  Checking ship Maelstrom (Side 2) at (25.000000, -32.000000, 7.000000) with path [(30, -31, 1), (30, -32, 2), (29, -32, 3), (28, -32, 4), (27, -32, 5), (26, -32, 6), (25, -32, 7)][/color]
[Peer: 440931918] [Turn 8] [color=cyan]  Checking ship Carrion (Side 2) at (26.000000, -32.000000, 6.000000) with path [(23, -30, 7), (24, -30, 6), (25, -31, 6), (26, -32, 6)][/color]
[Peer: 440931918] [Turn 8] [color=cyan]  Checking ship Deathstroke (Side 2) at (4.000000, -6.000000, 2.000000) with path [(7, -22, 15), (6, -22, 16), (5, -21, 16), (4, -20, 16), (4, -19, 15), (4, -18, 14), (4, -17, 13), (4, -16, 12), (4, -15, 11), (4, -14, 10), (4, -13, 9), (4, -12, 8), (4, -11, 7), (4, -10, 6), (4, -9, 5), (4, -8, 4), (4, -7, 3), (4, -6, 2)][/color]
[Peer: 440931918] [Turn 8] [color=cyan]  Checking ship Viper (Side 2) at (-30.000000, 2.000000, 28.000000) with path [(-16, 2, 14), (-17, 2, 15), (-18, 2, 16), (-19, 2, 17), (-20, 2, 18), (-21, 2, 19), (-22, 2, 20), (-23, 2, 21), (-24, 2, 22), (-25, 2, 23), (-26, 2, 24), (-27, 2, 25), (-28, 2, 26), (-29, 2, 27), (-30, 2, 28)][/color]
[Peer: 440931918] [Turn 8] Mines check complete. Hit ships size: 0
[Peer: 440931918] [Turn 8] [color=cyan]!!! DEBUG !!! Entering Seeker Movement. Active Seekers: 4[/color]
[Peer: 440931918] [Turn 8] Movement Phase Complete for Side 1. Starting Combat.
[DEBUG] start_combat_passive: Side 2 firing (Opponent of Moving Side 1)
[Peer: 440931918] [Turn 8] Combat Planning: Side 2
[DEBUG] TARGET CHECK P2. Ships: 4
[DEBUG] Weapon Torpedoes N/A for Carrion (Phase 3, Fired false)
[DEBUG] VALID: Deathstroke found target with Laser Battery
[Peer: 440931918] [Turn 8] AI Planning: CL Deathstroke -> F Fighter C with Laser Battery (Utility: 8.68)
[Peer: 440931918] [Turn 8] AI Planning: CL Deathstroke -> F Fighter C with Electron Battery (Utility: 9.32)
[Peer: 440931918] [Turn 8] AI Planning: CL Deathstroke -> F Fighter B with Proton Battery (Utility: 9.99)
[Peer: 440931918] [Turn 8] AI Planning: CL Deathstroke -> F Fighter C with Rocket Batteries (Utility: 9.13)
[Peer: 440931918] [Turn 8] AI Planning: DD Viper -> ML Z'Rak't Zoz with Laser Battery (Utility: 1.78)
[Peer: 440931918] [Turn 8] AI Planning: DD Viper -> ML Z'Rak't Zoz with Electron Battery (Utility: -0.56)
[Peer: 440931918] [Turn 8] Resolving 6 attacks...
[Peer: 440931918] [Turn 8] CL Deathstroke firing Laser Battery at F Fighter C
Combat Roll: Distance 3, Chance 35%, Rolled 2
[Peer: 440931918] [Turn 8] Firing Ship: CL Deathstroke, Weapon: Laser Battery, Odds: 35%, Roll: 2, Result: HIT
Damage Roll: 1d10+0 -> 7
Damage Roll: d100(14) + DTM(0) = 14
[Peer: 440931918] [Turn 8] [color=green]HIT![/color] Rolling Damage Table (d100+0 = 14)
[Peer: 440931918] [Turn 8] CL Deathstroke firing Laser Battery at F Fighter C
[Peer: 440931918] [Turn 8] Firing Ship: CL Deathstroke, Weapon: Laser Battery, Odds: 35%, Roll: 2, Result: HIT
[Peer: 440931918] [Turn 8] [color=green]HIT![/color] Rolling Damage Table (d100+0 = 14)
[Peer: 440931918] [Turn 8] Fighter C: Hull Hit (7 Damage)
[Peer: 440931918] [Turn 8] CL Deathstroke firing Electron Battery at F Fighter C
[Peer: 440931918] [Turn 8] Firing Ship: CL Deathstroke, Weapon: Electron Battery, Odds: 45%, Roll: 54, Result: MISS
[Peer: 440931918] [Turn 8] CL Deathstroke firing Electron Battery at F Fighter C
Combat Roll: Distance 3, Chance 45%, Rolled 54
[Peer: 440931918] [Turn 8] Firing Ship: CL Deathstroke, Weapon: Electron Battery, Odds: 45%, Roll: 54, Result: MISS
[Peer: 440931918] [Turn 8] [color=red]MISS![/color]
[Peer: 440931918] [Turn 8] CL Deathstroke firing Proton Battery at F Fighter B
[Peer: 440931918] [Turn 8] CL Deathstroke firing Proton Battery at F Fighter B
Combat Roll: Distance 3, Chance 45%, Rolled 88
[Peer: 440931918] [Turn 8] Firing Ship: CL Deathstroke, Weapon: Proton Battery, Odds: 45%, Roll: 88, Result: MISS
[Peer: 440931918] [Turn 8] [color=red]MISS![/color]
[Peer: 440931918] [Turn 8] Firing Ship: CL Deathstroke, Weapon: Proton Battery, Odds: 45%, Roll: 88, Result: MISS
[Peer: 440931918] [Turn 8] CL Deathstroke firing Rocket Batteries at F Fighter C
[Peer: 440931918] [Turn 8] CL Deathstroke firing Rocket Batteries at F Fighter C
Combat Roll: Distance 3, Chance 40%, Rolled 87
[Peer: 440931918] [Turn 8] Firing Ship: CL Deathstroke, Weapon: Rocket Batteries, Odds: 40%, Roll: 87, Result: MISS
[Peer: 440931918] [Turn 8] [color=red]MISS![/color]
[Peer: 440931918] [Turn 8] Firing Ship: CL Deathstroke, Weapon: Rocket Batteries, Odds: 40%, Roll: 87, Result: MISS
[Peer: 440931918] [Turn 8] DD Viper firing Laser Battery at ML Z'Rak't Zoz
[Peer: 440931918] [Turn 8] DD Viper firing Laser Battery at ML Z'Rak't Zoz
Combat Roll: Distance 9, Chance 5%, Rolled 89
[Peer: 440931918] [Turn 8] Firing Ship: DD Viper, Weapon: Laser Battery, Odds: 5%, Roll: 89, Result: MISS
[Peer: 440931918] [Turn 8] [color=red]MISS![/color]
[Peer: 440931918] [Turn 8] Firing Ship: DD Viper, Weapon: Laser Battery, Odds: 5%, Roll: 89, Result: MISS
[Peer: 440931918] [Turn 8] DD Viper firing Electron Battery at ML Z'Rak't Zoz
[Peer: 440931918] [Turn 8] Firing Ship: DD Viper, Weapon: Electron Battery, Odds: 15%, Roll: 16, Result: MISS
[Peer: 440931918] [Turn 8] DD Viper firing Electron Battery at ML Z'Rak't Zoz
Combat Roll: Distance 9, Chance 15%, Rolled 16
[Peer: 440931918] [Turn 8] Firing Ship: DD Viper, Weapon: Electron Battery, Odds: 15%, Roll: 16, Result: MISS
[Peer: 440931918] [Turn 8] [color=red]MISS![/color]
[Peer: 440931918] [Turn 8] Resolution Phase Complete.
[Peer: 440931918] [Turn 8] Turn Segment Complete.
[DEBUG] start_combat_active: Side 1 firing (Active Side)
[Peer: 440931918] [Turn 8] Combat Planning: Side 1
[DEBUG] TARGET CHECK P1. Ships: 7
[DEBUG] VALID: Z'Rak't Zoz found target with Laser Battery A
[Peer: 440931918] [Turn 8] Resolving 3 attacks...
[Peer: 440931918] [Turn 8] ML Z'Rak't Zoz firing Laser Battery A at DD Viper
Combat Roll: Distance 9, Chance 5%, Rolled 42
[Peer: 440931918] [Turn 8] Firing Ship: ML Z'Rak't Zoz, Weapon: Laser Battery A, Odds: 5%, Roll: 42, Result: MISS
[Peer: 440931918] [Turn 8] [color=red]MISS![/color]
[Peer: 440931918] [Turn 8] ML Z'Rak't Zoz firing Laser Battery A at DD Viper
[Peer: 440931918] [Turn 8] Firing Ship: ML Z'Rak't Zoz, Weapon: Laser Battery A, Odds: 5%, Roll: 42, Result: MISS
[Peer: 440931918] [Turn 8] ML Z'Rak't Zoz firing Laser Battery B at DD Viper
[Peer: 440931918] [Turn 8] Firing Ship: ML Z'Rak't Zoz, Weapon: Laser Battery B, Odds: 5%, Roll: 18, Result: MISS
[Peer: 440931918] [Turn 8] ML Z'Rak't Zoz firing Laser Battery B at DD Viper
Combat Roll: Distance 9, Chance 5%, Rolled 18
[Peer: 440931918] [Turn 8] Firing Ship: ML Z'Rak't Zoz, Weapon: Laser Battery B, Odds: 5%, Roll: 18, Result: MISS
[Peer: 440931918] [Turn 8] [color=red]MISS![/color]
[Peer: 440931918] [Turn 8] FG Zz'Nakk'T firing Laser Battery at CL Deathstroke
[Peer: 440931918] [Turn 8] Firing Ship: FG Zz'Nakk'T, Weapon: Laser Battery, Odds: 15%, Roll: 93, Result: MISS
[Peer: 440931918] [Turn 8] FG Zz'Nakk'T firing Laser Battery at CL Deathstroke
Combat Roll: Distance 7, Chance 15%, Rolled 93
[Peer: 440931918] [Turn 8] Firing Ship: FG Zz'Nakk'T, Weapon: Laser Battery, Odds: 15%, Roll: 93, Result: MISS
[Peer: 440931918] [Turn 8] [color=red]MISS![/color]
[Peer: 440931918] [Turn 8] Resolution Phase Complete.
[Peer: 440931918] [Turn 8] Turn Segment Complete.
[Peer: 440931918] [Turn 8] === Turn Start: Side Sathar ===
DEBUG: Rejected Ken'zah Station Side:1 CurSide:2 Moved:false
DEBUG: Rejected Z'Rak't Zoz Side:1 CurSide:2 Moved:false
DEBUG: Rejected Shimmer Side:1 CurSide:2 Moved:false
DEBUG: Rejected Zz'Nakk'T Side:1 CurSide:2 Moved:false
DEBUG: Rejected Fighter B Side:1 CurSide:2 Moved:false
DEBUG: Rejected Fighter C Side:1 CurSide:2 Moved:false
DEBUG: Rejected Fighter F Side:1 CurSide:2 Moved:false
DEBUG: start_movement_phase. Side: 2 Available: 4
DEBUG: First available: Maelstrom ID: 2 Moved: false
DEBUG: Skip Auto-Orbit Check: Maelstrom (Class: Assault Carrier, Orbit: 0)
DEBUG: Skip Auto-Orbit Check: Carrion (Class: Heavy Cruiser, Orbit: 0)
DEBUG: Skip Auto-Orbit Check: Deathstroke (Class: Light Cruiser, Orbit: 0)
DEBUG: Skip Auto-Orbit Check: Viper (Class: Destroyer, Orbit: 0)
[DEBUG] Standard move start for Maelstrom
[Peer: 440931918] [Turn 8] [color=orange]Fire damage on Shimmer![/color]
[Peer: 440931918] [Turn 8] Fire Roll: d100+20 = 75 -> Defense Hit (PS, ES, SS, MS, ICM)
[Peer: 440931918] [Turn 8] Shimmer: Defense Hit (PS, ES, SS, MS, ICM)
[Peer: 440931918] [Turn 8] [color=red]System missing/destroyed -> FALLBACK HULL HIT[/color]
[Peer: 440931918] [Turn 8] Shimmer takes 7 Fallback Damage
[Peer: 440931918] [Turn 8] [color=yellow]AI Computer Opponent Planning Movement...[/color]
[Peer: 440931918] [Turn 8] [color=gray]AI Thinking: Evaluating Maelstrom (Unmoved left: 4)[/color]
[Peer: 440931918] [Turn 8] [color=gray]AI Thinking: Nearest target for Maelstrom is Fighter B[/color]
[Peer: 440931918] [Turn 8] [color=gray]AI Thinking: Maelstrom constraints -> Speed [4, 8], MR 1[/color]
[Peer: 440931918] [Turn 8] [color=gray]AI Thinking: Explored 55 possible paths matching speed bounds.[/color]
[Peer: 440931918] [Turn 8] [color=gray]AI Move Eval -> Ship: AC Maelstrom | Start Speed: 6 | Final Speed: 6 (ADF: 2) | MR Used: 1/1[/color]
[Peer: 440931918] [Turn 8] AI plotted movement for AC Maelstrom (Speed 6 -> 6, 6 hexes)
[Peer: 440931918] [Turn 8] Synced Orders for Maelstrom
[Peer: 440931918] [Turn 8] [color=gray]AI Thinking: Evaluating Carrion (Unmoved left: 3)[/color]
[Peer: 440931918] [Turn 8] [color=gray]AI Thinking: Nearest target for Carrion is Fighter B[/color]
[Peer: 440931918] [Turn 8] [color=gray]AI Thinking: Carrion constraints -> Speed [2, 4], MR 1[/color]
[Peer: 440931918] [Turn 8] [color=gray]AI Thinking: Explored 15 possible paths matching speed bounds.[/color]
[Peer: 440931918] [Turn 8] [color=gray]AI Move Eval -> Ship: CA Carrion | Start Speed: 3 | Final Speed: 4 (ADF: 1) | MR Used: 1/1[/color]
[Peer: 440931918] [Turn 8] AI plotted movement for CA Carrion (Speed 3 -> 4, 4 hexes)
[Peer: 440931918] [Turn 8] Synced Orders for Carrion
[Peer: 440931918] [Turn 8] [color=gray]AI Thinking: Evaluating Deathstroke (Unmoved left: 2)[/color]
[Peer: 440931918] [Turn 8] [color=gray]AI Thinking: Nearest target for Deathstroke is Fighter B[/color]
[Peer: 440931918] [Turn 8] [color=gray]AI Thinking: Deathstroke constraints -> Speed [14, 20], MR 2[/color]
[Peer: 440931918] [Turn 8] [color=gray]AI Thinking: Explored 2000 possible paths matching speed bounds.[/color]
[Peer: 440931918] [Turn 8] [color=gray]AI Move Eval -> Ship: CL Deathstroke | Start Speed: 17 | Final Speed: 14 (ADF: 3) | MR Used: 2/2[/color]
[Peer: 440931918] [Turn 8] AI plotted movement for CL Deathstroke (Speed 17 -> 14, 14 hexes)
[Peer: 440931918] [Turn 8] Synced Orders for Deathstroke
[Peer: 440931918] [Turn 8] [color=gray]AI Thinking: Evaluating Viper (Unmoved left: 1)[/color]
[Peer: 440931918] [Turn 8] [color=gray]AI Thinking: Nearest target for Viper is Z'Rak't Zoz[/color]
[Peer: 440931918] [Turn 8] [color=gray]AI Thinking: Viper constraints -> Speed [11, 17], MR 2[/color]
[Peer: 440931918] [Turn 8] [color=gray]AI Thinking: Explored 2000 possible paths matching speed bounds.[/color]
[Peer: 440931918] [Turn 8] [color=gray]AI Move Eval -> Ship: DD Viper | Start Speed: 14 | Final Speed: 14 (ADF: 3) | MR Used: 2/2[/color]
[Peer: 440931918] [Turn 8] AI plotted movement for DD Viper (Speed 14 -> 14, 14 hexes)
[Peer: 440931918] [Turn 8] Synced Orders for Viper
>>> DIAGNOSTIC: execute_all_movement running for side: 2 on peer: 440931918
[Peer: 440931918] [Turn 8] Executing Movement Phase for Side Sathar
[Peer: 440931918] [Turn 8] [color=yellow]EXECUTE LOOP: Checking Ship Maelstrom (Class: Assault Carrier, Mines: 0)[/color]
[Peer: 440931918] [Turn 8] [color=yellow]EXECUTE LOOP: Checking Ship Carrion (Class: Heavy Cruiser, Mines: 0)[/color]
[Peer: 440931918] [Turn 8] [color=yellow]EXECUTE LOOP: Checking Ship Deathstroke (Class: Light Cruiser, Mines: 0)[/color]
[Peer: 440931918] [Turn 8] [color=yellow]EXECUTE LOOP: Checking Ship Viper (Class: Destroyer, Mines: 0)[/color]
[Peer: 440931918] [Turn 8] [color=yellow]Hull Integrity Check for Viper: Roll 20 vs 46% Risk[/color]
[Peer: 440931918] [Turn 8] [color=red]CRITICAL: Viper broke apart due to structural failure during maneuvering![/color]
[Peer: 440931918] [Turn 8] Ship destroyed: Viper
>>> DIAGNOSTIC: Entering Mine Detonations. Active Mines: 17 on peer: 440931918
[Peer: 440931918] [Turn 8] [color=cyan]!!! DEBUG !!! Entering Mine Detonations. Active Mines: 17[/color]
[Peer: 440931918] [Turn 8] [color=cyan]  Mine at (-4.000000, 8.000000, -4.000000) (Side 1)[/color]
[Peer: 440931918] [Turn 8] [color=cyan]  Mine at (9.000000, -1.000000, -8.000000) (Side 1)[/color]
[Peer: 440931918] [Turn 8] [color=cyan]  Mine at (-9.000000, 0.000000, 9.000000) (Side 1)[/color]
[Peer: 440931918] [Turn 8] [color=cyan]  Mine at (-9.000000, 1.000000, 8.000000) (Side 1)[/color]
[Peer: 440931918] [Turn 8] [color=cyan]  Mine at (-8.000000, 7.000000, 1.000000) (Side 1)[/color]
[Peer: 440931918] [Turn 8] [color=cyan]  Mine at (8.000000, -9.000000, 1.000000) (Side 1)[/color]
[Peer: 440931918] [Turn 8] [color=cyan]  Mine at (6.000000, -7.000000, 1.000000) (Side 1)[/color]
[Peer: 440931918] [Turn 8] [color=cyan]  Mine at (7.000000, 0.000000, -7.000000) (Side 1)[/color]
[Peer: 440931918] [Turn 8] [color=cyan]  Mine at (-8.000000, 3.000000, 5.000000) (Side 1)[/color]
[Peer: 440931918] [Turn 8] [color=cyan]  Mine at (-7.000000, 1.000000, 6.000000) (Side 1)[/color]
[Peer: 440931918] [Turn 8] [color=cyan]  Mine at (-7.000000, 7.000000, 0.000000) (Side 1)[/color]
[Peer: 440931918] [Turn 8] [color=cyan]  Mine at (-2.000000, 9.000000, -7.000000) (Side 1)[/color]
[Peer: 440931918] [Turn 8] [color=cyan]  Mine at (0.000000, 7.000000, -7.000000) (Side 1)[/color]
[Peer: 440931918] [Turn 8] [color=cyan]  Mine at (-5.000000, 8.000000, -3.000000) (Side 1)[/color]
[Peer: 440931918] [Turn 8] [color=cyan]  Mine at (-4.000000, -3.000000, 7.000000) (Side 1)[/color]
[Peer: 440931918] [Turn 8] [color=cyan]  Mine at (6.000000, -9.000000, 3.000000) (Side 1)[/color]
[Peer: 440931918] [Turn 8] [color=cyan]  Mine at (-7.000000, 4.000000, 3.000000) (Side 1)[/color]
[Peer: 440931918] [Turn 8] [color=cyan]  Checking ship Maelstrom (Side 2) at (21.000000, -34.000000, 13.000000) with path [(25, -32, 7), (24, -32, 8), (23, -32, 9), (22, -32, 10), (21, -32, 11), (21, -33, 12), (21, -34, 13)][/color]
[Peer: 440931918] [Turn 8] [color=cyan]  Checking ship Carrion (Side 2) at (30.000000, -35.000000, 5.000000) with path [(26, -32, 6), (27, -33, 6), (28, -34, 6), (29, -35, 6), (30, -35, 5)][/color]
[Peer: 440931918] [Turn 8] [color=cyan]  Checking ship Deathstroke (Side 2) at (12.000000, -6.000000, -6.000000) with path [(4, -6, 2), (4, -5, 1), (4, -4, 0), (4, -3, -1), (4, -2, -2), (4, -1, -3), (4, 0, -4), (5, 0, -5), (6, 0, -6), (7, -1, -6), (8, -2, -6), (9, -3, -6), (10, -4, -6), (11, -5, -6), (12, -6, -6)][/color]
[Peer: 440931918] [Turn 8] Mines check complete. Hit ships size: 0
[Peer: 440931918] [Turn 8] [color=cyan]  Checking ship Maelstrom (Side 2) at (21.000000, -34.000000, 13.000000) with path [(25, -32, 7), (24, -32, 8), (23, -32, 9), (22, -32, 10), (21, -32, 11), (21, -33, 12), (21, -34, 13)][/color]
[Peer: 440931918] [Turn 8] [color=cyan]  Checking ship Carrion (Side 2) at (30.000000, -35.000000, 5.000000) with path [(26, -32, 6), (27, -33, 6), (28, -34, 6), (29, -35, 6), (30, -35, 5)][/color]
[Peer: 440931918] [Turn 8] [color=cyan]  Checking ship Deathstroke (Side 2) at (12.000000, -6.000000, -6.000000) with path [(4, -6, 2), (4, -5, 1), (4, -4, 0), (4, -3, -1), (4, -2, -2), (4, -1, -3), (4, 0, -4), (5, 0, -5), (6, 0, -6), (7, -1, -6), (8, -2, -6), (9, -3, -6), (10, -4, -6), (11, -5, -6), (12, -6, -6)][/color]
[Peer: 440931918] [Turn 8] Mines check complete. Hit ships size: 0
[Peer: 440931918] [Turn 8] [color=cyan]  Checking ship Maelstrom (Side 2) at (21.000000, -34.000000, 13.000000) with path [(25, -32, 7), (24, -32, 8), (23, -32, 9), (22, -32, 10), (21, -32, 11), (21, -33, 12), (21, -34, 13)][/color]
[Peer: 440931918] [Turn 8] [color=cyan]  Checking ship Carrion (Side 2) at (30.000000, -35.000000, 5.000000) with path [(26, -32, 6), (27, -33, 6), (28, -34, 6), (29, -35, 6), (30, -35, 5)][/color]
[Peer: 440931918] [Turn 8] [color=cyan]  Checking ship Deathstroke (Side 2) at (12.000000, -6.000000, -6.000000) with path [(4, -6, 2), (4, -5, 1), (4, -4, 0), (4, -3, -1), (4, -2, -2), (4, -1, -3), (4, 0, -4), (5, 0, -5), (6, 0, -6), (7, -1, -6), (8, -2, -6), (9, -3, -6), (10, -4, -6), (11, -5, -6), (12, -6, -6)][/color]
[Peer: 440931918] [Turn 8] Mines check complete. Hit ships size: 0
[Peer: 440931918] [Turn 8] [color=cyan]  Checking ship Maelstrom (Side 2) at (21.000000, -34.000000, 13.000000) with path [(25, -32, 7), (24, -32, 8), (23, -32, 9), (22, -32, 10), (21, -32, 11), (21, -33, 12), (21, -34, 13)][/color]
[Peer: 440931918] [Turn 8] [color=cyan]  Checking ship Carrion (Side 2) at (30.000000, -35.000000, 5.000000) with path [(26, -32, 6), (27, -33, 6), (28, -34, 6), (29, -35, 6), (30, -35, 5)][/color]
[Peer: 440931918] [Turn 8] [color=cyan]  Checking ship Deathstroke (Side 2) at (12.000000, -6.000000, -6.000000) with path [(4, -6, 2), (4, -5, 1), (4, -4, 0), (4, -3, -1), (4, -2, -2), (4, -1, -3), (4, 0, -4), (5, 0, -5), (6, 0, -6), (7, -1, -6), (8, -2, -6), (9, -3, -6), (10, -4, -6), (11, -5, -6), (12, -6, -6)][/color]
[Peer: 440931918] [Turn 8] Mines check complete. Hit ships size: 0
[Peer: 440931918] [Turn 8] [color=cyan]  Checking ship Maelstrom (Side 2) at (21.000000, -34.000000, 13.000000) with path [(25, -32, 7), (24, -32, 8), (23, -32, 9), (22, -32, 10), (21, -32, 11), (21, -33, 12), (21, -34, 13)][/color]
[Peer: 440931918] [Turn 8] [color=cyan]  Checking ship Carrion (Side 2) at (30.000000, -35.000000, 5.000000) with path [(26, -32, 6), (27, -33, 6), (28, -34, 6), (29, -35, 6), (30, -35, 5)][/color]
[Peer: 440931918] [Turn 8] [color=cyan]  Checking ship Deathstroke (Side 2) at (12.000000, -6.000000, -6.000000) with path [(4, -6, 2), (4, -5, 1), (4, -4, 0), (4, -3, -1), (4, -2, -2), (4, -1, -3), (4, 0, -4), (5, 0, -5), (6, 0, -6), (7, -1, -6), (8, -2, -6), (9, -3, -6), (10, -4, -6), (11, -5, -6), (12, -6, -6)][/color]
[Peer: 440931918] [Turn 8] Mines check complete. Hit ships size: 0
[Peer: 440931918] [Turn 8] [color=cyan]  Checking ship Maelstrom (Side 2) at (21.000000, -34.000000, 13.000000) with path [(25, -32, 7), (24, -32, 8), (23, -32, 9), (22, -32, 10), (21, -32, 11), (21, -33, 12), (21, -34, 13)][/color]
[Peer: 440931918] [Turn 8] [color=cyan]  Checking ship Carrion (Side 2) at (30.000000, -35.000000, 5.000000) with path [(26, -32, 6), (27, -33, 6), (28, -34, 6), (29, -35, 6), (30, -35, 5)][/color]
[Peer: 440931918] [Turn 8] [color=cyan]  Checking ship Deathstroke (Side 2) at (12.000000, -6.000000, -6.000000) with path [(4, -6, 2), (4, -5, 1), (4, -4, 0), (4, -3, -1), (4, -2, -2), (4, -1, -3), (4, 0, -4), (5, 0, -5), (6, 0, -6), (7, -1, -6), (8, -2, -6), (9, -3, -6), (10, -4, -6), (11, -5, -6), (12, -6, -6)][/color]
[Peer: 440931918] [Turn 8] Mines check complete. Hit ships size: 0
[Peer: 440931918] [Turn 8] [color=cyan]  Checking ship Maelstrom (Side 2) at (21.000000, -34.000000, 13.000000) with path [(25, -32, 7), (24, -32, 8), (23, -32, 9), (22, -32, 10), (21, -32, 11), (21, -33, 12), (21, -34, 13)][/color]
[Peer: 440931918] [Turn 8] [color=cyan]  Checking ship Carrion (Side 2) at (30.000000, -35.000000, 5.000000) with path [(26, -32, 6), (27, -33, 6), (28, -34, 6), (29, -35, 6), (30, -35, 5)][/color]
[Peer: 440931918] [Turn 8] [color=cyan]  Checking ship Deathstroke (Side 2) at (12.000000, -6.000000, -6.000000) with path [(4, -6, 2), (4, -5, 1), (4, -4, 0), (4, -3, -1), (4, -2, -2), (4, -1, -3), (4, 0, -4), (5, 0, -5), (6, 0, -6), (7, -1, -6), (8, -2, -6), (9, -3, -6), (10, -4, -6), (11, -5, -6), (12, -6, -6)][/color]
[Peer: 440931918] [Turn 8] Mines check complete. Hit ships size: 0
[Peer: 440931918] [Turn 8] [color=cyan]  Checking ship Maelstrom (Side 2) at (21.000000, -34.000000, 13.000000) with path [(25, -32, 7), (24, -32, 8), (23, -32, 9), (22, -32, 10), (21, -32, 11), (21, -33, 12), (21, -34, 13)][/color]
[Peer: 440931918] [Turn 8] [color=cyan]  Checking ship Carrion (Side 2) at (30.000000, -35.000000, 5.000000) with path [(26, -32, 6), (27, -33, 6), (28, -34, 6), (29, -35, 6), (30, -35, 5)][/color]
[Peer: 440931918] [Turn 8] [color=cyan]  Checking ship Deathstroke (Side 2) at (12.000000, -6.000000, -6.000000) with path [(4, -6, 2), (4, -5, 1), (4, -4, 0), (4, -3, -1), (4, -2, -2), (4, -1, -3), (4, 0, -4), (5, 0, -5), (6, 0, -6), (7, -1, -6), (8, -2, -6), (9, -3, -6), (10, -4, -6), (11, -5, -6), (12, -6, -6)][/color]
[Peer: 440931918] [Turn 8] Mines check complete. Hit ships size: 0
[Peer: 440931918] [Turn 8] [color=cyan]  Checking ship Maelstrom (Side 2) at (21.000000, -34.000000, 13.000000) with path [(25, -32, 7), (24, -32, 8), (23, -32, 9), (22, -32, 10), (21, -32, 11), (21, -33, 12), (21, -34, 13)][/color]
[Peer: 440931918] [Turn 8] [color=cyan]  Checking ship Carrion (Side 2) at (30.000000, -35.000000, 5.000000) with path [(26, -32, 6), (27, -33, 6), (28, -34, 6), (29, -35, 6), (30, -35, 5)][/color]
[Peer: 440931918] [Turn 8] [color=cyan]  Checking ship Deathstroke (Side 2) at (12.000000, -6.000000, -6.000000) with path [(4, -6, 2), (4, -5, 1), (4, -4, 0), (4, -3, -1), (4, -2, -2), (4, -1, -3), (4, 0, -4), (5, 0, -5), (6, 0, -6), (7, -1, -6), (8, -2, -6), (9, -3, -6), (10, -4, -6), (11, -5, -6), (12, -6, -6)][/color]
[Peer: 440931918] [Turn 8] Mines check complete. Hit ships size: 0
[Peer: 440931918] [Turn 8] [color=cyan]  Checking ship Maelstrom (Side 2) at (21.000000, -34.000000, 13.000000) with path [(25, -32, 7), (24, -32, 8), (23, -32, 9), (22, -32, 10), (21, -32, 11), (21, -33, 12), (21, -34, 13)][/color]
[Peer: 440931918] [Turn 8] [color=cyan]  Checking ship Carrion (Side 2) at (30.000000, -35.000000, 5.000000) with path [(26, -32, 6), (27, -33, 6), (28, -34, 6), (29, -35, 6), (30, -35, 5)][/color]
[Peer: 440931918] [Turn 8] [color=cyan]  Checking ship Deathstroke (Side 2) at (12.000000, -6.000000, -6.000000) with path [(4, -6, 2), (4, -5, 1), (4, -4, 0), (4, -3, -1), (4, -2, -2), (4, -1, -3), (4, 0, -4), (5, 0, -5), (6, 0, -6), (7, -1, -6), (8, -2, -6), (9, -3, -6), (10, -4, -6), (11, -5, -6), (12, -6, -6)][/color]
[Peer: 440931918] [Turn 8] Mines check complete. Hit ships size: 0
[Peer: 440931918] [Turn 8] [color=cyan]  Checking ship Maelstrom (Side 2) at (21.000000, -34.000000, 13.000000) with path [(25, -32, 7), (24, -32, 8), (23, -32, 9), (22, -32, 10), (21, -32, 11), (21, -33, 12), (21, -34, 13)][/color]
[Peer: 440931918] [Turn 8] [color=cyan]  Checking ship Carrion (Side 2) at (30.000000, -35.000000, 5.000000) with path [(26, -32, 6), (27, -33, 6), (28, -34, 6), (29, -35, 6), (30, -35, 5)][/color]
[Peer: 440931918] [Turn 8] [color=cyan]  Checking ship Deathstroke (Side 2) at (12.000000, -6.000000, -6.000000) with path [(4, -6, 2), (4, -5, 1), (4, -4, 0), (4, -3, -1), (4, -2, -2), (4, -1, -3), (4, 0, -4), (5, 0, -5), (6, 0, -6), (7, -1, -6), (8, -2, -6), (9, -3, -6), (10, -4, -6), (11, -5, -6), (12, -6, -6)][/color]
[Peer: 440931918] [Turn 8] Mines check complete. Hit ships size: 0
[Peer: 440931918] [Turn 8] [color=cyan]  Checking ship Maelstrom (Side 2) at (21.000000, -34.000000, 13.000000) with path [(25, -32, 7), (24, -32, 8), (23, -32, 9), (22, -32, 10), (21, -32, 11), (21, -33, 12), (21, -34, 13)][/color]
[Peer: 440931918] [Turn 8] [color=cyan]  Checking ship Carrion (Side 2) at (30.000000, -35.000000, 5.000000) with path [(26, -32, 6), (27, -33, 6), (28, -34, 6), (29, -35, 6), (30, -35, 5)][/color]
[Peer: 440931918] [Turn 8] [color=cyan]  Checking ship Deathstroke (Side 2) at (12.000000, -6.000000, -6.000000) with path [(4, -6, 2), (4, -5, 1), (4, -4, 0), (4, -3, -1), (4, -2, -2), (4, -1, -3), (4, 0, -4), (5, 0, -5), (6, 0, -6), (7, -1, -6), (8, -2, -6), (9, -3, -6), (10, -4, -6), (11, -5, -6), (12, -6, -6)][/color]
[Peer: 440931918] [Turn 8] Mines check complete. Hit ships size: 0
[Peer: 440931918] [Turn 8] [color=cyan]  Checking ship Maelstrom (Side 2) at (21.000000, -34.000000, 13.000000) with path [(25, -32, 7), (24, -32, 8), (23, -32, 9), (22, -32, 10), (21, -32, 11), (21, -33, 12), (21, -34, 13)][/color]
[Peer: 440931918] [Turn 8] [color=cyan]  Checking ship Carrion (Side 2) at (30.000000, -35.000000, 5.000000) with path [(26, -32, 6), (27, -33, 6), (28, -34, 6), (29, -35, 6), (30, -35, 5)][/color]
[Peer: 440931918] [Turn 8] [color=cyan]  Checking ship Deathstroke (Side 2) at (12.000000, -6.000000, -6.000000) with path [(4, -6, 2), (4, -5, 1), (4, -4, 0), (4, -3, -1), (4, -2, -2), (4, -1, -3), (4, 0, -4), (5, 0, -5), (6, 0, -6), (7, -1, -6), (8, -2, -6), (9, -3, -6), (10, -4, -6), (11, -5, -6), (12, -6, -6)][/color]
[Peer: 440931918] [Turn 8] Mines check complete. Hit ships size: 0
[Peer: 440931918] [Turn 8] [color=cyan]  Checking ship Maelstrom (Side 2) at (21.000000, -34.000000, 13.000000) with path [(25, -32, 7), (24, -32, 8), (23, -32, 9), (22, -32, 10), (21, -32, 11), (21, -33, 12), (21, -34, 13)][/color]
[Peer: 440931918] [Turn 8] [color=cyan]  Checking ship Carrion (Side 2) at (30.000000, -35.000000, 5.000000) with path [(26, -32, 6), (27, -33, 6), (28, -34, 6), (29, -35, 6), (30, -35, 5)][/color]
[Peer: 440931918] [Turn 8] [color=cyan]  Checking ship Deathstroke (Side 2) at (12.000000, -6.000000, -6.000000) with path [(4, -6, 2), (4, -5, 1), (4, -4, 0), (4, -3, -1), (4, -2, -2), (4, -1, -3), (4, 0, -4), (5, 0, -5), (6, 0, -6), (7, -1, -6), (8, -2, -6), (9, -3, -6), (10, -4, -6), (11, -5, -6), (12, -6, -6)][/color]
[Peer: 440931918] [Turn 8] Mines check complete. Hit ships size: 0
[Peer: 440931918] [Turn 8] [color=cyan]  Checking ship Maelstrom (Side 2) at (21.000000, -34.000000, 13.000000) with path [(25, -32, 7), (24, -32, 8), (23, -32, 9), (22, -32, 10), (21, -32, 11), (21, -33, 12), (21, -34, 13)][/color]
[Peer: 440931918] [Turn 8] [color=cyan]  Checking ship Carrion (Side 2) at (30.000000, -35.000000, 5.000000) with path [(26, -32, 6), (27, -33, 6), (28, -34, 6), (29, -35, 6), (30, -35, 5)][/color]
[Peer: 440931918] [Turn 8] [color=cyan]  Checking ship Deathstroke (Side 2) at (12.000000, -6.000000, -6.000000) with path [(4, -6, 2), (4, -5, 1), (4, -4, 0), (4, -3, -1), (4, -2, -2), (4, -1, -3), (4, 0, -4), (5, 0, -5), (6, 0, -6), (7, -1, -6), (8, -2, -6), (9, -3, -6), (10, -4, -6), (11, -5, -6), (12, -6, -6)][/color]
[Peer: 440931918] [Turn 8] Mines check complete. Hit ships size: 0
[Peer: 440931918] [Turn 8] [color=cyan]  Checking ship Maelstrom (Side 2) at (21.000000, -34.000000, 13.000000) with path [(25, -32, 7), (24, -32, 8), (23, -32, 9), (22, -32, 10), (21, -32, 11), (21, -33, 12), (21, -34, 13)][/color]
[Peer: 440931918] [Turn 8] [color=cyan]  Checking ship Carrion (Side 2) at (30.000000, -35.000000, 5.000000) with path [(26, -32, 6), (27, -33, 6), (28, -34, 6), (29, -35, 6), (30, -35, 5)][/color]
[Peer: 440931918] [Turn 8] [color=cyan]  Checking ship Deathstroke (Side 2) at (12.000000, -6.000000, -6.000000) with path [(4, -6, 2), (4, -5, 1), (4, -4, 0), (4, -3, -1), (4, -2, -2), (4, -1, -3), (4, 0, -4), (5, 0, -5), (6, 0, -6), (7, -1, -6), (8, -2, -6), (9, -3, -6), (10, -4, -6), (11, -5, -6), (12, -6, -6)][/color]
[Peer: 440931918] [Turn 8] Mines check complete. Hit ships size: 0
[Peer: 440931918] [Turn 8] [color=cyan]  Checking ship Maelstrom (Side 2) at (21.000000, -34.000000, 13.000000) with path [(25, -32, 7), (24, -32, 8), (23, -32, 9), (22, -32, 10), (21, -32, 11), (21, -33, 12), (21, -34, 13)][/color]
[Peer: 440931918] [Turn 8] [color=cyan]  Checking ship Carrion (Side 2) at (30.000000, -35.000000, 5.000000) with path [(26, -32, 6), (27, -33, 6), (28, -34, 6), (29, -35, 6), (30, -35, 5)][/color]
[Peer: 440931918] [Turn 8] [color=cyan]  Checking ship Deathstroke (Side 2) at (12.000000, -6.000000, -6.000000) with path [(4, -6, 2), (4, -5, 1), (4, -4, 0), (4, -3, -1), (4, -2, -2), (4, -1, -3), (4, 0, -4), (5, 0, -5), (6, 0, -6), (7, -1, -6), (8, -2, -6), (9, -3, -6), (10, -4, -6), (11, -5, -6), (12, -6, -6)][/color]
[Peer: 440931918] [Turn 8] Mines check complete. Hit ships size: 0
[Peer: 440931918] [Turn 8] [color=cyan]!!! DEBUG !!! Entering Seeker Movement. Active Seekers: 4[/color]
[Peer: 440931918] [Turn 8] Movement Phase Complete for Side 2. Starting Combat.
[DEBUG] start_combat_passive: Side 1 firing (Opponent of Moving Side 2)
[Peer: 440931918] [Turn 8] Combat Planning: Side 1
[DEBUG] TARGET CHECK P1. Ships: 7
[DEBUG] Weapon Laser Canon N/A for Shimmer (Phase 3, Fired false)
[DEBUG] Weapon Torpedoes N/A for Shimmer (Phase 3, Fired false)
[DEBUG] Weapon Torpedoes N/A for Zz'Nakk'T (Phase 3, Fired false)
[DEBUG] Weapon Assault Rockets N/A for Fighter B (Phase 3, Fired false)
[DEBUG] Weapon Assault Rockets N/A for Fighter C (Phase 3, Fired false)
[DEBUG] Weapon Assault Rockets N/A for Fighter F (Phase 3, Fired false)
[DEBUG] NO TARGETS FOUND for P1
[Peer: 440931918] [Turn 8] No valid targets for Side 1. Skipping...
[Peer: 440931918] [Turn 8] Resolving 0 attacks...
[Peer: 440931918] [Turn 8] Resolution Phase Complete.
[Peer: 440931918] [Turn 8] Turn Segment Complete.
[DEBUG] start_combat_active: Side 2 firing (Active Side)
[Peer: 440931918] [Turn 8] Combat Planning: Side 2
[DEBUG] TARGET CHECK P2. Ships: 3
[DEBUG] VALID: Deathstroke found target with Laser Battery
[Peer: 440931918] [Turn 8] AI Planning: CL Deathstroke -> F Fighter B with Laser Battery (Utility: 5.71)
[Peer: 440931918] [Turn 8] AI Planning: CL Deathstroke -> F Fighter B with Electron Battery (Utility: 5.66)
[Peer: 440931918] [Turn 8] AI Planning: CL Deathstroke -> F Fighter B with Proton Battery (Utility: 3.54)
[Peer: 440931918] [Turn 8] Resolving 3 attacks...
[Peer: 440931918] [Turn 8] CL Deathstroke firing Laser Battery at F Fighter B
Combat Roll: Distance 6, Chance 20%, Rolled 48
[Peer: 440931918] [Turn 8] Firing Ship: CL Deathstroke, Weapon: Laser Battery, Odds: 20%, Roll: 48, Result: MISS
[Peer: 440931918] [Turn 8] [color=red]MISS![/color]
[Peer: 440931918] [Turn 8] CL Deathstroke firing Laser Battery at F Fighter B
[Peer: 440931918] [Turn 8] Firing Ship: CL Deathstroke, Weapon: Laser Battery, Odds: 20%, Roll: 48, Result: MISS
[Peer: 440931918] [Turn 8] CL Deathstroke firing Electron Battery at F Fighter B
Combat Roll: Distance 6, Chance 30%, Rolled 33
[Peer: 440931918] [Turn 8] Firing Ship: CL Deathstroke, Weapon: Electron Battery, Odds: 30%, Roll: 33, Result: MISS
[Peer: 440931918] [Turn 8] [color=red]MISS![/color]
[Peer: 440931918] [Turn 8] CL Deathstroke firing Electron Battery at F Fighter B
[Peer: 440931918] [Turn 8] Firing Ship: CL Deathstroke, Weapon: Electron Battery, Odds: 30%, Roll: 33, Result: MISS
[Peer: 440931918] [Turn 8] CL Deathstroke firing Proton Battery at F Fighter B
[Peer: 440931918] [Turn 8] Firing Ship: CL Deathstroke, Weapon: Proton Battery, Odds: 30%, Roll: 44, Result: MISS
[Peer: 440931918] [Turn 8] CL Deathstroke firing Proton Battery at F Fighter B
Combat Roll: Distance 6, Chance 30%, Rolled 44
[Peer: 440931918] [Turn 8] Firing Ship: CL Deathstroke, Weapon: Proton Battery, Odds: 30%, Roll: 44, Result: MISS
[Peer: 440931918] [Turn 8] [color=red]MISS![/color]
[Peer: 440931918] [Turn 8] Resolution Phase Complete.
[Peer: 440931918] [Turn 8] Turn Segment Complete.
[Peer: 440931918] [Turn 9] Round Complete. Starting New Round.
[Peer: 440931918] [Turn 9] === Turn Start: Side UPF ===
DEBUG: Rejected Maelstrom Side:2 CurSide:1 Moved:false
DEBUG: Rejected Carrion Side:2 CurSide:1 Moved:false
DEBUG: Rejected Deathstroke Side:2 CurSide:1 Moved:false
DEBUG: start_movement_phase. Side: 1 Available: 7
DEBUG: First available: Ken'zah Station ID: 1 Moved: false
DEBUG: Auto-Orbit Candidate Found: Ken'zah Station (Class: Space Station, Orbit: 1)
[Peer: 440931918] [Turn 9] Synced Orders for Ken'zah Station
[Peer: 440931918] [Turn 9] [color=orange]Fire damage on Shimmer![/color]
[Peer: 440931918] [Turn 9] Fire Roll: d100+20 = 102 -> ELECTRICAL FIRE! (+20 Dmg/Turn)
[Peer: 440931918] [Turn 9] Shimmer: ELECTRICAL FIRE! (+20 Dmg/Turn)
[Peer: 440931918] [Turn 9] [color=red]System missing/destroyed -> FALLBACK HULL HIT[/color]
[Peer: 440931918] [Turn 9] Shimmer takes 5 Fallback Damage
[Peer: 440931918] [Turn 9] Synced Orders for Z'Rak't Zoz
[Peer: 440931918] [Turn 9] Synced Orders for Shimmer
[Peer: 440931918] [Turn 9] Synced Orders for Zz'Nakk'T
[Peer: 440931918] [Turn 9] Synced Orders for Fighter B
[Peer: 440931918] [Turn 9] Synced Orders for Fighter C
[Peer: 440931918] [Turn 9] Synced Orders for Fighter F
>>> DIAGNOSTIC: execute_all_movement running for side: 1 on peer: 440931918
[Peer: 440931918] [Turn 9] Executing Movement Phase for Side UPF
[Peer: 440931918] [Turn 9] [color=yellow]EXECUTE LOOP: Checking Ship Ken'zah Station (Class: Space Station, Mines: 0)[/color]
[Peer: 440931918] [Turn 9] [color=yellow]EXECUTE LOOP: Checking Ship Z'Rak't Zoz (Class: Minelayer, Mines: 0)[/color]
[Peer: 440931918] [Turn 9] [color=yellow]EXECUTE LOOP: Checking Ship Shimmer (Class: Frigate, Mines: 0)[/color]
[Peer: 440931918] [Turn 9] [color=yellow]EXECUTE LOOP: Checking Ship Zz'Nakk'T (Class: Frigate, Mines: 0)[/color]
[Peer: 440931918] [Turn 9] [color=yellow]EXECUTE LOOP: Checking Ship Fighter B (Class: Fighter, Mines: 0)[/color]
[Peer: 440931918] [Turn 9] [color=yellow]EXECUTE LOOP: Checking Ship Fighter C (Class: Fighter, Mines: 0)[/color]
[Peer: 440931918] [Turn 9] [color=yellow]Hull Integrity Check for Fighter C: Roll 8 vs 9% Risk[/color]
[Peer: 440931918] [Turn 9] [color=red]CRITICAL: Fighter C broke apart due to structural failure during maneuvering![/color]
[Peer: 440931918] [Turn 9] Ship destroyed: Fighter C
>>> DIAGNOSTIC: Entering Mine Detonations. Active Mines: 17 on peer: 440931918
[Peer: 440931918] [Turn 9] [color=cyan]!!! DEBUG !!! Entering Mine Detonations. Active Mines: 17[/color]
[Peer: 440931918] [Turn 9] [color=cyan]  Mine at (-4.000000, 8.000000, -4.000000) (Side 1)[/color]
[Peer: 440931918] [Turn 9] [color=cyan]  Mine at (9.000000, -1.000000, -8.000000) (Side 1)[/color]
[Peer: 440931918] [Turn 9] [color=cyan]  Mine at (-9.000000, 0.000000, 9.000000) (Side 1)[/color]
[Peer: 440931918] [Turn 9] [color=cyan]  Mine at (-9.000000, 1.000000, 8.000000) (Side 1)[/color]
[Peer: 440931918] [Turn 9] [color=cyan]  Mine at (-8.000000, 7.000000, 1.000000) (Side 1)[/color]
[Peer: 440931918] [Turn 9] [color=cyan]  Mine at (8.000000, -9.000000, 1.000000) (Side 1)[/color]
[Peer: 440931918] [Turn 9] [color=cyan]  Mine at (6.000000, -7.000000, 1.000000) (Side 1)[/color]
[Peer: 440931918] [Turn 9] [color=cyan]  Mine at (7.000000, 0.000000, -7.000000) (Side 1)[/color]
[Peer: 440931918] [Turn 9] [color=cyan]  Mine at (-8.000000, 3.000000, 5.000000) (Side 1)[/color]
[Peer: 440931918] [Turn 9] [color=cyan]  Mine at (-7.000000, 1.000000, 6.000000) (Side 1)[/color]
[Peer: 440931918] [Turn 9] [color=cyan]  Mine at (-7.000000, 7.000000, 0.000000) (Side 1)[/color]
[Peer: 440931918] [Turn 9] [color=cyan]  Mine at (-2.000000, 9.000000, -7.000000) (Side 1)[/color]
[Peer: 440931918] [Turn 9] [color=cyan]  Mine at (0.000000, 7.000000, -7.000000) (Side 1)[/color]
[Peer: 440931918] [Turn 9] [color=cyan]  Mine at (-5.000000, 8.000000, -3.000000) (Side 1)[/color]
[Peer: 440931918] [Turn 9] [color=cyan]  Mine at (-4.000000, -3.000000, 7.000000) (Side 1)[/color]
[Peer: 440931918] [Turn 9] [color=cyan]  Mine at (6.000000, -9.000000, 3.000000) (Side 1)[/color]
[Peer: 440931918] [Turn 9] [color=cyan]  Mine at (-7.000000, 4.000000, 3.000000) (Side 1)[/color]
[Peer: 440931918] [Turn 9] [color=cyan]  Checking ship Maelstrom (Side 2) at (21.000000, -34.000000, 13.000000) with path [(25, -32, 7), (24, -32, 8), (23, -32, 9), (22, -32, 10), (21, -32, 11), (21, -33, 12), (21, -34, 13)][/color]
[Peer: 440931918] [Turn 9] [color=cyan]  Checking ship Carrion (Side 2) at (30.000000, -35.000000, 5.000000) with path [(26, -32, 6), (27, -33, 6), (28, -34, 6), (29, -35, 6), (30, -35, 5)][/color]
[Peer: 440931918] [Turn 9] [color=cyan]  Checking ship Deathstroke (Side 2) at (12.000000, -6.000000, -6.000000) with path [(4, -6, 2), (4, -5, 1), (4, -4, 0), (4, -3, -1), (4, -2, -2), (4, -1, -3), (4, 0, -4), (5, 0, -5), (6, 0, -6), (7, -1, -6), (8, -2, -6), (9, -3, -6), (10, -4, -6), (11, -5, -6), (12, -6, -6)][/color]
[Peer: 440931918] [Turn 9] Mines check complete. Hit ships size: 0
[Peer: 440931918] [Turn 9] [color=cyan]  Checking ship Maelstrom (Side 2) at (21.000000, -34.000000, 13.000000) with path [(25, -32, 7), (24, -32, 8), (23, -32, 9), (22, -32, 10), (21, -32, 11), (21, -33, 12), (21, -34, 13)][/color]
[Peer: 440931918] [Turn 9] [color=cyan]  Checking ship Carrion (Side 2) at (30.000000, -35.000000, 5.000000) with path [(26, -32, 6), (27, -33, 6), (28, -34, 6), (29, -35, 6), (30, -35, 5)][/color]
[Peer: 440931918] [Turn 9] [color=cyan]  Checking ship Deathstroke (Side 2) at (12.000000, -6.000000, -6.000000) with path [(4, -6, 2), (4, -5, 1), (4, -4, 0), (4, -3, -1), (4, -2, -2), (4, -1, -3), (4, 0, -4), (5, 0, -5), (6, 0, -6), (7, -1, -6), (8, -2, -6), (9, -3, -6), (10, -4, -6), (11, -5, -6), (12, -6, -6)][/color]
[Peer: 440931918] [Turn 9] Mines check complete. Hit ships size: 0
[Peer: 440931918] [Turn 9] [color=cyan]  Checking ship Maelstrom (Side 2) at (21.000000, -34.000000, 13.000000) with path [(25, -32, 7), (24, -32, 8), (23, -32, 9), (22, -32, 10), (21, -32, 11), (21, -33, 12), (21, -34, 13)][/color]
[Peer: 440931918] [Turn 9] [color=cyan]  Checking ship Carrion (Side 2) at (30.000000, -35.000000, 5.000000) with path [(26, -32, 6), (27, -33, 6), (28, -34, 6), (29, -35, 6), (30, -35, 5)][/color]
[Peer: 440931918] [Turn 9] [color=cyan]  Checking ship Deathstroke (Side 2) at (12.000000, -6.000000, -6.000000) with path [(4, -6, 2), (4, -5, 1), (4, -4, 0), (4, -3, -1), (4, -2, -2), (4, -1, -3), (4, 0, -4), (5, 0, -5), (6, 0, -6), (7, -1, -6), (8, -2, -6), (9, -3, -6), (10, -4, -6), (11, -5, -6), (12, -6, -6)][/color]
[Peer: 440931918] [Turn 9] Mines check complete. Hit ships size: 0
[Peer: 440931918] [Turn 9] [color=cyan]  Checking ship Maelstrom (Side 2) at (21.000000, -34.000000, 13.000000) with path [(25, -32, 7), (24, -32, 8), (23, -32, 9), (22, -32, 10), (21, -32, 11), (21, -33, 12), (21, -34, 13)][/color]
[Peer: 440931918] [Turn 9] [color=cyan]  Checking ship Carrion (Side 2) at (30.000000, -35.000000, 5.000000) with path [(26, -32, 6), (27, -33, 6), (28, -34, 6), (29, -35, 6), (30, -35, 5)][/color]
[Peer: 440931918] [Turn 9] [color=cyan]  Checking ship Deathstroke (Side 2) at (12.000000, -6.000000, -6.000000) with path [(4, -6, 2), (4, -5, 1), (4, -4, 0), (4, -3, -1), (4, -2, -2), (4, -1, -3), (4, 0, -4), (5, 0, -5), (6, 0, -6), (7, -1, -6), (8, -2, -6), (9, -3, -6), (10, -4, -6), (11, -5, -6), (12, -6, -6)][/color]
[Peer: 440931918] [Turn 9] Mines check complete. Hit ships size: 0
[Peer: 440931918] [Turn 9] [color=cyan]  Checking ship Maelstrom (Side 2) at (21.000000, -34.000000, 13.000000) with path [(25, -32, 7), (24, -32, 8), (23, -32, 9), (22, -32, 10), (21, -32, 11), (21, -33, 12), (21, -34, 13)][/color]
[Peer: 440931918] [Turn 9] [color=cyan]  Checking ship Carrion (Side 2) at (30.000000, -35.000000, 5.000000) with path [(26, -32, 6), (27, -33, 6), (28, -34, 6), (29, -35, 6), (30, -35, 5)][/color]
[Peer: 440931918] [Turn 9] [color=cyan]  Checking ship Deathstroke (Side 2) at (12.000000, -6.000000, -6.000000) with path [(4, -6, 2), (4, -5, 1), (4, -4, 0), (4, -3, -1), (4, -2, -2), (4, -1, -3), (4, 0, -4), (5, 0, -5), (6, 0, -6), (7, -1, -6), (8, -2, -6), (9, -3, -6), (10, -4, -6), (11, -5, -6), (12, -6, -6)][/color]
[Peer: 440931918] [Turn 9] Mines check complete. Hit ships size: 0
[Peer: 440931918] [Turn 9] [color=cyan]  Checking ship Maelstrom (Side 2) at (21.000000, -34.000000, 13.000000) with path [(25, -32, 7), (24, -32, 8), (23, -32, 9), (22, -32, 10), (21, -32, 11), (21, -33, 12), (21, -34, 13)][/color]
[Peer: 440931918] [Turn 9] [color=cyan]  Checking ship Carrion (Side 2) at (30.000000, -35.000000, 5.000000) with path [(26, -32, 6), (27, -33, 6), (28, -34, 6), (29, -35, 6), (30, -35, 5)][/color]
[Peer: 440931918] [Turn 9] [color=cyan]  Checking ship Deathstroke (Side 2) at (12.000000, -6.000000, -6.000000) with path [(4, -6, 2), (4, -5, 1), (4, -4, 0), (4, -3, -1), (4, -2, -2), (4, -1, -3), (4, 0, -4), (5, 0, -5), (6, 0, -6), (7, -1, -6), (8, -2, -6), (9, -3, -6), (10, -4, -6), (11, -5, -6), (12, -6, -6)][/color]
[Peer: 440931918] [Turn 9] Mines check complete. Hit ships size: 0
[Peer: 440931918] [Turn 9] [color=cyan]  Checking ship Maelstrom (Side 2) at (21.000000, -34.000000, 13.000000) with path [(25, -32, 7), (24, -32, 8), (23, -32, 9), (22, -32, 10), (21, -32, 11), (21, -33, 12), (21, -34, 13)][/color]
[Peer: 440931918] [Turn 9] [color=cyan]  Checking ship Carrion (Side 2) at (30.000000, -35.000000, 5.000000) with path [(26, -32, 6), (27, -33, 6), (28, -34, 6), (29, -35, 6), (30, -35, 5)][/color]
[Peer: 440931918] [Turn 9] [color=cyan]  Checking ship Deathstroke (Side 2) at (12.000000, -6.000000, -6.000000) with path [(4, -6, 2), (4, -5, 1), (4, -4, 0), (4, -3, -1), (4, -2, -2), (4, -1, -3), (4, 0, -4), (5, 0, -5), (6, 0, -6), (7, -1, -6), (8, -2, -6), (9, -3, -6), (10, -4, -6), (11, -5, -6), (12, -6, -6)][/color]
[Peer: 440931918] [Turn 9] Mines check complete. Hit ships size: 0
[Peer: 440931918] [Turn 9] [color=cyan]  Checking ship Maelstrom (Side 2) at (21.000000, -34.000000, 13.000000) with path [(25, -32, 7), (24, -32, 8), (23, -32, 9), (22, -32, 10), (21, -32, 11), (21, -33, 12), (21, -34, 13)][/color]
[Peer: 440931918] [Turn 9] [color=cyan]  Checking ship Carrion (Side 2) at (30.000000, -35.000000, 5.000000) with path [(26, -32, 6), (27, -33, 6), (28, -34, 6), (29, -35, 6), (30, -35, 5)][/color]
[Peer: 440931918] [Turn 9] [color=cyan]  Checking ship Deathstroke (Side 2) at (12.000000, -6.000000, -6.000000) with path [(4, -6, 2), (4, -5, 1), (4, -4, 0), (4, -3, -1), (4, -2, -2), (4, -1, -3), (4, 0, -4), (5, 0, -5), (6, 0, -6), (7, -1, -6), (8, -2, -6), (9, -3, -6), (10, -4, -6), (11, -5, -6), (12, -6, -6)][/color]
[Peer: 440931918] [Turn 9] Mines check complete. Hit ships size: 0
[Peer: 440931918] [Turn 9] [color=cyan]  Checking ship Maelstrom (Side 2) at (21.000000, -34.000000, 13.000000) with path [(25, -32, 7), (24, -32, 8), (23, -32, 9), (22, -32, 10), (21, -32, 11), (21, -33, 12), (21, -34, 13)][/color]
[Peer: 440931918] [Turn 9] [color=cyan]  Checking ship Carrion (Side 2) at (30.000000, -35.000000, 5.000000) with path [(26, -32, 6), (27, -33, 6), (28, -34, 6), (29, -35, 6), (30, -35, 5)][/color]
[Peer: 440931918] [Turn 9] [color=cyan]  Checking ship Deathstroke (Side 2) at (12.000000, -6.000000, -6.000000) with path [(4, -6, 2), (4, -5, 1), (4, -4, 0), (4, -3, -1), (4, -2, -2), (4, -1, -3), (4, 0, -4), (5, 0, -5), (6, 0, -6), (7, -1, -6), (8, -2, -6), (9, -3, -6), (10, -4, -6), (11, -5, -6), (12, -6, -6)][/color]
[Peer: 440931918] [Turn 9] Mines check complete. Hit ships size: 0
[Peer: 440931918] [Turn 9] [color=cyan]  Checking ship Maelstrom (Side 2) at (21.000000, -34.000000, 13.000000) with path [(25, -32, 7), (24, -32, 8), (23, -32, 9), (22, -32, 10), (21, -32, 11), (21, -33, 12), (21, -34, 13)][/color]
[Peer: 440931918] [Turn 9] [color=cyan]  Checking ship Carrion (Side 2) at (30.000000, -35.000000, 5.000000) with path [(26, -32, 6), (27, -33, 6), (28, -34, 6), (29, -35, 6), (30, -35, 5)][/color]
[Peer: 440931918] [Turn 9] [color=cyan]  Checking ship Deathstroke (Side 2) at (12.000000, -6.000000, -6.000000) with path [(4, -6, 2), (4, -5, 1), (4, -4, 0), (4, -3, -1), (4, -2, -2), (4, -1, -3), (4, 0, -4), (5, 0, -5), (6, 0, -6), (7, -1, -6), (8, -2, -6), (9, -3, -6), (10, -4, -6), (11, -5, -6), (12, -6, -6)][/color]
[Peer: 440931918] [Turn 9] Mines check complete. Hit ships size: 0
[Peer: 440931918] [Turn 9] [color=cyan]  Checking ship Maelstrom (Side 2) at (21.000000, -34.000000, 13.000000) with path [(25, -32, 7), (24, -32, 8), (23, -32, 9), (22, -32, 10), (21, -32, 11), (21, -33, 12), (21, -34, 13)][/color]
[Peer: 440931918] [Turn 9] [color=cyan]  Checking ship Carrion (Side 2) at (30.000000, -35.000000, 5.000000) with path [(26, -32, 6), (27, -33, 6), (28, -34, 6), (29, -35, 6), (30, -35, 5)][/color]
[Peer: 440931918] [Turn 9] [color=cyan]  Checking ship Deathstroke (Side 2) at (12.000000, -6.000000, -6.000000) with path [(4, -6, 2), (4, -5, 1), (4, -4, 0), (4, -3, -1), (4, -2, -2), (4, -1, -3), (4, 0, -4), (5, 0, -5), (6, 0, -6), (7, -1, -6), (8, -2, -6), (9, -3, -6), (10, -4, -6), (11, -5, -6), (12, -6, -6)][/color]
[Peer: 440931918] [Turn 9] Mines check complete. Hit ships size: 0
[Peer: 440931918] [Turn 9] [color=cyan]  Checking ship Maelstrom (Side 2) at (21.000000, -34.000000, 13.000000) with path [(25, -32, 7), (24, -32, 8), (23, -32, 9), (22, -32, 10), (21, -32, 11), (21, -33, 12), (21, -34, 13)][/color]
[Peer: 440931918] [Turn 9] [color=cyan]  Checking ship Carrion (Side 2) at (30.000000, -35.000000, 5.000000) with path [(26, -32, 6), (27, -33, 6), (28, -34, 6), (29, -35, 6), (30, -35, 5)][/color]
[Peer: 440931918] [Turn 9] [color=cyan]  Checking ship Deathstroke (Side 2) at (12.000000, -6.000000, -6.000000) with path [(4, -6, 2), (4, -5, 1), (4, -4, 0), (4, -3, -1), (4, -2, -2), (4, -1, -3), (4, 0, -4), (5, 0, -5), (6, 0, -6), (7, -1, -6), (8, -2, -6), (9, -3, -6), (10, -4, -6), (11, -5, -6), (12, -6, -6)][/color]
[Peer: 440931918] [Turn 9] Mines check complete. Hit ships size: 0
[Peer: 440931918] [Turn 9] [color=cyan]  Checking ship Maelstrom (Side 2) at (21.000000, -34.000000, 13.000000) with path [(25, -32, 7), (24, -32, 8), (23, -32, 9), (22, -32, 10), (21, -32, 11), (21, -33, 12), (21, -34, 13)][/color]
[Peer: 440931918] [Turn 9] [color=cyan]  Checking ship Carrion (Side 2) at (30.000000, -35.000000, 5.000000) with path [(26, -32, 6), (27, -33, 6), (28, -34, 6), (29, -35, 6), (30, -35, 5)][/color]
[Peer: 440931918] [Turn 9] [color=cyan]  Checking ship Deathstroke (Side 2) at (12.000000, -6.000000, -6.000000) with path [(4, -6, 2), (4, -5, 1), (4, -4, 0), (4, -3, -1), (4, -2, -2), (4, -1, -3), (4, 0, -4), (5, 0, -5), (6, 0, -6), (7, -1, -6), (8, -2, -6), (9, -3, -6), (10, -4, -6), (11, -5, -6), (12, -6, -6)][/color]
[Peer: 440931918] [Turn 9] Mines check complete. Hit ships size: 0
[Peer: 440931918] [Turn 9] [color=cyan]  Checking ship Maelstrom (Side 2) at (21.000000, -34.000000, 13.000000) with path [(25, -32, 7), (24, -32, 8), (23, -32, 9), (22, -32, 10), (21, -32, 11), (21, -33, 12), (21, -34, 13)][/color]
[Peer: 440931918] [Turn 9] [color=cyan]  Checking ship Carrion (Side 2) at (30.000000, -35.000000, 5.000000) with path [(26, -32, 6), (27, -33, 6), (28, -34, 6), (29, -35, 6), (30, -35, 5)][/color]
[Peer: 440931918] [Turn 9] [color=cyan]  Checking ship Deathstroke (Side 2) at (12.000000, -6.000000, -6.000000) with path [(4, -6, 2), (4, -5, 1), (4, -4, 0), (4, -3, -1), (4, -2, -2), (4, -1, -3), (4, 0, -4), (5, 0, -5), (6, 0, -6), (7, -1, -6), (8, -2, -6), (9, -3, -6), (10, -4, -6), (11, -5, -6), (12, -6, -6)][/color]
[Peer: 440931918] [Turn 9] Mines check complete. Hit ships size: 0
[Peer: 440931918] [Turn 9] [color=cyan]  Checking ship Maelstrom (Side 2) at (21.000000, -34.000000, 13.000000) with path [(25, -32, 7), (24, -32, 8), (23, -32, 9), (22, -32, 10), (21, -32, 11), (21, -33, 12), (21, -34, 13)][/color]
[Peer: 440931918] [Turn 9] [color=cyan]  Checking ship Carrion (Side 2) at (30.000000, -35.000000, 5.000000) with path [(26, -32, 6), (27, -33, 6), (28, -34, 6), (29, -35, 6), (30, -35, 5)][/color]
[Peer: 440931918] [Turn 9] [color=cyan]  Checking ship Deathstroke (Side 2) at (12.000000, -6.000000, -6.000000) with path [(4, -6, 2), (4, -5, 1), (4, -4, 0), (4, -3, -1), (4, -2, -2), (4, -1, -3), (4, 0, -4), (5, 0, -5), (6, 0, -6), (7, -1, -6), (8, -2, -6), (9, -3, -6), (10, -4, -6), (11, -5, -6), (12, -6, -6)][/color]
[Peer: 440931918] [Turn 9] Mines check complete. Hit ships size: 0
[Peer: 440931918] [Turn 9] [color=cyan]  Checking ship Maelstrom (Side 2) at (21.000000, -34.000000, 13.000000) with path [(25, -32, 7), (24, -32, 8), (23, -32, 9), (22, -32, 10), (21, -32, 11), (21, -33, 12), (21, -34, 13)][/color]
[Peer: 440931918] [Turn 9] [color=cyan]  Checking ship Carrion (Side 2) at (30.000000, -35.000000, 5.000000) with path [(26, -32, 6), (27, -33, 6), (28, -34, 6), (29, -35, 6), (30, -35, 5)][/color]
[Peer: 440931918] [Turn 9] [color=cyan]  Checking ship Deathstroke (Side 2) at (12.000000, -6.000000, -6.000000) with path [(4, -6, 2), (4, -5, 1), (4, -4, 0), (4, -3, -1), (4, -2, -2), (4, -1, -3), (4, 0, -4), (5, 0, -5), (6, 0, -6), (7, -1, -6), (8, -2, -6), (9, -3, -6), (10, -4, -6), (11, -5, -6), (12, -6, -6)][/color]
[Peer: 440931918] [Turn 9] Mines check complete. Hit ships size: 0
[Peer: 440931918] [Turn 9] [color=cyan]  Checking ship Maelstrom (Side 2) at (21.000000, -34.000000, 13.000000) with path [(25, -32, 7), (24, -32, 8), (23, -32, 9), (22, -32, 10), (21, -32, 11), (21, -33, 12), (21, -34, 13)][/color]
[Peer: 440931918] [Turn 9] [color=cyan]  Checking ship Carrion (Side 2) at (30.000000, -35.000000, 5.000000) with path [(26, -32, 6), (27, -33, 6), (28, -34, 6), (29, -35, 6), (30, -35, 5)][/color]
[Peer: 440931918] [Turn 9] [color=cyan]  Checking ship Deathstroke (Side 2) at (12.000000, -6.000000, -6.000000) with path [(4, -6, 2), (4, -5, 1), (4, -4, 0), (4, -3, -1), (4, -2, -2), (4, -1, -3), (4, 0, -4), (5, 0, -5), (6, 0, -6), (7, -1, -6), (8, -2, -6), (9, -3, -6), (10, -4, -6), (11, -5, -6), (12, -6, -6)][/color]
[Peer: 440931918] [Turn 9] Mines check complete. Hit ships size: 0
[Peer: 440931918] [Turn 9] [color=cyan]!!! DEBUG !!! Entering Seeker Movement. Active Seekers: 4[/color]
[Peer: 440931918] [Turn 9] Movement Phase Complete for Side 1. Starting Combat.
[DEBUG] start_combat_passive: Side 2 firing (Opponent of Moving Side 1)
[Peer: 440931918] [Turn 9] Combat Planning: Side 2
[DEBUG] TARGET CHECK P2. Ships: 3
[DEBUG] Weapon Torpedoes N/A for Carrion (Phase 3, Fired false)
[DEBUG] VALID: Deathstroke found target with Disruptor Canon
